kind	checked	failing	source_path	source_sha256	corroborating_path	corroborating_sha256	status
background	176386506	0	docs/plans/04-c-core-orchestration/triage/name_anchor/witnesses/successor_k1_compare.json	d4d5038d9d66d420e6e9788100a894006051ee28fe785ed069281b761d1d5d4b	output/scratch-32/k1_dump_report.json	ade63d88ec6b0cefb659e2ecff3db38cbb99e8e327666e0770b75529d19480dc	empty
background_boundary	64111046	0	docs/plans/04-c-core-orchestration/triage/name_anchor/witnesses/successor_k1_compare.json	d4d5038d9d66d420e6e9788100a894006051ee28fe785ed069281b761d1d5d4b	output/scratch-32/k1_dump_report.json	ade63d88ec6b0cefb659e2ecff3db38cbb99e8e327666e0770b75529d19480dc	empty
completeness	1800514	0	docs/plans/04-c-core-orchestration/triage/name_anchor/witnesses/successor_k1_compare.json	d4d5038d9d66d420e6e9788100a894006051ee28fe785ed069281b761d1d5d4b	output/scratch-32/k1_dump_report.json	ade63d88ec6b0cefb659e2ecff3db38cbb99e8e327666e0770b75529d19480dc	empty
interior_cover	1590566	0	docs/plans/04-c-core-orchestration/triage/name_anchor/witnesses/successor_k1_compare.json	d4d5038d9d66d420e6e9788100a894006051ee28fe785ed069281b761d1d5d4b	output/scratch-32/k1_dump_report.json	ade63d88ec6b0cefb659e2ecff3db38cbb99e8e327666e0770b75529d19480dc	empty
name_anchor	2317055	0	docs/plans/04-c-core-orchestration/triage/name_anchor/witnesses/successor_k1_compare.json	d4d5038d9d66d420e6e9788100a894006051ee28fe785ed069281b761d1d5d4b	output/scratch-32/k1_dump_report.json	ade63d88ec6b0cefb659e2ecff3db38cbb99e8e327666e0770b75529d19480dc	empty
range	285809587	0	docs/plans/04-c-core-orchestration/triage/name_anchor/witnesses/successor_k1_compare.json	d4d5038d9d66d420e6e9788100a894006051ee28fe785ed069281b761d1d5d4b	output/scratch-32/k1_dump_report.json	ade63d88ec6b0cefb659e2ecff3db38cbb99e8e327666e0770b75529d19480dc	empty
road_node	42994980	0	docs/plans/04-c-core-orchestration/triage/name_anchor/witnesses/successor_k1_compare.json	d4d5038d9d66d420e6e9788100a894006051ee28fe785ed069281b761d1d5d4b	output/scratch-32/k1_dump_report.json	ade63d88ec6b0cefb659e2ecff3db38cbb99e8e327666e0770b75529d19480dc	empty
road_point	0	0	docs/plans/04-c-core-orchestration/triage/name_anchor/witnesses/successor_k1_compare.json	d4d5038d9d66d420e6e9788100a894006051ee28fe785ed069281b761d1d5d4b	output/scratch-32/k1_dump_report.json	ade63d88ec6b0cefb659e2ecff3db38cbb99e8e327666e0770b75529d19480dc	empty
step	227935489	0	docs/plans/04-c-core-orchestration/triage/name_anchor/witnesses/successor_k1_compare.json	d4d5038d9d66d420e6e9788100a894006051ee28fe785ed069281b761d1d5d4b	output/scratch-32/k1_dump_report.json	ade63d88ec6b0cefb659e2ecff3db38cbb99e8e327666e0770b75529d19480dc	empty
