level	ix	iy	code	p0	p1	p2	p3	p4	p5	p6	shape	vert	dump_row	in_historic_188	in_added_89	R_polygon_count	G_polygon_count	r_slot_status	r_meet_branches	r_meeting_polygons	r_proof_path	g_cell_type_count	spool_source_branch	spool_source_cell	spool_source_ncoord	spool_source_bbox_raw	clipped_ring_q	clipped_ring_area2	encoder_emits	mechanism	membership
0	851	637	288	0	0	0	0	0	0	0	-1	-1	2	0	0	1	0	resolved	c	1	output/scratch-14/cell_local/proofs/2.json	0	b	[0, 851, 617]	4	[3486515.2, 3486515.2, 2278362.199, 2614886.4]	3	0	False	encoder_drops_clipped_source_sliver	2-01-member
0	867	638	288	0	0	0	0	0	0	0	-1	-1	3	0	0	1	0	resolved	c	1	output/scratch-14/cell_local/proofs/3.json	0	b	[0, 867, 617]	4	[3552051.2, 3552051.2, 2266525.473, 2614886.4]	2	0	False	encoder_drops_clipped_source_sliver	2-01-member
0	869	638	288	0	0	0	0	0	0	0	-1	-1	4	0	0	1	0	resolved	c	1	output/scratch-14/cell_local/proofs/4.json	0	b	[0, 923, 638]	96	[3552051.2, 4015172.262, 2614886.4, 2614886.4]	3	0	False	encoder_drops_clipped_source_sliver	2-01-member
0	870	638	288	0	0	0	0	0	0	0	-1	-1	5	0	0	1	0	resolved	c	1	output/scratch-14/cell_local/proofs/5.json	0	b	[0, 923, 638]	96	[3552051.2, 4015172.262, 2614886.4, 2614886.4]	3	0	False	encoder_drops_clipped_source_sliver	2-01-member
0	871	638	288	0	0	0	0	0	0	0	-1	-1	6	0	0	1	0	resolved	c	1	output/scratch-14/cell_local/proofs/6.json	0	b	[0, 923, 638]	96	[3552051.2, 4015172.262, 2614886.4, 2614886.4]	3	0	False	encoder_drops_clipped_source_sliver	2-01-member
0	872	638	288	0	0	0	0	0	0	0	-1	-1	7	0	0	1	0	resolved	c	1	output/scratch-14/cell_local/proofs/7.json	0	b	[0, 923, 638]	96	[3552051.2, 4015172.262, 2614886.4, 2614886.4]	3	0	False	encoder_drops_clipped_source_sliver	2-01-member
0	873	638	288	0	0	0	0	0	0	0	-1	-1	8	0	0	1	0	resolved	c	1	output/scratch-14/cell_local/proofs/8.json	0	b	[0, 923, 638]	96	[3552051.2, 4015172.262, 2614886.4, 2614886.4]	3	0	False	encoder_drops_clipped_source_sliver	2-01-member
0	875	638	288	0	0	0	0	0	0	0	-1	-1	9	0	0	1	0	resolved	c	1	output/scratch-14/cell_local/proofs/9.json	0	b	[0, 923, 638]	96	[3552051.2, 4015172.262, 2614886.4, 2614886.4]	3	0	False	encoder_drops_clipped_source_sliver	2-01-member
0	876	638	288	0	0	0	0	0	0	0	-1	-1	10	0	0	1	0	resolved	c	1	output/scratch-14/cell_local/proofs/10.json	0	b	[0, 923, 638]	96	[3552051.2, 4015172.262, 2614886.4, 2614886.4]	3	0	False	encoder_drops_clipped_source_sliver	2-01-member
0	877	638	288	0	0	0	0	0	0	0	-1	-1	11	0	0	1	0	resolved	c	1	output/scratch-14/cell_local/proofs/11.json	0	b	[0, 923, 638]	96	[3552051.2, 4015172.262, 2614886.4, 2614886.4]	3	0	False	encoder_drops_clipped_source_sliver	2-01-member
0	878	638	288	0	0	0	0	0	0	0	-1	-1	12	0	0	1	0	resolved	c	1	output/scratch-14/cell_local/proofs/12.json	0	b	[0, 923, 638]	96	[3552051.2, 4015172.262, 2614886.4, 2614886.4]	3	0	False	encoder_drops_clipped_source_sliver	2-01-member
0	880	638	288	0	0	0	0	0	0	0	-1	-1	13	0	0	1	0	resolved	c	1	output/scratch-14/cell_local/proofs/13.json	0	b	[0, 923, 638]	96	[3552051.2, 4015172.262, 2614886.4, 2614886.4]	3	0	False	encoder_drops_clipped_source_sliver	2-01-member
0	881	638	288	0	0	0	0	0	0	0	-1	-1	14	0	0	1	0	resolved	c	1	output/scratch-14/cell_local/proofs/14.json	0	b	[0, 923, 638]	96	[3552051.2, 4015172.262, 2614886.4, 2614886.4]	3	0	False	encoder_drops_clipped_source_sliver	2-01-member
0	882	638	288	0	0	0	0	0	0	0	-1	-1	15	0	0	1	0	resolved	c	1	output/scratch-14/cell_local/proofs/15.json	0	b	[0, 923, 638]	96	[3552051.2, 4015172.262, 2614886.4, 2614886.4]	3	0	False	encoder_drops_clipped_source_sliver	2-01-member
0	883	638	288	0	0	0	0	0	0	0	-1	-1	16	0	0	1	0	resolved	c	1	output/scratch-14/cell_local/proofs/16.json	0	b	[0, 923, 638]	96	[3552051.2, 4015172.262, 2614886.4, 2614886.4]	3	0	False	encoder_drops_clipped_source_sliver	2-01-member
0	885	638	288	0	0	0	0	0	0	0	-1	-1	17	0	0	1	0	resolved	c	1	output/scratch-14/cell_local/proofs/17.json	0	b	[0, 923, 638]	96	[3552051.2, 4015172.262, 2614886.4, 2614886.4]	3	0	False	encoder_drops_clipped_source_sliver	2-01-member
0	886	638	288	0	0	0	0	0	0	0	-1	-1	18	0	0	1	0	resolved	c	1	output/scratch-14/cell_local/proofs/18.json	0	b	[0, 923, 638]	96	[3552051.2, 4015172.262, 2614886.4, 2614886.4]	3	0	False	encoder_drops_clipped_source_sliver	2-01-member
0	887	638	288	0	0	0	0	0	0	0	-1	-1	19	0	0	1	0	resolved	c	1	output/scratch-14/cell_local/proofs/19.json	0	b	[0, 923, 638]	96	[3552051.2, 4015172.262, 2614886.4, 2614886.4]	3	0	False	encoder_drops_clipped_source_sliver	2-01-member
0	888	638	288	0	0	0	0	0	0	0	-1	-1	20	0	0	1	0	resolved	c	1	output/scratch-14/cell_local/proofs/20.json	0	b	[0, 923, 638]	96	[3552051.2, 4015172.262, 2614886.4, 2614886.4]	3	0	False	encoder_drops_clipped_source_sliver	2-01-member
0	890	638	288	0	0	0	0	0	0	0	-1	-1	21	0	0	1	0	resolved	c	1	output/scratch-14/cell_local/proofs/21.json	0	b	[0, 923, 638]	96	[3552051.2, 4015172.262, 2614886.4, 2614886.4]	4	0	False	encoder_drops_clipped_source_sliver	2-01-member
0	892	638	288	0	0	0	0	0	0	0	-1	-1	22	0	0	1	0	resolved	c	1	output/scratch-14/cell_local/proofs/22.json	0	b	[0, 923, 638]	96	[3552051.2, 4015172.262, 2614886.4, 2614886.4]	3	0	False	encoder_drops_clipped_source_sliver	2-01-member
0	893	638	288	0	0	0	0	0	0	0	-1	-1	23	0	0	1	0	resolved	c	1	output/scratch-14/cell_local/proofs/23.json	0	b	[0, 923, 638]	96	[3552051.2, 4015172.262, 2614886.4, 2614886.4]	3	0	False	encoder_drops_clipped_source_sliver	2-01-member
0	894	638	288	0	0	0	0	0	0	0	-1	-1	24	0	0	1	0	resolved	c	1	output/scratch-14/cell_local/proofs/24.json	0	b	[0, 923, 638]	96	[3552051.2, 4015172.262, 2614886.4, 2614886.4]	3	0	False	encoder_drops_clipped_source_sliver	2-01-member
0	895	638	288	0	0	0	0	0	0	0	-1	-1	25	0	0	1	0	resolved	c	1	output/scratch-14/cell_local/proofs/25.json	0	b	[0, 923, 638]	96	[3552051.2, 4015172.262, 2614886.4, 2614886.4]	3	0	False	encoder_drops_clipped_source_sliver	2-01-member
0	897	638	288	0	0	0	0	0	0	0	-1	-1	26	0	0	1	0	resolved	c	1	output/scratch-14/cell_local/proofs/26.json	0	b	[0, 923, 638]	96	[3552051.2, 4015172.262, 2614886.4, 2614886.4]	4	0	False	encoder_drops_clipped_source_sliver	2-01-member
0	899	638	288	0	0	0	0	0	0	0	-1	-1	27	0	0	1	0	resolved	c	1	output/scratch-14/cell_local/proofs/27.json	0	b	[0, 923, 638]	96	[3552051.2, 4015172.262, 2614886.4, 2614886.4]	3	0	False	encoder_drops_clipped_source_sliver	2-01-member
0	900	638	288	0	0	0	0	0	0	0	-1	-1	28	0	0	1	0	resolved	c	1	output/scratch-14/cell_local/proofs/28.json	0	b	[0, 923, 638]	96	[3552051.2, 4015172.262, 2614886.4, 2614886.4]	3	0	False	encoder_drops_clipped_source_sliver	2-01-member
0	901	638	288	0	0	0	0	0	0	0	-1	-1	29	0	0	1	0	resolved	c	1	output/scratch-14/cell_local/proofs/29.json	0	b	[0, 923, 638]	96	[3552051.2, 4015172.262, 2614886.4, 2614886.4]	3	0	False	encoder_drops_clipped_source_sliver	2-01-member
0	902	638	288	0	0	0	0	0	0	0	-1	-1	30	0	0	1	0	resolved	c	1	output/scratch-14/cell_local/proofs/30.json	0	b	[0, 923, 638]	96	[3552051.2, 4015172.262, 2614886.4, 2614886.4]	3	0	False	encoder_drops_clipped_source_sliver	2-01-member
0	904	638	288	0	0	0	0	0	0	0	-1	-1	31	0	0	1	0	resolved	c	1	output/scratch-14/cell_local/proofs/31.json	0	b	[0, 923, 638]	96	[3552051.2, 4015172.262, 2614886.4, 2614886.4]	3	0	False	encoder_drops_clipped_source_sliver	2-01-member
0	905	638	288	0	0	0	0	0	0	0	-1	-1	32	0	0	1	0	resolved	c	1	output/scratch-14/cell_local/proofs/32.json	0	b	[0, 923, 638]	96	[3552051.2, 4015172.262, 2614886.4, 2614886.4]	3	0	False	encoder_drops_clipped_source_sliver	2-01-member
0	906	638	288	0	0	0	0	0	0	0	-1	-1	33	0	0	1	0	resolved	c	1	output/scratch-14/cell_local/proofs/33.json	0	b	[0, 923, 638]	96	[3552051.2, 4015172.262, 2614886.4, 2614886.4]	3	0	False	encoder_drops_clipped_source_sliver	2-01-member
0	907	638	288	0	0	0	0	0	0	0	-1	-1	34	0	0	1	0	resolved	c	1	output/scratch-14/cell_local/proofs/34.json	0	b	[0, 923, 638]	96	[3552051.2, 4015172.262, 2614886.4, 2614886.4]	3	0	False	encoder_drops_clipped_source_sliver	2-01-member
0	908	638	288	0	0	0	0	0	0	0	-1	-1	35	0	0	1	0	resolved	c	1	output/scratch-14/cell_local/proofs/35.json	0	b	[0, 923, 638]	96	[3552051.2, 4015172.262, 2614886.4, 2614886.4]	3	0	False	encoder_drops_clipped_source_sliver	2-01-member
0	910	638	288	0	0	0	0	0	0	0	-1	-1	36	0	0	1	0	resolved	c	1	output/scratch-14/cell_local/proofs/36.json	0	b	[0, 923, 638]	96	[3552051.2, 4015172.262, 2614886.4, 2614886.4]	3	0	False	encoder_drops_clipped_source_sliver	2-01-member
0	911	638	288	0	0	0	0	0	0	0	-1	-1	37	0	0	1	0	resolved	c	1	output/scratch-14/cell_local/proofs/37.json	0	b	[0, 923, 638]	96	[3552051.2, 4015172.262, 2614886.4, 2614886.4]	3	0	False	encoder_drops_clipped_source_sliver	2-01-member
0	912	638	288	0	0	0	0	0	0	0	-1	-1	38	0	0	1	0	resolved	c	1	output/scratch-14/cell_local/proofs/38.json	0	b	[0, 923, 638]	96	[3552051.2, 4015172.262, 2614886.4, 2614886.4]	3	0	False	encoder_drops_clipped_source_sliver	2-01-member
0	913	638	288	0	0	0	0	0	0	0	-1	-1	39	0	0	1	0	resolved	c	1	output/scratch-14/cell_local/proofs/39.json	0	b	[0, 923, 638]	96	[3552051.2, 4015172.262, 2614886.4, 2614886.4]	3	0	False	encoder_drops_clipped_source_sliver	2-01-member
0	915	638	288	0	0	0	0	0	0	0	-1	-1	40	0	0	1	0	resolved	c	1	output/scratch-14/cell_local/proofs/40.json	0	b	[0, 923, 638]	96	[3552051.2, 4015172.262, 2614886.4, 2614886.4]	3	0	False	encoder_drops_clipped_source_sliver	2-01-member
0	916	638	288	0	0	0	0	0	0	0	-1	-1	41	0	0	1	0	resolved	c	1	output/scratch-14/cell_local/proofs/41.json	0	b	[0, 923, 638]	96	[3552051.2, 4015172.262, 2614886.4, 2614886.4]	3	0	False	encoder_drops_clipped_source_sliver	2-01-member
0	918	638	288	0	0	0	0	0	0	0	-1	-1	42	0	0	1	0	resolved	c	1	output/scratch-14/cell_local/proofs/42.json	0	b	[0, 923, 638]	96	[3552051.2, 4015172.262, 2614886.4, 2614886.4]	3	0	False	encoder_drops_clipped_source_sliver	2-01-member
0	919	638	288	0	0	0	0	0	0	0	-1	-1	43	0	0	1	0	resolved	c	1	output/scratch-14/cell_local/proofs/43.json	0	b	[0, 923, 638]	96	[3552051.2, 4015172.262, 2614886.4, 2614886.4]	3	0	False	encoder_drops_clipped_source_sliver	2-01-member
0	920	638	288	0	0	0	0	0	0	0	-1	-1	44	0	0	1	0	resolved	c	1	output/scratch-14/cell_local/proofs/44.json	0	b	[0, 923, 638]	96	[3552051.2, 4015172.262, 2614886.4, 2614886.4]	3	0	False	encoder_drops_clipped_source_sliver	2-01-member
0	921	638	288	0	0	0	0	0	0	0	-1	-1	45	0	0	1	0	resolved	c	1	output/scratch-14/cell_local/proofs/45.json	0	b	[0, 923, 638]	96	[3552051.2, 4015172.262, 2614886.4, 2614886.4]	3	0	False	encoder_drops_clipped_source_sliver	2-01-member
0	922	638	288	0	0	0	0	0	0	0	-1	-1	46	0	0	1	0	resolved	c	1	output/scratch-14/cell_local/proofs/46.json	0	b	[0, 923, 638]	96	[3552051.2, 4015172.262, 2614886.4, 2614886.4]	3	0	False	encoder_drops_clipped_source_sliver	2-01-member
0	923	638	288	0	0	0	0	0	0	0	-1	-1	47	0	0	1	0	resolved	c	1	output/scratch-14/cell_local/proofs/47.json	0	b	[0, 923, 638]	96	[3552051.2, 4015172.262, 2614886.4, 2614886.4]	3	0	False	encoder_drops_clipped_source_sliver	2-01-member
0	925	638	288	0	0	0	0	0	0	0	-1	-1	48	0	0	1	0	resolved	c	1	output/scratch-14/cell_local/proofs/48.json	0	b	[0, 923, 638]	96	[3552051.2, 4015172.262, 2614886.4, 2614886.4]	4	0	False	encoder_drops_clipped_source_sliver	2-01-member
0	927	638	288	0	0	0	0	0	0	0	-1	-1	49	0	0	1	0	resolved	c	1	output/scratch-14/cell_local/proofs/49.json	0	b	[0, 923, 638]	96	[3552051.2, 4015172.262, 2614886.4, 2614886.4]	3	0	False	encoder_drops_clipped_source_sliver	2-01-member
0	928	638	288	0	0	0	0	0	0	0	-1	-1	50	0	0	1	0	resolved	c	1	output/scratch-14/cell_local/proofs/50.json	0	b	[0, 923, 638]	96	[3552051.2, 4015172.262, 2614886.4, 2614886.4]	3	0	False	encoder_drops_clipped_source_sliver	2-01-member
0	929	638	288	0	0	0	0	0	0	0	-1	-1	51	0	0	1	0	resolved	c	1	output/scratch-14/cell_local/proofs/51.json	0	b	[0, 923, 638]	96	[3552051.2, 4015172.262, 2614886.4, 2614886.4]	3	0	False	encoder_drops_clipped_source_sliver	2-01-member
0	930	638	288	0	0	0	0	0	0	0	-1	-1	52	0	0	1	0	resolved	c	1	output/scratch-14/cell_local/proofs/52.json	0	b	[0, 923, 638]	96	[3552051.2, 4015172.262, 2614886.4, 2614886.4]	3	0	False	encoder_drops_clipped_source_sliver	2-01-member
0	931	638	288	0	0	0	0	0	0	0	-1	-1	53	0	0	1	0	resolved	c	1	output/scratch-14/cell_local/proofs/53.json	0	b	[0, 923, 638]	96	[3552051.2, 4015172.262, 2614886.4, 2614886.4]	3	0	False	encoder_drops_clipped_source_sliver	2-01-member
0	933	638	288	0	0	0	0	0	0	0	-1	-1	54	0	0	1	0	resolved	c	1	output/scratch-14/cell_local/proofs/54.json	0	b	[0, 923, 638]	96	[3552051.2, 4015172.262, 2614886.4, 2614886.4]	3	0	False	encoder_drops_clipped_source_sliver	2-01-member
0	934	638	288	0	0	0	0	0	0	0	-1	-1	55	0	0	1	0	resolved	c	1	output/scratch-14/cell_local/proofs/55.json	0	b	[0, 923, 638]	96	[3552051.2, 4015172.262, 2614886.4, 2614886.4]	3	0	False	encoder_drops_clipped_source_sliver	2-01-member
0	935	638	288	0	0	0	0	0	0	0	-1	-1	56	0	0	1	0	resolved	c	1	output/scratch-14/cell_local/proofs/56.json	0	b	[0, 923, 638]	96	[3552051.2, 4015172.262, 2614886.4, 2614886.4]	3	0	False	encoder_drops_clipped_source_sliver	2-01-member
0	937	638	288	0	0	0	0	0	0	0	-1	-1	57	0	0	1	0	resolved	c	1	output/scratch-14/cell_local/proofs/57.json	0	b	[0, 923, 638]	96	[3552051.2, 4015172.262, 2614886.4, 2614886.4]	3	0	False	encoder_drops_clipped_source_sliver	2-01-member
0	938	638	288	0	0	0	0	0	0	0	-1	-1	58	0	0	1	0	resolved	c	1	output/scratch-14/cell_local/proofs/58.json	0	b	[0, 923, 638]	96	[3552051.2, 4015172.262, 2614886.4, 2614886.4]	3	0	False	encoder_drops_clipped_source_sliver	2-01-member
0	939	638	288	0	0	0	0	0	0	0	-1	-1	59	0	0	1	0	resolved	c	1	output/scratch-14/cell_local/proofs/59.json	0	b	[0, 923, 638]	96	[3552051.2, 4015172.262, 2614886.4, 2614886.4]	3	0	False	encoder_drops_clipped_source_sliver	2-01-member
0	940	638	288	0	0	0	0	0	0	0	-1	-1	60	0	0	1	0	resolved	c	1	output/scratch-14/cell_local/proofs/60.json	0	b	[0, 923, 638]	96	[3552051.2, 4015172.262, 2614886.4, 2614886.4]	3	0	False	encoder_drops_clipped_source_sliver	2-01-member
0	942	638	288	0	0	0	0	0	0	0	-1	-1	61	0	0	1	0	resolved	c	1	output/scratch-14/cell_local/proofs/61.json	0	b	[0, 923, 638]	96	[3552051.2, 4015172.262, 2614886.4, 2614886.4]	3	0	False	encoder_drops_clipped_source_sliver	2-01-member
0	943	638	288	0	0	0	0	0	0	0	-1	-1	62	0	0	1	0	resolved	c	1	output/scratch-14/cell_local/proofs/62.json	0	b	[0, 923, 638]	96	[3552051.2, 4015172.262, 2614886.4, 2614886.4]	3	0	False	encoder_drops_clipped_source_sliver	2-01-member
0	944	638	288	0	0	0	0	0	0	0	-1	-1	63	0	0	1	0	resolved	c	1	output/scratch-14/cell_local/proofs/63.json	0	b	[0, 923, 638]	96	[3552051.2, 4015172.262, 2614886.4, 2614886.4]	3	0	False	encoder_drops_clipped_source_sliver	2-01-member
0	945	638	288	0	0	0	0	0	0	0	-1	-1	64	0	0	1	0	resolved	c	1	output/scratch-14/cell_local/proofs/64.json	0	b	[0, 923, 638]	96	[3552051.2, 4015172.262, 2614886.4, 2614886.4]	3	0	False	encoder_drops_clipped_source_sliver	2-01-member
0	946	638	288	0	0	0	0	0	0	0	-1	-1	65	0	0	1	0	resolved	c	1	output/scratch-14/cell_local/proofs/65.json	0	b	[0, 923, 638]	96	[3552051.2, 4015172.262, 2614886.4, 2614886.4]	3	0	False	encoder_drops_clipped_source_sliver	2-01-member
0	948	638	288	0	0	0	0	0	0	0	-1	-1	66	0	0	1	0	resolved	c	1	output/scratch-14/cell_local/proofs/66.json	0	b	[0, 923, 638]	96	[3552051.2, 4015172.262, 2614886.4, 2614886.4]	3	0	False	encoder_drops_clipped_source_sliver	2-01-member
0	949	638	288	0	0	0	0	0	0	0	-1	-1	67	0	0	1	0	resolved	c	1	output/scratch-14/cell_local/proofs/67.json	0	b	[0, 923, 638]	96	[3552051.2, 4015172.262, 2614886.4, 2614886.4]	3	0	False	encoder_drops_clipped_source_sliver	2-01-member
0	950	638	288	0	0	0	0	0	0	0	-1	-1	68	0	0	1	0	resolved	c	1	output/scratch-14/cell_local/proofs/68.json	0	b	[0, 923, 638]	96	[3552051.2, 4015172.262, 2614886.4, 2614886.4]	3	0	False	encoder_drops_clipped_source_sliver	2-01-member
0	951	638	288	0	0	0	0	0	0	0	-1	-1	69	0	0	1	0	resolved	c	1	output/scratch-14/cell_local/proofs/69.json	0	b	[0, 923, 638]	96	[3552051.2, 4015172.262, 2614886.4, 2614886.4]	3	0	False	encoder_drops_clipped_source_sliver	2-01-member
0	953	638	288	0	0	0	0	0	0	0	-1	-1	70	0	0	1	0	resolved	c	1	output/scratch-14/cell_local/proofs/70.json	0	b	[0, 923, 638]	96	[3552051.2, 4015172.262, 2614886.4, 2614886.4]	3	0	False	encoder_drops_clipped_source_sliver	2-01-member
0	954	638	288	0	0	0	0	0	0	0	-1	-1	71	0	0	1	0	resolved	c	1	output/scratch-14/cell_local/proofs/71.json	0	b	[0, 923, 638]	96	[3552051.2, 4015172.262, 2614886.4, 2614886.4]	3	0	False	encoder_drops_clipped_source_sliver	2-01-member
0	955	638	288	0	0	0	0	0	0	0	-1	-1	72	0	0	1	0	resolved	c	1	output/scratch-14/cell_local/proofs/72.json	0	b	[0, 923, 638]	96	[3552051.2, 4015172.262, 2614886.4, 2614886.4]	3	0	False	encoder_drops_clipped_source_sliver	2-01-member
0	956	638	288	0	0	0	0	0	0	0	-1	-1	73	0	0	1	0	resolved	c	1	output/scratch-14/cell_local/proofs/73.json	0	b	[0, 923, 638]	96	[3552051.2, 4015172.262, 2614886.4, 2614886.4]	3	0	False	encoder_drops_clipped_source_sliver	2-01-member
0	957	638	288	0	0	0	0	0	0	0	-1	-1	74	0	0	1	0	resolved	c	1	output/scratch-14/cell_local/proofs/74.json	0	b	[0, 923, 638]	96	[3552051.2, 4015172.262, 2614886.4, 2614886.4]	3	0	False	encoder_drops_clipped_source_sliver	2-01-member
0	958	638	288	0	0	0	0	0	0	0	-1	-1	75	0	0	1	0	resolved	c	1	output/scratch-14/cell_local/proofs/75.json	0	b	[0, 923, 638]	96	[3552051.2, 4015172.262, 2614886.4, 2614886.4]	3	0	False	encoder_drops_clipped_source_sliver	2-01-member
0	960	638	288	0	0	0	0	0	0	0	-1	-1	76	0	0	1	0	resolved	c	1	output/scratch-14/cell_local/proofs/76.json	0	b	[0, 923, 638]	96	[3552051.2, 4015172.262, 2614886.4, 2614886.4]	4	0	False	encoder_drops_clipped_source_sliver	2-01-member
0	962	638	288	0	0	0	0	0	0	0	-1	-1	77	0	0	1	0	resolved	c	1	output/scratch-14/cell_local/proofs/77.json	0	b	[0, 923, 638]	96	[3552051.2, 4015172.262, 2614886.4, 2614886.4]	3	0	False	encoder_drops_clipped_source_sliver	2-01-member
0	963	638	288	0	0	0	0	0	0	0	-1	-1	78	0	0	1	0	resolved	c	1	output/scratch-14/cell_local/proofs/78.json	0	b	[0, 923, 638]	96	[3552051.2, 4015172.262, 2614886.4, 2614886.4]	3	0	False	encoder_drops_clipped_source_sliver	2-01-member
0	965	638	288	0	0	0	0	0	0	0	-1	-1	79	0	0	1	0	resolved	c	1	output/scratch-14/cell_local/proofs/79.json	0	b	[0, 923, 638]	96	[3552051.2, 4015172.262, 2614886.4, 2614886.4]	4	0	False	encoder_drops_clipped_source_sliver	2-01-member
0	967	638	288	0	0	0	0	0	0	0	-1	-1	80	0	0	1	0	resolved	c	1	output/scratch-14/cell_local/proofs/80.json	0	b	[0, 923, 638]	96	[3552051.2, 4015172.262, 2614886.4, 2614886.4]	3	0	False	encoder_drops_clipped_source_sliver	2-01-member
0	968	638	288	0	0	0	0	0	0	0	-1	-1	81	0	0	1	0	resolved	c	1	output/scratch-14/cell_local/proofs/81.json	0	b	[0, 923, 638]	96	[3552051.2, 4015172.262, 2614886.4, 2614886.4]	3	0	False	encoder_drops_clipped_source_sliver	2-01-member
0	969	638	288	0	0	0	0	0	0	0	-1	-1	82	0	0	1	0	resolved	c	1	output/scratch-14/cell_local/proofs/82.json	0	b	[0, 923, 638]	96	[3552051.2, 4015172.262, 2614886.4, 2614886.4]	3	0	False	encoder_drops_clipped_source_sliver	2-01-member
0	970	638	288	0	0	0	0	0	0	0	-1	-1	83	0	0	1	0	resolved	c	1	output/scratch-14/cell_local/proofs/83.json	0	b	[0, 923, 638]	96	[3552051.2, 4015172.262, 2614886.4, 2614886.4]	3	0	False	encoder_drops_clipped_source_sliver	2-01-member
0	971	638	288	0	0	0	0	0	0	0	-1	-1	84	0	0	1	0	resolved	c	1	output/scratch-14/cell_local/proofs/84.json	0	b	[0, 923, 638]	96	[3552051.2, 4015172.262, 2614886.4, 2614886.4]	3	0	False	encoder_drops_clipped_source_sliver	2-01-member
0	973	638	288	0	0	0	0	0	0	0	-1	-1	85	0	0	1	0	resolved	c	1	output/scratch-14/cell_local/proofs/85.json	0	b	[0, 923, 638]	96	[3552051.2, 4015172.262, 2614886.4, 2614886.4]	4	0	False	encoder_drops_clipped_source_sliver	2-01-member
0	975	638	288	0	0	0	0	0	0	0	-1	-1	86	0	0	1	0	resolved	c	1	output/scratch-14/cell_local/proofs/86.json	0	b	[0, 923, 638]	96	[3552051.2, 4015172.262, 2614886.4, 2614886.4]	3	0	False	encoder_drops_clipped_source_sliver	2-01-member
0	976	638	288	0	0	0	0	0	0	0	-1	-1	87	0	0	1	0	resolved	c	1	output/scratch-14/cell_local/proofs/87.json	0	b	[0, 923, 638]	96	[3552051.2, 4015172.262, 2614886.4, 2614886.4]	3	0	False	encoder_drops_clipped_source_sliver	2-01-member
0	978	638	288	0	0	0	0	0	0	0	-1	-1	88	0	0	1	0	resolved	c	1	output/scratch-14/cell_local/proofs/88.json	0	b	[0, 923, 638]	96	[3552051.2, 4015172.262, 2614886.4, 2614886.4]	4	0	False	encoder_drops_clipped_source_sliver	2-01-member
0	980	638	288	0	0	0	0	0	0	0	-1	-1	89	0	0	1	0	resolved	c	1	output/scratch-14/cell_local/proofs/89.json	0	b	[0, 923, 638]	96	[3552051.2, 4015172.262, 2614886.4, 2614886.4]	2	0	False	encoder_drops_clipped_source_sliver	2-01-member
0	982	638	288	0	0	0	0	0	0	0	-1	-1	90	0	0	1	0	resolved	c	1	output/scratch-14/cell_local/proofs/90.json	0	b	[0, 1003, 638]	35	[4015172.262, 4194304.0, 2614886.4, 2614886.4]	3	0	False	encoder_drops_clipped_source_sliver	2-01-member
0	983	638	288	0	0	0	0	0	0	0	-1	-1	91	0	0	1	0	resolved	c	1	output/scratch-14/cell_local/proofs/91.json	0	b	[0, 1003, 638]	35	[4015172.262, 4194304.0, 2614886.4, 2614886.4]	3	0	False	encoder_drops_clipped_source_sliver	2-01-member
0	985	638	288	0	0	0	0	0	0	0	-1	-1	92	0	0	1	0	resolved	c	1	output/scratch-14/cell_local/proofs/92.json	0	b	[0, 1003, 638]	35	[4015172.262, 4194304.0, 2614886.4, 2614886.4]	3	0	False	encoder_drops_clipped_source_sliver	2-01-member
0	986	638	288	0	0	0	0	0	0	0	-1	-1	93	0	0	1	0	resolved	c	1	output/scratch-14/cell_local/proofs/93.json	0	b	[0, 1003, 638]	35	[4015172.262, 4194304.0, 2614886.4, 2614886.4]	3	0	False	encoder_drops_clipped_source_sliver	2-01-member
0	988	638	288	0	0	0	0	0	0	0	-1	-1	94	0	0	1	0	resolved	c	1	output/scratch-14/cell_local/proofs/94.json	0	b	[0, 1003, 638]	35	[4015172.262, 4194304.0, 2614886.4, 2614886.4]	3	0	False	encoder_drops_clipped_source_sliver	2-01-member
0	989	638	288	0	0	0	0	0	0	0	-1	-1	95	0	0	1	0	resolved	c	1	output/scratch-14/cell_local/proofs/95.json	0	b	[0, 1003, 638]	35	[4015172.262, 4194304.0, 2614886.4, 2614886.4]	3	0	False	encoder_drops_clipped_source_sliver	2-01-member
0	991	638	288	0	0	0	0	0	0	0	-1	-1	96	0	0	1	0	resolved	c	1	output/scratch-14/cell_local/proofs/96.json	0	b	[0, 1003, 638]	35	[4015172.262, 4194304.0, 2614886.4, 2614886.4]	3	0	False	encoder_drops_clipped_source_sliver	2-01-member
0	992	638	288	0	0	0	0	0	0	0	-1	-1	97	0	0	1	0	resolved	c	1	output/scratch-14/cell_local/proofs/97.json	0	b	[0, 1003, 638]	35	[4015172.262, 4194304.0, 2614886.4, 2614886.4]	3	0	False	encoder_drops_clipped_source_sliver	2-01-member
0	993	638	288	0	0	0	0	0	0	0	-1	-1	98	0	0	1	0	resolved	c	1	output/scratch-14/cell_local/proofs/98.json	0	b	[0, 1003, 638]	35	[4015172.262, 4194304.0, 2614886.4, 2614886.4]	3	0	False	encoder_drops_clipped_source_sliver	2-01-member
0	995	638	288	0	0	0	0	0	0	0	-1	-1	99	0	0	1	0	resolved	c	1	output/scratch-14/cell_local/proofs/99.json	0	b	[0, 1003, 638]	35	[4015172.262, 4194304.0, 2614886.4, 2614886.4]	3	0	False	encoder_drops_clipped_source_sliver	2-01-member
0	996	638	288	0	0	0	0	0	0	0	-1	-1	100	0	0	1	0	resolved	c	1	output/scratch-14/cell_local/proofs/100.json	0	b	[0, 1003, 638]	35	[4015172.262, 4194304.0, 2614886.4, 2614886.4]	3	0	False	encoder_drops_clipped_source_sliver	2-01-member
0	997	638	288	0	0	0	0	0	0	0	-1	-1	101	0	0	1	0	resolved	c	1	output/scratch-14/cell_local/proofs/101.json	0	b	[0, 1003, 638]	35	[4015172.262, 4194304.0, 2614886.4, 2614886.4]	3	0	False	encoder_drops_clipped_source_sliver	2-01-member
0	998	638	288	0	0	0	0	0	0	0	-1	-1	102	0	0	1	0	resolved	c	1	output/scratch-14/cell_local/proofs/102.json	0	b	[0, 1003, 638]	35	[4015172.262, 4194304.0, 2614886.4, 2614886.4]	3	0	False	encoder_drops_clipped_source_sliver	2-01-member
0	1000	638	288	0	0	0	0	0	0	0	-1	-1	103	0	0	1	0	resolved	c	1	output/scratch-14/cell_local/proofs/103.json	0	b	[0, 1003, 638]	35	[4015172.262, 4194304.0, 2614886.4, 2614886.4]	3	0	False	encoder_drops_clipped_source_sliver	2-01-member
0	1001	638	288	0	0	0	0	0	0	0	-1	-1	104	0	0	1	0	resolved	c	1	output/scratch-14/cell_local/proofs/104.json	0	b	[0, 1003, 638]	35	[4015172.262, 4194304.0, 2614886.4, 2614886.4]	3	0	False	encoder_drops_clipped_source_sliver	2-01-member
0	1003	638	288	0	0	0	0	0	0	0	-1	-1	105	0	0	1	0	resolved	c	1	output/scratch-14/cell_local/proofs/105.json	0	b	[0, 1003, 638]	35	[4015172.262, 4194304.0, 2614886.4, 2614886.4]	3	0	False	encoder_drops_clipped_source_sliver	2-01-member
0	1004	638	288	0	0	0	0	0	0	0	-1	-1	106	0	0	1	0	resolved	c	1	output/scratch-14/cell_local/proofs/106.json	0	b	[0, 1003, 638]	35	[4015172.262, 4194304.0, 2614886.4, 2614886.4]	3	0	False	encoder_drops_clipped_source_sliver	2-01-member
0	1006	638	288	0	0	0	0	0	0	0	-1	-1	107	0	0	1	0	resolved	c	1	output/scratch-14/cell_local/proofs/107.json	0	b	[0, 1003, 638]	35	[4015172.262, 4194304.0, 2614886.4, 2614886.4]	3	0	False	encoder_drops_clipped_source_sliver	2-01-member
0	1007	638	288	0	0	0	0	0	0	0	-1	-1	108	0	0	1	0	resolved	c	1	output/scratch-14/cell_local/proofs/108.json	0	b	[0, 1003, 638]	35	[4015172.262, 4194304.0, 2614886.4, 2614886.4]	3	0	False	encoder_drops_clipped_source_sliver	2-01-member
0	1008	638	288	0	0	0	0	0	0	0	-1	-1	109	0	0	1	0	resolved	c	1	output/scratch-14/cell_local/proofs/109.json	0	b	[0, 1003, 638]	35	[4015172.262, 4194304.0, 2614886.4, 2614886.4]	3	0	False	encoder_drops_clipped_source_sliver	2-01-member
0	1009	638	288	0	0	0	0	0	0	0	-1	-1	110	0	0	1	0	resolved	c	1	output/scratch-14/cell_local/proofs/110.json	0	b	[0, 1003, 638]	35	[4015172.262, 4194304.0, 2614886.4, 2614886.4]	3	0	False	encoder_drops_clipped_source_sliver	2-01-member
0	1011	638	288	0	0	0	0	0	0	0	-1	-1	111	0	0	1	0	resolved	c	1	output/scratch-14/cell_local/proofs/111.json	0	b	[0, 1003, 638]	35	[4015172.262, 4194304.0, 2614886.4, 2614886.4]	3	0	False	encoder_drops_clipped_source_sliver	2-01-member
0	1012	638	288	0	0	0	0	0	0	0	-1	-1	112	0	0	1	0	resolved	c	1	output/scratch-14/cell_local/proofs/112.json	0	b	[0, 1003, 638]	35	[4015172.262, 4194304.0, 2614886.4, 2614886.4]	3	0	False	encoder_drops_clipped_source_sliver	2-01-member
0	1013	638	288	0	0	0	0	0	0	0	-1	-1	113	0	0	1	0	resolved	c	1	output/scratch-14/cell_local/proofs/113.json	0	b	[0, 1003, 638]	35	[4015172.262, 4194304.0, 2614886.4, 2614886.4]	3	0	False	encoder_drops_clipped_source_sliver	2-01-member
0	1015	638	288	0	0	0	0	0	0	0	-1	-1	114	0	0	1	0	resolved	c	1	output/scratch-14/cell_local/proofs/114.json	0	b	[0, 1003, 638]	35	[4015172.262, 4194304.0, 2614886.4, 2614886.4]	3	0	False	encoder_drops_clipped_source_sliver	2-01-member
0	1016	638	288	0	0	0	0	0	0	0	-1	-1	115	0	0	1	0	resolved	c	1	output/scratch-14/cell_local/proofs/115.json	0	b	[0, 1003, 638]	35	[4015172.262, 4194304.0, 2614886.4, 2614886.4]	3	0	False	encoder_drops_clipped_source_sliver	2-01-member
0	1018	638	288	0	0	0	0	0	0	0	-1	-1	116	0	0	1	0	resolved	c	1	output/scratch-14/cell_local/proofs/116.json	0	b	[0, 1003, 638]	35	[4015172.262, 4194304.0, 2614886.4, 2614886.4]	3	0	False	encoder_drops_clipped_source_sliver	2-01-member
0	1019	638	288	0	0	0	0	0	0	0	-1	-1	117	0	0	1	0	resolved	c	1	output/scratch-14/cell_local/proofs/117.json	0	b	[0, 1003, 638]	35	[4015172.262, 4194304.0, 2614886.4, 2614886.4]	3	0	False	encoder_drops_clipped_source_sliver	2-01-member
0	1021	638	288	0	0	0	0	0	0	0	-1	-1	118	0	0	1	0	resolved	c	1	output/scratch-14/cell_local/proofs/118.json	0	b	[0, 1003, 638]	35	[4015172.262, 4194304.0, 2614886.4, 2614886.4]	4	0	False	encoder_drops_clipped_source_sliver	2-01-member
0	851	639	288	0	0	0	0	0	0	0	-1	-1	119	0	0	1	0	resolved	c	1	output/scratch-14/cell_local/proofs/119.json	0	b	[0, 851, 652]	4	[3486515.2, 3486515.2, 2614886.4, 2849177.607]	3	0	False	encoder_drops_clipped_source_sliver	2-01-member
0	980	639	288	0	0	0	0	0	0	0	-1	-1	120	0	0	1	0	resolved	c	1	output/scratch-14/cell_local/proofs/120.json	0	b	[0, 980, 654]	4	[4015172.262, 4015172.262, 2614886.4, 2877030.393]	3	0	False	encoder_drops_clipped_source_sliver	2-01-member
0	855	695	288	0	0	0	0	0	0	0	-1	-1	128	0	0	1	0	resolved	c	1	output/scratch-14/cell_local/proofs/128.json	0	b	[0, 858, 695]	17	[3486515.2, 3552051.2, 2849177.607, 2849177.607]	3	0	False	encoder_drops_clipped_source_sliver	2-01-member
0	856	695	288	0	0	0	0	0	0	0	-1	-1	129	0	0	1	0	resolved	c	1	output/scratch-14/cell_local/proofs/129.json	0	b	[0, 858, 695]	17	[3486515.2, 3552051.2, 2849177.607, 2849177.607]	3	0	False	encoder_drops_clipped_source_sliver	2-01-member
0	857	695	288	0	0	0	0	0	0	0	-1	-1	130	0	0	1	0	resolved	c	1	output/scratch-14/cell_local/proofs/130.json	0	b	[0, 858, 695]	17	[3486515.2, 3552051.2, 2849177.607, 2849177.607]	3	0	False	encoder_drops_clipped_source_sliver	2-01-member
0	858	695	288	0	0	0	0	0	0	0	-1	-1	131	0	0	1	0	resolved	c	1	output/scratch-14/cell_local/proofs/131.json	0	b	[0, 858, 695]	17	[3486515.2, 3552051.2, 2849177.607, 2849177.607]	3	0	False	encoder_drops_clipped_source_sliver	2-01-member
0	859	695	288	0	0	0	0	0	0	0	-1	-1	132	0	0	1	0	resolved	c	1	output/scratch-14/cell_local/proofs/132.json	0	b	[0, 858, 695]	17	[3486515.2, 3552051.2, 2849177.607, 2849177.607]	3	0	False	encoder_drops_clipped_source_sliver	2-01-member
0	860	695	288	0	0	0	0	0	0	0	-1	-1	133	0	0	1	0	resolved	c	1	output/scratch-14/cell_local/proofs/133.json	0	b	[0, 858, 695]	17	[3486515.2, 3552051.2, 2849177.607, 2849177.607]	3	0	False	encoder_drops_clipped_source_sliver	2-01-member
0	862	695	288	0	0	0	0	0	0	0	-1	-1	134	0	0	1	0	resolved	c	1	output/scratch-14/cell_local/proofs/134.json	0	b	[0, 858, 695]	17	[3486515.2, 3552051.2, 2849177.607, 2849177.607]	3	0	False	encoder_drops_clipped_source_sliver	2-01-member
0	863	695	288	0	0	0	0	0	0	0	-1	-1	135	0	0	1	0	resolved	c	1	output/scratch-14/cell_local/proofs/135.json	0	b	[0, 858, 695]	17	[3486515.2, 3552051.2, 2849177.607, 2849177.607]	4	0	False	encoder_drops_clipped_source_sliver	2-01-member
0	865	695	288	0	0	0	0	0	0	0	-1	-1	136	0	0	1	0	resolved	c	1	output/scratch-14/cell_local/proofs/136.json	0	b	[0, 858, 695]	17	[3486515.2, 3552051.2, 2849177.607, 2849177.607]	4	0	False	encoder_drops_clipped_source_sliver	2-01-member
0	867	695	288	0	0	0	0	0	0	0	-1	-1	137	0	0	1	0	resolved	c	1	output/scratch-14/cell_local/proofs/137.json	0	b	[0, 867, 681]	4	[3552051.2, 3552051.2, 2614886.4, 2849177.607]	3	0	False	encoder_drops_clipped_source_sliver	2-01-member
0	694	710	288	0	0	0	0	0	0	0	-1	-1	140	0	0	1	0	resolved	c	1	output/scratch-14/cell_local/proofs/140.json	0	b	[0, 694, 673]	4	[2844262.4, 2844262.4, 2706641.722, 2909798.4]	2	0	False	encoder_drops_clipped_source_sliver	2-01-member
0	695	710	288	0	0	0	0	0	0	0	-1	-1	141	0	0	1	0	resolved	c	1	output/scratch-14/cell_local/proofs/141.json	0	b	[0, 715, 710]	35	[2844262.4, 3027763.2, 2909798.4, 2909798.4]	3	0	False	encoder_drops_clipped_source_sliver	2-01-member
0	696	710	288	0	0	0	0	0	0	0	-1	-1	142	0	0	1	0	resolved	c	1	output/scratch-14/cell_local/proofs/142.json	0	b	[0, 715, 710]	35	[2844262.4, 3027763.2, 2909798.4, 2909798.4]	3	0	False	encoder_drops_clipped_source_sliver	2-01-member
0	697	710	288	0	0	0	0	0	0	0	-1	-1	143	0	0	1	0	resolved	c	1	output/scratch-14/cell_local/proofs/143.json	0	b	[0, 715, 710]	35	[2844262.4, 3027763.2, 2909798.4, 2909798.4]	3	0	False	encoder_drops_clipped_source_sliver	2-01-member
0	699	710	288	0	0	0	0	0	0	0	-1	-1	144	0	0	1	0	resolved	c	1	output/scratch-14/cell_local/proofs/144.json	0	b	[0, 715, 710]	35	[2844262.4, 3027763.2, 2909798.4, 2909798.4]	3	0	False	encoder_drops_clipped_source_sliver	2-01-member
0	700	710	288	0	0	0	0	0	0	0	-1	-1	145	0	0	1	0	resolved	c	1	output/scratch-14/cell_local/proofs/145.json	0	b	[0, 715, 710]	35	[2844262.4, 3027763.2, 2909798.4, 2909798.4]	3	0	False	encoder_drops_clipped_source_sliver	2-01-member
0	702	710	288	0	0	0	0	0	0	0	-1	-1	146	0	0	1	0	resolved	c	1	output/scratch-14/cell_local/proofs/146.json	0	b	[0, 715, 710]	35	[2844262.4, 3027763.2, 2909798.4, 2909798.4]	3	0	False	encoder_drops_clipped_source_sliver	2-01-member
0	703	710	288	0	0	0	0	0	0	0	-1	-1	147	0	0	1	0	resolved	c	1	output/scratch-14/cell_local/proofs/147.json	0	b	[0, 715, 710]	35	[2844262.4, 3027763.2, 2909798.4, 2909798.4]	3	0	False	encoder_drops_clipped_source_sliver	2-01-member
0	705	710	288	0	0	0	0	0	0	0	-1	-1	148	0	0	1	0	resolved	c	1	output/scratch-14/cell_local/proofs/148.json	0	b	[0, 715, 710]	35	[2844262.4, 3027763.2, 2909798.4, 2909798.4]	3	0	False	encoder_drops_clipped_source_sliver	2-01-member
0	706	710	288	0	0	0	0	0	0	0	-1	-1	149	0	0	1	0	resolved	c	1	output/scratch-14/cell_local/proofs/149.json	0	b	[0, 715, 710]	35	[2844262.4, 3027763.2, 2909798.4, 2909798.4]	3	0	False	encoder_drops_clipped_source_sliver	2-01-member
0	707	710	288	0	0	0	0	0	0	0	-1	-1	150	0	0	1	0	resolved	c	1	output/scratch-14/cell_local/proofs/150.json	0	b	[0, 715, 710]	35	[2844262.4, 3027763.2, 2909798.4, 2909798.4]	3	0	False	encoder_drops_clipped_source_sliver	2-01-member
0	708	710	288	0	0	0	0	0	0	0	-1	-1	151	0	0	1	0	resolved	c	1	output/scratch-14/cell_local/proofs/151.json	0	b	[0, 715, 710]	35	[2844262.4, 3027763.2, 2909798.4, 2909798.4]	3	0	False	encoder_drops_clipped_source_sliver	2-01-member
0	710	710	288	0	0	0	0	0	0	0	-1	-1	152	0	0	1	0	resolved	c	1	output/scratch-14/cell_local/proofs/152.json	0	b	[0, 715, 710]	35	[2844262.4, 3027763.2, 2909798.4, 2909798.4]	3	0	False	encoder_drops_clipped_source_sliver	2-01-member
0	711	710	288	0	0	0	0	0	0	0	-1	-1	153	0	0	1	0	resolved	c	1	output/scratch-14/cell_local/proofs/153.json	0	b	[0, 715, 710]	35	[2844262.4, 3027763.2, 2909798.4, 2909798.4]	3	0	False	encoder_drops_clipped_source_sliver	2-01-member
0	712	710	288	0	0	0	0	0	0	0	-1	-1	154	0	0	1	0	resolved	c	1	output/scratch-14/cell_local/proofs/154.json	0	b	[0, 715, 710]	35	[2844262.4, 3027763.2, 2909798.4, 2909798.4]	3	0	False	encoder_drops_clipped_source_sliver	2-01-member
0	714	710	288	0	0	0	0	0	0	0	-1	-1	155	0	0	1	0	resolved	c	1	output/scratch-14/cell_local/proofs/155.json	0	b	[0, 715, 710]	35	[2844262.4, 3027763.2, 2909798.4, 2909798.4]	3	0	False	encoder_drops_clipped_source_sliver	2-01-member
0	715	710	288	0	0	0	0	0	0	0	-1	-1	156	0	0	1	0	resolved	c	1	output/scratch-14/cell_local/proofs/156.json	0	b	[0, 715, 710]	35	[2844262.4, 3027763.2, 2909798.4, 2909798.4]	3	0	False	encoder_drops_clipped_source_sliver	2-01-member
0	717	710	288	0	0	0	0	0	0	0	-1	-1	157	0	0	1	0	resolved	c	1	output/scratch-14/cell_local/proofs/157.json	0	b	[0, 715, 710]	35	[2844262.4, 3027763.2, 2909798.4, 2909798.4]	3	0	False	encoder_drops_clipped_source_sliver	2-01-member
0	718	710	288	0	0	0	0	0	0	0	-1	-1	158	0	0	1	0	resolved	c	1	output/scratch-14/cell_local/proofs/158.json	0	b	[0, 715, 710]	35	[2844262.4, 3027763.2, 2909798.4, 2909798.4]	3	0	False	encoder_drops_clipped_source_sliver	2-01-member
0	719	710	288	0	0	0	0	0	0	0	-1	-1	159	0	0	1	0	resolved	c	1	output/scratch-14/cell_local/proofs/159.json	0	b	[0, 715, 710]	35	[2844262.4, 3027763.2, 2909798.4, 2909798.4]	3	0	False	encoder_drops_clipped_source_sliver	2-01-member
0	721	710	288	0	0	0	0	0	0	0	-1	-1	160	0	0	1	0	resolved	c	1	output/scratch-14/cell_local/proofs/160.json	0	b	[0, 715, 710]	35	[2844262.4, 3027763.2, 2909798.4, 2909798.4]	3	0	False	encoder_drops_clipped_source_sliver	2-01-member
0	722	710	288	0	0	0	0	0	0	0	-1	-1	161	0	0	1	0	resolved	c	1	output/scratch-14/cell_local/proofs/161.json	0	b	[0, 715, 710]	35	[2844262.4, 3027763.2, 2909798.4, 2909798.4]	3	0	False	encoder_drops_clipped_source_sliver	2-01-member
0	723	710	288	0	0	0	0	0	0	0	-1	-1	162	0	0	1	0	resolved	c	1	output/scratch-14/cell_local/proofs/162.json	0	b	[0, 715, 710]	35	[2844262.4, 3027763.2, 2909798.4, 2909798.4]	3	0	False	encoder_drops_clipped_source_sliver	2-01-member
0	724	710	288	0	0	0	0	0	0	0	-1	-1	163	0	0	1	0	resolved	c	1	output/scratch-14/cell_local/proofs/163.json	0	b	[0, 715, 710]	35	[2844262.4, 3027763.2, 2909798.4, 2909798.4]	3	0	False	encoder_drops_clipped_source_sliver	2-01-member
0	726	710	288	0	0	0	0	0	0	0	-1	-1	164	0	0	1	0	resolved	c	1	output/scratch-14/cell_local/proofs/164.json	0	b	[0, 715, 710]	35	[2844262.4, 3027763.2, 2909798.4, 2909798.4]	3	0	False	encoder_drops_clipped_source_sliver	2-01-member
0	727	710	288	0	0	0	0	0	0	0	-1	-1	165	0	0	1	0	resolved	c	1	output/scratch-14/cell_local/proofs/165.json	0	b	[0, 715, 710]	35	[2844262.4, 3027763.2, 2909798.4, 2909798.4]	3	0	False	encoder_drops_clipped_source_sliver	2-01-member
0	729	710	288	0	0	0	0	0	0	0	-1	-1	166	0	0	1	0	resolved	c	1	output/scratch-14/cell_local/proofs/166.json	0	b	[0, 715, 710]	35	[2844262.4, 3027763.2, 2909798.4, 2909798.4]	3	0	False	encoder_drops_clipped_source_sliver	2-01-member
0	730	710	288	0	0	0	0	0	0	0	-1	-1	167	0	0	1	0	resolved	c	1	output/scratch-14/cell_local/proofs/167.json	0	b	[0, 715, 710]	35	[2844262.4, 3027763.2, 2909798.4, 2909798.4]	3	0	False	encoder_drops_clipped_source_sliver	2-01-member
0	732	710	288	0	0	0	0	0	0	0	-1	-1	168	0	0	1	0	resolved	c	1	output/scratch-14/cell_local/proofs/168.json	0	b	[0, 715, 710]	35	[2844262.4, 3027763.2, 2909798.4, 2909798.4]	3	0	False	encoder_drops_clipped_source_sliver	2-01-member
0	733	710	288	0	0	0	0	0	0	0	-1	-1	169	0	0	1	0	resolved	c	1	output/scratch-14/cell_local/proofs/169.json	0	b	[0, 715, 710]	35	[2844262.4, 3027763.2, 2909798.4, 2909798.4]	3	0	False	encoder_drops_clipped_source_sliver	2-01-member
0	734	710	288	0	0	0	0	0	0	0	-1	-1	170	0	0	1	0	resolved	c	1	output/scratch-14/cell_local/proofs/170.json	0	b	[0, 715, 710]	35	[2844262.4, 3027763.2, 2909798.4, 2909798.4]	3	0	False	encoder_drops_clipped_source_sliver	2-01-member
0	736	710	288	0	0	0	0	0	0	0	-1	-1	171	0	0	1	0	resolved	c	1	output/scratch-14/cell_local/proofs/171.json	0	b	[0, 715, 710]	35	[2844262.4, 3027763.2, 2909798.4, 2909798.4]	3	0	False	encoder_drops_clipped_source_sliver	2-01-member
0	737	710	288	0	0	0	0	0	0	0	-1	-1	172	0	0	1	0	resolved	c	1	output/scratch-14/cell_local/proofs/172.json	0	b	[0, 715, 710]	35	[2844262.4, 3027763.2, 2909798.4, 2909798.4]	3	0	False	encoder_drops_clipped_source_sliver	2-01-member
0	1066	733	288	0	0	0	0	0	0	0	-1	-1	176	0	0	1	0	resolved	c	1	output/scratch-14/cell_local/proofs/176.json	0	b	[0, 1066, 661]	4	[4369066.662, 4369066.662, 2415710.208, 3003187.2]	2	0	False	encoder_drops_clipped_source_sliver	2-01-member
0	1068	733	288	0	0	0	0	0	0	0	-1	-1	177	0	0	1	0	resolved	c	1	output/scratch-14/cell_local/proofs/177.json	0	b	[0, 1078, 733]	20	[4369066.662, 4456448.0, 3003187.2, 3003187.2]	3	0	False	encoder_drops_clipped_source_sliver	2-01-member
0	1069	733	288	0	0	0	0	0	0	0	-1	-1	178	0	0	1	0	resolved	c	1	output/scratch-14/cell_local/proofs/178.json	0	b	[0, 1078, 733]	20	[4369066.662, 4456448.0, 3003187.2, 3003187.2]	3	0	False	encoder_drops_clipped_source_sliver	2-01-member
0	1070	733	288	0	0	0	0	0	0	0	-1	-1	179	0	0	1	0	resolved	c	1	output/scratch-14/cell_local/proofs/179.json	0	b	[0, 1078, 733]	20	[4369066.662, 4456448.0, 3003187.2, 3003187.2]	3	0	False	encoder_drops_clipped_source_sliver	2-01-member
0	1072	733	288	0	0	0	0	0	0	0	-1	-1	180	0	0	1	0	resolved	c	1	output/scratch-14/cell_local/proofs/180.json	0	b	[0, 1078, 733]	20	[4369066.662, 4456448.0, 3003187.2, 3003187.2]	3	0	False	encoder_drops_clipped_source_sliver	2-01-member
0	1073	733	288	0	0	0	0	0	0	0	-1	-1	181	0	0	1	0	resolved	c	1	output/scratch-14/cell_local/proofs/181.json	0	b	[0, 1078, 733]	20	[4369066.662, 4456448.0, 3003187.2, 3003187.2]	3	0	False	encoder_drops_clipped_source_sliver	2-01-member
0	1075	733	288	0	0	0	0	0	0	0	-1	-1	182	0	0	1	0	resolved	c	1	output/scratch-14/cell_local/proofs/182.json	0	b	[0, 1078, 733]	20	[4369066.662, 4456448.0, 3003187.2, 3003187.2]	3	0	False	encoder_drops_clipped_source_sliver	2-01-member
0	1076	733	288	0	0	0	0	0	0	0	-1	-1	183	0	0	1	0	resolved	c	1	output/scratch-14/cell_local/proofs/183.json	0	b	[0, 1078, 733]	20	[4369066.662, 4456448.0, 3003187.2, 3003187.2]	3	0	False	encoder_drops_clipped_source_sliver	2-01-member
0	1077	733	288	0	0	0	0	0	0	0	-1	-1	184	0	0	1	0	resolved	c	1	output/scratch-14/cell_local/proofs/184.json	0	b	[0, 1078, 733]	20	[4369066.662, 4456448.0, 3003187.2, 3003187.2]	3	0	False	encoder_drops_clipped_source_sliver	2-01-member
0	1078	733	288	0	0	0	0	0	0	0	-1	-1	185	0	0	1	0	resolved	c	1	output/scratch-14/cell_local/proofs/185.json	0	b	[0, 1078, 733]	20	[4369066.662, 4456448.0, 3003187.2, 3003187.2]	3	0	False	encoder_drops_clipped_source_sliver	2-01-member
0	1066	734	288	0	0	0	0	0	0	0	-1	-1	186	0	0	1	0	resolved	c	1	output/scratch-14/cell_local/proofs/186.json	0	b	[0, 1066, 739]	4	[4369066.662, 4369066.662, 3003187.2, 3102979.955]	3	0	False	encoder_drops_clipped_source_sliver	2-01-member
0	766	760	288	0	0	0	0	0	0	0	-1	-1	188	0	0	1	0	resolved	c	1	output/scratch-14/cell_local/proofs/188.json	0	b	[0, 773, 760]	17	[3132620.8, 3198156.8, 3116236.8, 3116236.8]	4	0	False	encoder_drops_clipped_source_sliver	2-01-member
0	768	760	288	0	0	0	0	0	0	0	-1	-1	189	0	0	1	0	resolved	c	1	output/scratch-14/cell_local/proofs/189.json	0	b	[0, 773, 760]	17	[3132620.8, 3198156.8, 3116236.8, 3116236.8]	4	0	False	encoder_drops_clipped_source_sliver	2-01-member
0	770	760	288	0	0	0	0	0	0	0	-1	-1	190	0	0	1	0	resolved	c	1	output/scratch-14/cell_local/proofs/190.json	0	b	[0, 773, 760]	17	[3132620.8, 3198156.8, 3116236.8, 3116236.8]	3	0	False	encoder_drops_clipped_source_sliver	2-01-member
0	771	760	288	0	0	0	0	0	0	0	-1	-1	191	0	0	1	0	resolved	c	1	output/scratch-14/cell_local/proofs/191.json	0	b	[0, 773, 760]	17	[3132620.8, 3198156.8, 3116236.8, 3116236.8]	3	0	False	encoder_drops_clipped_source_sliver	2-01-member
0	772	760	288	0	0	0	0	0	0	0	-1	-1	192	0	0	1	0	resolved	c	1	output/scratch-14/cell_local/proofs/192.json	0	b	[0, 773, 760]	17	[3132620.8, 3198156.8, 3116236.8, 3116236.8]	3	0	False	encoder_drops_clipped_source_sliver	2-01-member
0	773	760	288	0	0	0	0	0	0	0	-1	-1	193	0	0	1	0	resolved	c	1	output/scratch-14/cell_local/proofs/193.json	0	b	[0, 773, 760]	17	[3132620.8, 3198156.8, 3116236.8, 3116236.8]	3	0	False	encoder_drops_clipped_source_sliver	2-01-member
0	774	760	288	0	0	0	0	0	0	0	-1	-1	194	0	0	1	0	resolved	c	1	output/scratch-14/cell_local/proofs/194.json	0	b	[0, 773, 760]	17	[3132620.8, 3198156.8, 3116236.8, 3116236.8]	3	0	False	encoder_drops_clipped_source_sliver	2-01-member
0	775	760	288	0	0	0	0	0	0	0	-1	-1	195	0	0	1	0	resolved	c	1	output/scratch-14/cell_local/proofs/195.json	0	b	[0, 773, 760]	17	[3132620.8, 3198156.8, 3116236.8, 3116236.8]	3	0	False	encoder_drops_clipped_source_sliver	2-01-member
0	776	760	288	0	0	0	0	0	0	0	-1	-1	196	0	0	1	0	resolved	c	1	output/scratch-14/cell_local/proofs/196.json	0	b	[0, 773, 760]	17	[3132620.8, 3198156.8, 3116236.8, 3116236.8]	3	0	False	encoder_drops_clipped_source_sliver	2-01-member
0	778	760	288	0	0	0	0	0	0	0	-1	-1	197	0	0	1	0	resolved	c	1	output/scratch-14/cell_local/proofs/197.json	0	b	[0, 773, 760]	17	[3132620.8, 3198156.8, 3116236.8, 3116236.8]	4	0	False	encoder_drops_clipped_source_sliver	2-01-member
0	694	790	288	0	0	0	0	0	0	0	-1	-1	210	0	0	1	0	resolved	c	1	output/scratch-14/cell_local/proofs/210.json	0	b	[0, 694, 771]	4	[2844262.4, 2844262.4, 2909798.4, 3244032.0]	3	0	False	encoder_drops_clipped_source_sliver	2-01-member
0	834	886	321	0	0	0	0	0	0	0	-1	-1	246	0	0	11	0	resolved	a	1	output/scratch-14/cell_local/proofs/246.json	0	b	[0, 834, 885]	58	[3419952.539, 3420213.753, 3627943.369, 3629058.392]	2	0	False	encoder_drops_clipped_source_sliver	2-01-member
0	2132	945	288	0	0	0	0	0	0	0	-1	-1	252	0	0	1	0	resolved	c	1	output/scratch-14/cell_local/proofs/252.json	0	b	[0, 2132, 935]	4	[8733764.262, 8733764.262, 3696230.4, 3876454.407]	3	0	False	encoder_drops_clipped_source_sliver	2-01-member
0	637	1017	288	0	0	0	0	0	0	0	-1	-1	262	0	0	1	0	resolved	c	1	output/scratch-14/cell_local/proofs/262.json	0	b	[0, 677, 1017]	20	[2599994.406, 2929459.2, 4168089.6, 4168089.6]	3	0	False	encoder_drops_clipped_source_sliver	2-01-member
0	640	1017	288	0	0	0	0	0	0	0	-1	-1	263	0	0	1	0	resolved	c	1	output/scratch-14/cell_local/proofs/263.json	0	b	[0, 677, 1017]	20	[2599994.406, 2929459.2, 4168089.6, 4168089.6]	3	0	False	encoder_drops_clipped_source_sliver	2-01-member
0	645	1017	288	0	0	0	0	0	0	0	-1	-1	264	0	0	1	0	resolved	c	1	output/scratch-14/cell_local/proofs/264.json	0	b	[0, 677, 1017]	20	[2599994.406, 2929459.2, 4168089.6, 4168089.6]	3	0	False	encoder_drops_clipped_source_sliver	2-01-member
0	650	1017	288	0	0	0	0	0	0	0	-1	-1	265	0	0	1	0	resolved	c	1	output/scratch-14/cell_local/proofs/265.json	0	b	[0, 677, 1017]	20	[2599994.406, 2929459.2, 4168089.6, 4168089.6]	3	0	False	encoder_drops_clipped_source_sliver	2-01-member
0	655	1017	288	0	0	0	0	0	0	0	-1	-1	266	0	0	1	0	resolved	c	1	output/scratch-14/cell_local/proofs/266.json	0	b	[0, 677, 1017]	20	[2599994.406, 2929459.2, 4168089.6, 4168089.6]	3	0	False	encoder_drops_clipped_source_sliver	2-01-member
0	660	1017	288	0	0	0	0	0	0	0	-1	-1	267	0	0	1	0	resolved	c	1	output/scratch-14/cell_local/proofs/267.json	0	b	[0, 677, 1017]	20	[2599994.406, 2929459.2, 4168089.6, 4168089.6]	3	0	False	encoder_drops_clipped_source_sliver	2-01-member
0	665	1017	288	0	0	0	0	0	0	0	-1	-1	268	0	0	1	0	resolved	c	1	output/scratch-14/cell_local/proofs/268.json	0	b	[0, 677, 1017]	20	[2599994.406, 2929459.2, 4168089.6, 4168089.6]	3	0	False	encoder_drops_clipped_source_sliver	2-01-member
0	670	1017	288	0	0	0	0	0	0	0	-1	-1	269	0	0	1	0	resolved	c	1	output/scratch-14/cell_local/proofs/269.json	0	b	[0, 677, 1017]	20	[2599994.406, 2929459.2, 4168089.6, 4168089.6]	3	0	False	encoder_drops_clipped_source_sliver	2-01-member
0	675	1017	288	0	0	0	0	0	0	0	-1	-1	270	0	0	1	0	resolved	c	1	output/scratch-14/cell_local/proofs/270.json	0	b	[0, 677, 1017]	20	[2599994.406, 2929459.2, 4168089.6, 4168089.6]	3	0	False	encoder_drops_clipped_source_sliver	2-01-member
0	680	1017	288	0	0	0	0	0	0	0	-1	-1	271	0	0	1	0	resolved	c	1	output/scratch-14/cell_local/proofs/271.json	0	b	[0, 677, 1017]	20	[2599994.406, 2929459.2, 4168089.6, 4168089.6]	3	0	False	encoder_drops_clipped_source_sliver	2-01-member
0	685	1017	288	0	0	0	0	0	0	0	-1	-1	272	0	0	1	0	resolved	c	1	output/scratch-14/cell_local/proofs/272.json	0	b	[0, 677, 1017]	20	[2599994.406, 2929459.2, 4168089.6, 4168089.6]	3	0	False	encoder_drops_clipped_source_sliver	2-01-member
0	690	1017	288	0	0	0	0	0	0	0	-1	-1	273	0	0	1	0	resolved	c	1	output/scratch-14/cell_local/proofs/273.json	0	b	[0, 677, 1017]	20	[2599994.406, 2929459.2, 4168089.6, 4168089.6]	3	0	False	encoder_drops_clipped_source_sliver	2-01-member
0	695	1017	288	0	0	0	0	0	0	0	-1	-1	274	0	0	1	0	resolved	c	1	output/scratch-14/cell_local/proofs/274.json	0	b	[0, 677, 1017]	20	[2599994.406, 2929459.2, 4168089.6, 4168089.6]	3	0	False	encoder_drops_clipped_source_sliver	2-01-member
0	700	1017	288	0	0	0	0	0	0	0	-1	-1	275	0	0	1	0	resolved	c	1	output/scratch-14/cell_local/proofs/275.json	0	b	[0, 677, 1017]	20	[2599994.406, 2929459.2, 4168089.6, 4168089.6]	3	0	False	encoder_drops_clipped_source_sliver	2-01-member
0	705	1017	288	0	0	0	0	0	0	0	-1	-1	276	0	0	1	0	resolved	c	1	output/scratch-14/cell_local/proofs/276.json	0	b	[0, 677, 1017]	20	[2599994.406, 2929459.2, 4168089.6, 4168089.6]	3	0	False	encoder_drops_clipped_source_sliver	2-01-member
0	710	1017	288	0	0	0	0	0	0	0	-1	-1	277	0	0	1	0	resolved	c	1	output/scratch-14/cell_local/proofs/277.json	0	b	[0, 677, 1017]	20	[2599994.406, 2929459.2, 4168089.6, 4168089.6]	3	0	False	encoder_drops_clipped_source_sliver	2-01-member
0	718	1017	288	0	0	0	0	0	0	0	-1	-1	278	0	0	1	0	resolved	c	1	output/scratch-14/cell_local/proofs/278.json	0	b	[0, 720, 1017]	5	[2929459.2, 2958950.4, 4168089.6, 4168089.6]	3	0	False	encoder_drops_clipped_source_sliver	2-01-member
0	622	1142	288	0	0	0	0	0	0	0	-1	-1	339	0	0	1	0	resolved	c	1	output/scratch-14/cell_local/proofs/339.json	0	b	[0, 638, 1142]	11	[2527557.596, 2673868.8, 4679270.4, 4679270.4]	3	0	False	encoder_drops_clipped_source_sliver	2-01-member
0	626	1142	288	0	0	0	0	0	0	0	-1	-1	340	0	0	1	0	resolved	c	1	output/scratch-14/cell_local/proofs/340.json	0	b	[0, 638, 1142]	11	[2527557.596, 2673868.8, 4679270.4, 4679270.4]	3	0	False	encoder_drops_clipped_source_sliver	2-01-member
0	630	1142	288	0	0	0	0	0	0	0	-1	-1	341	0	0	1	0	resolved	c	1	output/scratch-14/cell_local/proofs/341.json	0	b	[0, 638, 1142]	11	[2527557.596, 2673868.8, 4679270.4, 4679270.4]	3	0	False	encoder_drops_clipped_source_sliver	2-01-member
0	634	1142	288	0	0	0	0	0	0	0	-1	-1	342	0	0	1	0	resolved	c	1	output/scratch-14/cell_local/proofs/342.json	0	b	[0, 638, 1142]	11	[2527557.596, 2673868.8, 4679270.4, 4679270.4]	3	0	False	encoder_drops_clipped_source_sliver	2-01-member
0	639	1142	288	0	0	0	0	0	0	0	-1	-1	343	0	0	1	0	resolved	c	1	output/scratch-14/cell_local/proofs/343.json	0	b	[0, 638, 1142]	11	[2527557.596, 2673868.8, 4679270.4, 4679270.4]	3	0	False	encoder_drops_clipped_source_sliver	2-01-member
0	643	1142	288	0	0	0	0	0	0	0	-1	-1	344	0	0	1	0	resolved	c	1	output/scratch-14/cell_local/proofs/344.json	0	b	[0, 638, 1142]	11	[2527557.596, 2673868.8, 4679270.4, 4679270.4]	3	0	False	encoder_drops_clipped_source_sliver	2-01-member
0	647	1142	288	0	0	0	0	0	0	0	-1	-1	345	0	0	1	0	resolved	c	1	output/scratch-14/cell_local/proofs/345.json	0	b	[0, 638, 1142]	11	[2527557.596, 2673868.8, 4679270.4, 4679270.4]	3	0	False	encoder_drops_clipped_source_sliver	2-01-member
0	2049	1224	288	0	0	0	0	0	0	0	-1	-1	396	0	0	1	0	resolved	c	1	output/scratch-14/cell_local/proofs/396.json	0	b	[0, 2050, 1224]	5	[8388738.928, 8408137.728, 5013817.177, 5013817.177]	3	0	False	encoder_drops_clipped_source_sliver	2-01-member
0	2050	1224	288	0	0	0	0	0	0	0	-1	-1	397	0	0	1	0	resolved	c	1	output/scratch-14/cell_local/proofs/397.json	0	b	[0, 2050, 1224]	5	[8388738.928, 8408137.728, 5013817.177, 5013817.177]	3	0	False	encoder_drops_clipped_source_sliver	2-01-member
0	2053	1224	288	0	0	0	0	0	0	0	-1	-1	398	0	0	1	0	resolved	c	1	output/scratch-14/cell_local/proofs/398.json	0	b	[0, 2068, 1224]	24	[8408137.728, 8530602.662, 5013817.177, 5013817.177]	3	0	False	encoder_drops_clipped_source_sliver	2-01-member
0	2055	1224	288	0	0	0	0	0	0	0	-1	-1	399	0	0	1	0	resolved	c	1	output/scratch-14/cell_local/proofs/399.json	0	b	[0, 2068, 1224]	24	[8408137.728, 8530602.662, 5013817.177, 5013817.177]	3	0	False	encoder_drops_clipped_source_sliver	2-01-member
0	2056	1224	288	0	0	0	0	0	0	0	-1	-1	400	0	0	1	0	resolved	c	1	output/scratch-14/cell_local/proofs/400.json	0	b	[0, 2068, 1224]	24	[8408137.728, 8530602.662, 5013817.177, 5013817.177]	3	0	False	encoder_drops_clipped_source_sliver	2-01-member
0	2058	1224	288	0	0	0	0	0	0	0	-1	-1	401	0	0	1	0	resolved	c	1	output/scratch-14/cell_local/proofs/401.json	0	b	[0, 2068, 1224]	24	[8408137.728, 8530602.662, 5013817.177, 5013817.177]	3	0	False	encoder_drops_clipped_source_sliver	2-01-member
0	2059	1224	288	0	0	0	0	0	0	0	-1	-1	402	0	0	1	0	resolved	c	1	output/scratch-14/cell_local/proofs/402.json	0	b	[0, 2068, 1224]	24	[8408137.728, 8530602.662, 5013817.177, 5013817.177]	3	0	False	encoder_drops_clipped_source_sliver	2-01-member
0	2060	1224	288	0	0	0	0	0	0	0	-1	-1	403	0	0	1	0	resolved	c	1	output/scratch-14/cell_local/proofs/403.json	0	b	[0, 2068, 1224]	24	[8408137.728, 8530602.662, 5013817.177, 5013817.177]	3	0	False	encoder_drops_clipped_source_sliver	2-01-member
0	2062	1224	288	0	0	0	0	0	0	0	-1	-1	404	0	0	1	0	resolved	c	1	output/scratch-14/cell_local/proofs/404.json	0	b	[0, 2068, 1224]	24	[8408137.728, 8530602.662, 5013817.177, 5013817.177]	3	0	False	encoder_drops_clipped_source_sliver	2-01-member
0	2063	1224	288	0	0	0	0	0	0	0	-1	-1	405	0	0	1	0	resolved	c	1	output/scratch-14/cell_local/proofs/405.json	0	b	[0, 2068, 1224]	24	[8408137.728, 8530602.662, 5013817.177, 5013817.177]	3	0	False	encoder_drops_clipped_source_sliver	2-01-member
0	2065	1224	288	0	0	0	0	0	0	0	-1	-1	406	0	0	1	0	resolved	c	1	output/scratch-14/cell_local/proofs/406.json	0	b	[0, 2068, 1224]	24	[8408137.728, 8530602.662, 5013817.177, 5013817.177]	3	0	False	encoder_drops_clipped_source_sliver	2-01-member
0	2066	1224	288	0	0	0	0	0	0	0	-1	-1	407	0	0	1	0	resolved	c	1	output/scratch-14/cell_local/proofs/407.json	0	b	[0, 2068, 1224]	24	[8408137.728, 8530602.662, 5013817.177, 5013817.177]	3	0	False	encoder_drops_clipped_source_sliver	2-01-member
0	2068	1224	288	0	0	0	0	0	0	0	-1	-1	408	0	0	1	0	resolved	c	1	output/scratch-14/cell_local/proofs/408.json	0	b	[0, 2068, 1224]	24	[8408137.728, 8530602.662, 5013817.177, 5013817.177]	3	0	False	encoder_drops_clipped_source_sliver	2-01-member
0	2069	1224	288	0	0	0	0	0	0	0	-1	-1	409	0	0	1	0	resolved	c	1	output/scratch-14/cell_local/proofs/409.json	0	b	[0, 2068, 1224]	24	[8408137.728, 8530602.662, 5013817.177, 5013817.177]	3	0	False	encoder_drops_clipped_source_sliver	2-01-member
0	2070	1224	288	0	0	0	0	0	0	0	-1	-1	410	0	0	1	0	resolved	c	1	output/scratch-14/cell_local/proofs/410.json	0	b	[0, 2068, 1224]	24	[8408137.728, 8530602.662, 5013817.177, 5013817.177]	3	0	False	encoder_drops_clipped_source_sliver	2-01-member
0	2072	1224	288	0	0	0	0	0	0	0	-1	-1	411	0	0	1	0	resolved	c	1	output/scratch-14/cell_local/proofs/411.json	0	b	[0, 2068, 1224]	24	[8408137.728, 8530602.662, 5013817.177, 5013817.177]	3	0	False	encoder_drops_clipped_source_sliver	2-01-member
0	2073	1224	288	0	0	0	0	0	0	0	-1	-1	412	0	0	1	0	resolved	c	1	output/scratch-14/cell_local/proofs/412.json	0	b	[0, 2068, 1224]	24	[8408137.728, 8530602.662, 5013817.177, 5013817.177]	3	0	False	encoder_drops_clipped_source_sliver	2-01-member
0	2075	1224	288	0	0	0	0	0	0	0	-1	-1	413	0	0	1	0	resolved	c	1	output/scratch-14/cell_local/proofs/413.json	0	b	[0, 2068, 1224]	24	[8408137.728, 8530602.662, 5013817.177, 5013817.177]	3	0	False	encoder_drops_clipped_source_sliver	2-01-member
0	2076	1224	288	0	0	0	0	0	0	0	-1	-1	414	0	0	1	0	resolved	c	1	output/scratch-14/cell_local/proofs/414.json	0	b	[0, 2068, 1224]	24	[8408137.728, 8530602.662, 5013817.177, 5013817.177]	3	0	False	encoder_drops_clipped_source_sliver	2-01-member
0	2078	1224	288	0	0	0	0	0	0	0	-1	-1	415	0	0	1	0	resolved	c	1	output/scratch-14/cell_local/proofs/415.json	0	b	[0, 2068, 1224]	24	[8408137.728, 8530602.662, 5013817.177, 5013817.177]	3	0	False	encoder_drops_clipped_source_sliver	2-01-member
0	2079	1224	288	0	0	0	0	0	0	0	-1	-1	416	0	0	1	0	resolved	c	1	output/scratch-14/cell_local/proofs/416.json	0	b	[0, 2068, 1224]	24	[8408137.728, 8530602.662, 5013817.177, 5013817.177]	3	0	False	encoder_drops_clipped_source_sliver	2-01-member
0	2080	1224	288	0	0	0	0	0	0	0	-1	-1	417	0	0	1	0	resolved	c	1	output/scratch-14/cell_local/proofs/417.json	0	b	[0, 2068, 1224]	24	[8408137.728, 8530602.662, 5013817.177, 5013817.177]	3	0	False	encoder_drops_clipped_source_sliver	2-01-member
0	2096	1224	288	0	0	0	0	0	0	0	-1	-1	418	0	0	1	0	resolved	c	1	output/scratch-14/cell_local/proofs/418.json	0	b	[0, 2141, 1224]	66	[8580846.938, 8956351.742, 5013817.177, 5013817.177]	3	0	False	encoder_drops_clipped_source_sliver	2-01-member
0	2098	1224	288	0	0	0	0	0	0	0	-1	-1	419	0	0	1	0	resolved	c	1	output/scratch-14/cell_local/proofs/419.json	0	b	[0, 2141, 1224]	66	[8580846.938, 8956351.742, 5013817.177, 5013817.177]	3	0	False	encoder_drops_clipped_source_sliver	2-01-member
0	2099	1224	288	0	0	0	0	0	0	0	-1	-1	420	0	0	1	0	resolved	c	1	output/scratch-14/cell_local/proofs/420.json	0	b	[0, 2141, 1224]	66	[8580846.938, 8956351.742, 5013817.177, 5013817.177]	3	0	False	encoder_drops_clipped_source_sliver	2-01-member
0	2100	1224	288	0	0	0	0	0	0	0	-1	-1	421	0	0	1	0	resolved	c	1	output/scratch-14/cell_local/proofs/421.json	0	b	[0, 2141, 1224]	66	[8580846.938, 8956351.742, 5013817.177, 5013817.177]	3	0	False	encoder_drops_clipped_source_sliver	2-01-member
0	2102	1224	288	0	0	0	0	0	0	0	-1	-1	422	0	0	1	0	resolved	c	1	output/scratch-14/cell_local/proofs/422.json	0	b	[0, 2141, 1224]	66	[8580846.938, 8956351.742, 5013817.177, 5013817.177]	3	0	False	encoder_drops_clipped_source_sliver	2-01-member
0	2103	1224	288	0	0	0	0	0	0	0	-1	-1	423	0	0	1	0	resolved	c	1	output/scratch-14/cell_local/proofs/423.json	0	b	[0, 2141, 1224]	66	[8580846.938, 8956351.742, 5013817.177, 5013817.177]	3	0	False	encoder_drops_clipped_source_sliver	2-01-member
0	2105	1224	288	0	0	0	0	0	0	0	-1	-1	424	0	0	1	0	resolved	c	1	output/scratch-14/cell_local/proofs/424.json	0	b	[0, 2141, 1224]	66	[8580846.938, 8956351.742, 5013817.177, 5013817.177]	3	0	False	encoder_drops_clipped_source_sliver	2-01-member
0	2106	1224	288	0	0	0	0	0	0	0	-1	-1	425	0	0	1	0	resolved	c	1	output/scratch-14/cell_local/proofs/425.json	0	b	[0, 2141, 1224]	66	[8580846.938, 8956351.742, 5013817.177, 5013817.177]	3	0	False	encoder_drops_clipped_source_sliver	2-01-member
0	2108	1224	288	0	0	0	0	0	0	0	-1	-1	426	0	0	1	0	resolved	c	1	output/scratch-14/cell_local/proofs/426.json	0	b	[0, 2141, 1224]	66	[8580846.938, 8956351.742, 5013817.177, 5013817.177]	3	0	False	encoder_drops_clipped_source_sliver	2-01-member
0	2109	1224	288	0	0	0	0	0	0	0	-1	-1	427	0	0	1	0	resolved	c	1	output/scratch-14/cell_local/proofs/427.json	0	b	[0, 2141, 1224]	66	[8580846.938, 8956351.742, 5013817.177, 5013817.177]	3	0	False	encoder_drops_clipped_source_sliver	2-01-member
0	2110	1224	288	0	0	0	0	0	0	0	-1	-1	428	0	0	1	0	resolved	c	1	output/scratch-14/cell_local/proofs/428.json	0	b	[0, 2141, 1224]	66	[8580846.938, 8956351.742, 5013817.177, 5013817.177]	3	0	False	encoder_drops_clipped_source_sliver	2-01-member
0	2112	1224	288	0	0	0	0	0	0	0	-1	-1	429	0	0	1	0	resolved	c	1	output/scratch-14/cell_local/proofs/429.json	0	b	[0, 2141, 1224]	66	[8580846.938, 8956351.742, 5013817.177, 5013817.177]	3	0	False	encoder_drops_clipped_source_sliver	2-01-member
0	2113	1224	288	0	0	0	0	0	0	0	-1	-1	430	0	0	1	0	resolved	c	1	output/scratch-14/cell_local/proofs/430.json	0	b	[0, 2141, 1224]	66	[8580846.938, 8956351.742, 5013817.177, 5013817.177]	3	0	False	encoder_drops_clipped_source_sliver	2-01-member
0	2115	1224	288	0	0	0	0	0	0	0	-1	-1	431	0	0	1	0	resolved	c	1	output/scratch-14/cell_local/proofs/431.json	0	b	[0, 2141, 1224]	66	[8580846.938, 8956351.742, 5013817.177, 5013817.177]	3	0	False	encoder_drops_clipped_source_sliver	2-01-member
0	2116	1224	288	0	0	0	0	0	0	0	-1	-1	432	0	0	1	0	resolved	c	1	output/scratch-14/cell_local/proofs/432.json	0	b	[0, 2141, 1224]	66	[8580846.938, 8956351.742, 5013817.177, 5013817.177]	3	0	False	encoder_drops_clipped_source_sliver	2-01-member
0	2118	1224	288	0	0	0	0	0	0	0	-1	-1	433	0	0	1	0	resolved	c	1	output/scratch-14/cell_local/proofs/433.json	0	b	[0, 2141, 1224]	66	[8580846.938, 8956351.742, 5013817.177, 5013817.177]	3	0	False	encoder_drops_clipped_source_sliver	2-01-member
0	2119	1224	288	0	0	0	0	0	0	0	-1	-1	434	0	0	1	0	resolved	c	1	output/scratch-14/cell_local/proofs/434.json	0	b	[0, 2141, 1224]	66	[8580846.938, 8956351.742, 5013817.177, 5013817.177]	3	0	False	encoder_drops_clipped_source_sliver	2-01-member
0	2120	1224	288	0	0	0	0	0	0	0	-1	-1	435	0	0	1	0	resolved	c	1	output/scratch-14/cell_local/proofs/435.json	0	b	[0, 2141, 1224]	66	[8580846.938, 8956351.742, 5013817.177, 5013817.177]	3	0	False	encoder_drops_clipped_source_sliver	2-01-member
0	2122	1224	288	0	0	0	0	0	0	0	-1	-1	436	0	0	1	0	resolved	c	1	output/scratch-14/cell_local/proofs/436.json	0	b	[0, 2141, 1224]	66	[8580846.938, 8956351.742, 5013817.177, 5013817.177]	3	0	False	encoder_drops_clipped_source_sliver	2-01-member
0	2123	1224	288	0	0	0	0	0	0	0	-1	-1	437	0	0	1	0	resolved	c	1	output/scratch-14/cell_local/proofs/437.json	0	b	[0, 2141, 1224]	66	[8580846.938, 8956351.742, 5013817.177, 5013817.177]	3	0	False	encoder_drops_clipped_source_sliver	2-01-member
0	2125	1224	288	0	0	0	0	0	0	0	-1	-1	438	0	0	1	0	resolved	c	1	output/scratch-14/cell_local/proofs/438.json	0	b	[0, 2141, 1224]	66	[8580846.938, 8956351.742, 5013817.177, 5013817.177]	3	0	False	encoder_drops_clipped_source_sliver	2-01-member
0	2126	1224	288	0	0	0	0	0	0	0	-1	-1	439	0	0	1	0	resolved	c	1	output/scratch-14/cell_local/proofs/439.json	0	b	[0, 2141, 1224]	66	[8580846.938, 8956351.742, 5013817.177, 5013817.177]	3	0	False	encoder_drops_clipped_source_sliver	2-01-member
0	2128	1224	288	0	0	0	0	0	0	0	-1	-1	440	0	0	1	0	resolved	c	1	output/scratch-14/cell_local/proofs/440.json	0	b	[0, 2141, 1224]	66	[8580846.938, 8956351.742, 5013817.177, 5013817.177]	3	0	False	encoder_drops_clipped_source_sliver	2-01-member
0	2129	1224	288	0	0	0	0	0	0	0	-1	-1	441	0	0	1	0	resolved	c	1	output/scratch-14/cell_local/proofs/441.json	0	b	[0, 2141, 1224]	66	[8580846.938, 8956351.742, 5013817.177, 5013817.177]	3	0	False	encoder_drops_clipped_source_sliver	2-01-member
0	2130	1224	288	0	0	0	0	0	0	0	-1	-1	442	0	0	1	0	resolved	c	1	output/scratch-14/cell_local/proofs/442.json	0	b	[0, 2141, 1224]	66	[8580846.938, 8956351.742, 5013817.177, 5013817.177]	3	0	False	encoder_drops_clipped_source_sliver	2-01-member
0	2132	1224	288	0	0	0	0	0	0	0	-1	-1	443	0	0	1	0	resolved	c	1	output/scratch-14/cell_local/proofs/443.json	0	b	[0, 2141, 1224]	66	[8580846.938, 8956351.742, 5013817.177, 5013817.177]	3	0	False	encoder_drops_clipped_source_sliver	2-01-member
0	2133	1224	288	0	0	0	0	0	0	0	-1	-1	444	0	0	1	0	resolved	c	1	output/scratch-14/cell_local/proofs/444.json	0	b	[0, 2141, 1224]	66	[8580846.938, 8956351.742, 5013817.177, 5013817.177]	3	0	False	encoder_drops_clipped_source_sliver	2-01-member
0	2135	1224	288	0	0	0	0	0	0	0	-1	-1	445	0	0	1	0	resolved	c	1	output/scratch-14/cell_local/proofs/445.json	0	b	[0, 2141, 1224]	66	[8580846.938, 8956351.742, 5013817.177, 5013817.177]	3	0	False	encoder_drops_clipped_source_sliver	2-01-member
0	2136	1224	288	0	0	0	0	0	0	0	-1	-1	446	0	0	1	0	resolved	c	1	output/scratch-14/cell_local/proofs/446.json	0	b	[0, 2141, 1224]	66	[8580846.938, 8956351.742, 5013817.177, 5013817.177]	3	0	False	encoder_drops_clipped_source_sliver	2-01-member
0	2138	1224	288	0	0	0	0	0	0	0	-1	-1	447	0	0	1	0	resolved	c	1	output/scratch-14/cell_local/proofs/447.json	0	b	[0, 2141, 1224]	66	[8580846.938, 8956351.742, 5013817.177, 5013817.177]	3	0	False	encoder_drops_clipped_source_sliver	2-01-member
0	2139	1224	288	0	0	0	0	0	0	0	-1	-1	448	0	0	1	0	resolved	c	1	output/scratch-14/cell_local/proofs/448.json	0	b	[0, 2141, 1224]	66	[8580846.938, 8956351.742, 5013817.177, 5013817.177]	3	0	False	encoder_drops_clipped_source_sliver	2-01-member
0	2140	1224	288	0	0	0	0	0	0	0	-1	-1	449	0	0	1	0	resolved	c	1	output/scratch-14/cell_local/proofs/449.json	0	b	[0, 2141, 1224]	66	[8580846.938, 8956351.742, 5013817.177, 5013817.177]	3	0	False	encoder_drops_clipped_source_sliver	2-01-member
0	2142	1224	288	0	0	0	0	0	0	0	-1	-1	450	0	0	1	0	resolved	c	1	output/scratch-14/cell_local/proofs/450.json	0	b	[0, 2141, 1224]	66	[8580846.938, 8956351.742, 5013817.177, 5013817.177]	3	0	False	encoder_drops_clipped_source_sliver	2-01-member
0	2143	1224	288	0	0	0	0	0	0	0	-1	-1	451	0	0	1	0	resolved	c	1	output/scratch-14/cell_local/proofs/451.json	0	b	[0, 2141, 1224]	66	[8580846.938, 8956351.742, 5013817.177, 5013817.177]	3	0	False	encoder_drops_clipped_source_sliver	2-01-member
0	2145	1224	288	0	0	0	0	0	0	0	-1	-1	452	0	0	1	0	resolved	c	1	output/scratch-14/cell_local/proofs/452.json	0	b	[0, 2141, 1224]	66	[8580846.938, 8956351.742, 5013817.177, 5013817.177]	3	0	False	encoder_drops_clipped_source_sliver	2-01-member
0	2146	1224	288	0	0	0	0	0	0	0	-1	-1	453	0	0	1	0	resolved	c	1	output/scratch-14/cell_local/proofs/453.json	0	b	[0, 2141, 1224]	66	[8580846.938, 8956351.742, 5013817.177, 5013817.177]	3	0	False	encoder_drops_clipped_source_sliver	2-01-member
0	2148	1224	288	0	0	0	0	0	0	0	-1	-1	454	0	0	1	0	resolved	c	1	output/scratch-14/cell_local/proofs/454.json	0	b	[0, 2141, 1224]	66	[8580846.938, 8956351.742, 5013817.177, 5013817.177]	3	0	False	encoder_drops_clipped_source_sliver	2-01-member
0	2149	1224	288	0	0	0	0	0	0	0	-1	-1	455	0	0	1	0	resolved	c	1	output/scratch-14/cell_local/proofs/455.json	0	b	[0, 2141, 1224]	66	[8580846.938, 8956351.742, 5013817.177, 5013817.177]	3	0	False	encoder_drops_clipped_source_sliver	2-01-member
0	2150	1224	288	0	0	0	0	0	0	0	-1	-1	456	0	0	1	0	resolved	c	1	output/scratch-14/cell_local/proofs/456.json	0	b	[0, 2141, 1224]	66	[8580846.938, 8956351.742, 5013817.177, 5013817.177]	3	0	False	encoder_drops_clipped_source_sliver	2-01-member
0	2152	1224	288	0	0	0	0	0	0	0	-1	-1	457	0	0	1	0	resolved	c	1	output/scratch-14/cell_local/proofs/457.json	0	b	[0, 2141, 1224]	66	[8580846.938, 8956351.742, 5013817.177, 5013817.177]	3	0	False	encoder_drops_clipped_source_sliver	2-01-member
0	2153	1224	288	0	0	0	0	0	0	0	-1	-1	458	0	0	1	0	resolved	c	1	output/scratch-14/cell_local/proofs/458.json	0	b	[0, 2141, 1224]	66	[8580846.938, 8956351.742, 5013817.177, 5013817.177]	3	0	False	encoder_drops_clipped_source_sliver	2-01-member
0	2155	1224	288	0	0	0	0	0	0	0	-1	-1	459	0	0	1	0	resolved	c	1	output/scratch-14/cell_local/proofs/459.json	0	b	[0, 2141, 1224]	66	[8580846.938, 8956351.742, 5013817.177, 5013817.177]	3	0	False	encoder_drops_clipped_source_sliver	2-01-member
0	2156	1224	288	0	0	0	0	0	0	0	-1	-1	460	0	0	1	0	resolved	c	1	output/scratch-14/cell_local/proofs/460.json	0	b	[0, 2141, 1224]	66	[8580846.938, 8956351.742, 5013817.177, 5013817.177]	3	0	False	encoder_drops_clipped_source_sliver	2-01-member
0	2158	1224	288	0	0	0	0	0	0	0	-1	-1	461	0	0	1	0	resolved	c	1	output/scratch-14/cell_local/proofs/461.json	0	b	[0, 2141, 1224]	66	[8580846.938, 8956351.742, 5013817.177, 5013817.177]	3	0	False	encoder_drops_clipped_source_sliver	2-01-member
0	2159	1224	288	0	0	0	0	0	0	0	-1	-1	462	0	0	1	0	resolved	c	1	output/scratch-14/cell_local/proofs/462.json	0	b	[0, 2141, 1224]	66	[8580846.938, 8956351.742, 5013817.177, 5013817.177]	3	0	False	encoder_drops_clipped_source_sliver	2-01-member
0	2160	1224	288	0	0	0	0	0	0	0	-1	-1	463	0	0	1	0	resolved	c	1	output/scratch-14/cell_local/proofs/463.json	0	b	[0, 2141, 1224]	66	[8580846.938, 8956351.742, 5013817.177, 5013817.177]	3	0	False	encoder_drops_clipped_source_sliver	2-01-member
0	2162	1224	288	0	0	0	0	0	0	0	-1	-1	464	0	0	1	0	resolved	c	1	output/scratch-14/cell_local/proofs/464.json	0	b	[0, 2141, 1224]	66	[8580846.938, 8956351.742, 5013817.177, 5013817.177]	3	0	False	encoder_drops_clipped_source_sliver	2-01-member
0	2163	1224	288	0	0	0	0	0	0	0	-1	-1	465	0	0	1	0	resolved	c	1	output/scratch-14/cell_local/proofs/465.json	0	b	[0, 2141, 1224]	66	[8580846.938, 8956351.742, 5013817.177, 5013817.177]	3	0	False	encoder_drops_clipped_source_sliver	2-01-member
0	2165	1224	288	0	0	0	0	0	0	0	-1	-1	466	0	0	1	0	resolved	c	1	output/scratch-14/cell_local/proofs/466.json	0	b	[0, 2141, 1224]	66	[8580846.938, 8956351.742, 5013817.177, 5013817.177]	3	0	False	encoder_drops_clipped_source_sliver	2-01-member
0	2166	1224	288	0	0	0	0	0	0	0	-1	-1	467	0	0	1	0	resolved	c	1	output/scratch-14/cell_local/proofs/467.json	0	b	[0, 2141, 1224]	66	[8580846.938, 8956351.742, 5013817.177, 5013817.177]	3	0	False	encoder_drops_clipped_source_sliver	2-01-member
0	2168	1224	288	0	0	0	0	0	0	0	-1	-1	468	0	0	1	0	resolved	c	1	output/scratch-14/cell_local/proofs/468.json	0	b	[0, 2141, 1224]	66	[8580846.938, 8956351.742, 5013817.177, 5013817.177]	3	0	False	encoder_drops_clipped_source_sliver	2-01-member
0	2169	1224	288	0	0	0	0	0	0	0	-1	-1	469	0	0	1	0	resolved	c	1	output/scratch-14/cell_local/proofs/469.json	0	b	[0, 2141, 1224]	66	[8580846.938, 8956351.742, 5013817.177, 5013817.177]	3	0	False	encoder_drops_clipped_source_sliver	2-01-member
0	2170	1224	288	0	0	0	0	0	0	0	-1	-1	470	0	0	1	0	resolved	c	1	output/scratch-14/cell_local/proofs/470.json	0	b	[0, 2141, 1224]	66	[8580846.938, 8956351.742, 5013817.177, 5013817.177]	3	0	False	encoder_drops_clipped_source_sliver	2-01-member
0	2172	1224	288	0	0	0	0	0	0	0	-1	-1	471	0	0	1	0	resolved	c	1	output/scratch-14/cell_local/proofs/471.json	0	b	[0, 2141, 1224]	66	[8580846.938, 8956351.742, 5013817.177, 5013817.177]	3	0	False	encoder_drops_clipped_source_sliver	2-01-member
0	2173	1224	288	0	0	0	0	0	0	0	-1	-1	472	0	0	1	0	resolved	c	1	output/scratch-14/cell_local/proofs/472.json	0	b	[0, 2141, 1224]	66	[8580846.938, 8956351.742, 5013817.177, 5013817.177]	3	0	False	encoder_drops_clipped_source_sliver	2-01-member
0	2175	1224	288	0	0	0	0	0	0	0	-1	-1	473	0	0	1	0	resolved	c	1	output/scratch-14/cell_local/proofs/473.json	0	b	[0, 2141, 1224]	66	[8580846.938, 8956351.742, 5013817.177, 5013817.177]	3	0	False	encoder_drops_clipped_source_sliver	2-01-member
0	2176	1224	288	0	0	0	0	0	0	0	-1	-1	474	0	0	1	0	resolved	c	1	output/scratch-14/cell_local/proofs/474.json	0	b	[0, 2141, 1224]	66	[8580846.938, 8956351.742, 5013817.177, 5013817.177]	3	0	False	encoder_drops_clipped_source_sliver	2-01-member
0	2178	1224	288	0	0	0	0	0	0	0	-1	-1	475	0	0	1	0	resolved	c	1	output/scratch-14/cell_local/proofs/475.json	0	b	[0, 2141, 1224]	66	[8580846.938, 8956351.742, 5013817.177, 5013817.177]	3	0	False	encoder_drops_clipped_source_sliver	2-01-member
0	2179	1224	288	0	0	0	0	0	0	0	-1	-1	476	0	0	1	0	resolved	c	1	output/scratch-14/cell_local/proofs/476.json	0	b	[0, 2141, 1224]	66	[8580846.938, 8956351.742, 5013817.177, 5013817.177]	3	0	False	encoder_drops_clipped_source_sliver	2-01-member
0	2180	1224	288	0	0	0	0	0	0	0	-1	-1	477	0	0	1	0	resolved	c	1	output/scratch-14/cell_local/proofs/477.json	0	b	[0, 2141, 1224]	66	[8580846.938, 8956351.742, 5013817.177, 5013817.177]	3	0	False	encoder_drops_clipped_source_sliver	2-01-member
0	2182	1224	288	0	0	0	0	0	0	0	-1	-1	478	0	0	1	0	resolved	c	1	output/scratch-14/cell_local/proofs/478.json	0	b	[0, 2141, 1224]	66	[8580846.938, 8956351.742, 5013817.177, 5013817.177]	3	0	False	encoder_drops_clipped_source_sliver	2-01-member
0	2183	1224	288	0	0	0	0	0	0	0	-1	-1	479	0	0	1	0	resolved	c	1	output/scratch-14/cell_local/proofs/479.json	0	b	[0, 2141, 1224]	66	[8580846.938, 8956351.742, 5013817.177, 5013817.177]	3	0	False	encoder_drops_clipped_source_sliver	2-01-member
0	2185	1224	288	0	0	0	0	0	0	0	-1	-1	480	0	0	1	0	resolved	c	1	output/scratch-14/cell_local/proofs/480.json	0	b	[0, 2141, 1224]	66	[8580846.938, 8956351.742, 5013817.177, 5013817.177]	3	0	False	encoder_drops_clipped_source_sliver	2-01-member
0	644	1312	288	0	0	0	0	0	0	0	-1	-1	534	0	0	1	0	resolved	c	1	output/scratch-14/cell_local/proofs/534.json	0	b	[0, 694, 1312]	33	[2623359.733, 3045239.462, 5374203.77, 5374203.77]	3	0	False	encoder_drops_clipped_source_sliver	2-01-member
0	646	1312	288	0	0	0	0	0	0	0	-1	-1	535	0	0	1	0	resolved	c	1	output/scratch-14/cell_local/proofs/535.json	0	b	[0, 694, 1312]	33	[2623359.733, 3045239.462, 5374203.77, 5374203.77]	3	0	False	encoder_drops_clipped_source_sliver	2-01-member
0	649	1312	288	0	0	0	0	0	0	0	-1	-1	536	0	0	1	0	resolved	c	1	output/scratch-14/cell_local/proofs/536.json	0	b	[0, 694, 1312]	33	[2623359.733, 3045239.462, 5374203.77, 5374203.77]	3	0	False	encoder_drops_clipped_source_sliver	2-01-member
0	653	1312	288	0	0	0	0	0	0	0	-1	-1	537	0	0	1	0	resolved	c	1	output/scratch-14/cell_local/proofs/537.json	0	b	[0, 694, 1312]	33	[2623359.733, 3045239.462, 5374203.77, 5374203.77]	3	0	False	encoder_drops_clipped_source_sliver	2-01-member
0	656	1312	288	0	0	0	0	0	0	0	-1	-1	538	0	0	1	0	resolved	c	1	output/scratch-14/cell_local/proofs/538.json	0	b	[0, 694, 1312]	33	[2623359.733, 3045239.462, 5374203.77, 5374203.77]	3	0	False	encoder_drops_clipped_source_sliver	2-01-member
0	659	1312	288	0	0	0	0	0	0	0	-1	-1	539	0	0	1	0	resolved	c	1	output/scratch-14/cell_local/proofs/539.json	0	b	[0, 694, 1312]	33	[2623359.733, 3045239.462, 5374203.77, 5374203.77]	3	0	False	encoder_drops_clipped_source_sliver	2-01-member
0	663	1312	288	0	0	0	0	0	0	0	-1	-1	540	0	0	1	0	resolved	c	1	output/scratch-14/cell_local/proofs/540.json	0	b	[0, 694, 1312]	33	[2623359.733, 3045239.462, 5374203.77, 5374203.77]	3	0	False	encoder_drops_clipped_source_sliver	2-01-member
0	666	1312	288	0	0	0	0	0	0	0	-1	-1	541	0	0	1	0	resolved	c	1	output/scratch-14/cell_local/proofs/541.json	0	b	[0, 694, 1312]	33	[2623359.733, 3045239.462, 5374203.77, 5374203.77]	3	0	False	encoder_drops_clipped_source_sliver	2-01-member
0	671	1312	288	0	0	0	0	0	0	0	-1	-1	542	0	0	1	0	resolved	c	1	output/scratch-14/cell_local/proofs/542.json	0	b	[0, 694, 1312]	33	[2623359.733, 3045239.462, 5374203.77, 5374203.77]	3	0	False	encoder_drops_clipped_source_sliver	2-01-member
0	674	1312	288	0	0	0	0	0	0	0	-1	-1	543	0	0	1	0	resolved	c	1	output/scratch-14/cell_local/proofs/543.json	0	b	[0, 694, 1312]	33	[2623359.733, 3045239.462, 5374203.77, 5374203.77]	3	0	False	encoder_drops_clipped_source_sliver	2-01-member
0	677	1312	288	0	0	0	0	0	0	0	-1	-1	544	0	0	1	0	resolved	c	1	output/scratch-14/cell_local/proofs/544.json	0	b	[0, 694, 1312]	33	[2623359.733, 3045239.462, 5374203.77, 5374203.77]	3	0	False	encoder_drops_clipped_source_sliver	2-01-member
0	680	1312	288	0	0	0	0	0	0	0	-1	-1	545	0	0	1	0	resolved	c	1	output/scratch-14/cell_local/proofs/545.json	0	b	[0, 694, 1312]	33	[2623359.733, 3045239.462, 5374203.77, 5374203.77]	3	0	False	encoder_drops_clipped_source_sliver	2-01-member
0	684	1312	288	0	0	0	0	0	0	0	-1	-1	546	0	0	1	0	resolved	c	1	output/scratch-14/cell_local/proofs/546.json	0	b	[0, 694, 1312]	33	[2623359.733, 3045239.462, 5374203.77, 5374203.77]	3	0	False	encoder_drops_clipped_source_sliver	2-01-member
0	687	1312	288	0	0	0	0	0	0	0	-1	-1	547	0	0	1	0	resolved	c	1	output/scratch-14/cell_local/proofs/547.json	0	b	[0, 694, 1312]	33	[2623359.733, 3045239.462, 5374203.77, 5374203.77]	3	0	False	encoder_drops_clipped_source_sliver	2-01-member
0	690	1312	288	0	0	0	0	0	0	0	-1	-1	548	0	0	1	0	resolved	c	1	output/scratch-14/cell_local/proofs/548.json	0	b	[0, 694, 1312]	33	[2623359.733, 3045239.462, 5374203.77, 5374203.77]	3	0	False	encoder_drops_clipped_source_sliver	2-01-member
0	693	1312	288	0	0	0	0	0	0	0	-1	-1	549	0	0	1	0	resolved	c	1	output/scratch-14/cell_local/proofs/549.json	0	b	[0, 694, 1312]	33	[2623359.733, 3045239.462, 5374203.77, 5374203.77]	3	0	False	encoder_drops_clipped_source_sliver	2-01-member
0	697	1312	288	0	0	0	0	0	0	0	-1	-1	550	0	0	1	0	resolved	c	1	output/scratch-14/cell_local/proofs/550.json	0	b	[0, 694, 1312]	33	[2623359.733, 3045239.462, 5374203.77, 5374203.77]	3	0	False	encoder_drops_clipped_source_sliver	2-01-member
0	700	1312	288	0	0	0	0	0	0	0	-1	-1	551	0	0	1	0	resolved	c	1	output/scratch-14/cell_local/proofs/551.json	0	b	[0, 694, 1312]	33	[2623359.733, 3045239.462, 5374203.77, 5374203.77]	3	0	False	encoder_drops_clipped_source_sliver	2-01-member
0	703	1312	288	0	0	0	0	0	0	0	-1	-1	552	0	0	1	0	resolved	c	1	output/scratch-14/cell_local/proofs/552.json	0	b	[0, 694, 1312]	33	[2623359.733, 3045239.462, 5374203.77, 5374203.77]	3	0	False	encoder_drops_clipped_source_sliver	2-01-member
0	707	1312	288	0	0	0	0	0	0	0	-1	-1	553	0	0	1	0	resolved	c	1	output/scratch-14/cell_local/proofs/553.json	0	b	[0, 694, 1312]	33	[2623359.733, 3045239.462, 5374203.77, 5374203.77]	3	0	False	encoder_drops_clipped_source_sliver	2-01-member
0	710	1312	288	0	0	0	0	0	0	0	-1	-1	554	0	0	1	0	resolved	c	1	output/scratch-14/cell_local/proofs/554.json	0	b	[0, 694, 1312]	33	[2623359.733, 3045239.462, 5374203.77, 5374203.77]	3	0	False	encoder_drops_clipped_source_sliver	2-01-member
0	715	1312	288	0	0	0	0	0	0	0	-1	-1	555	0	0	1	0	resolved	c	1	output/scratch-14/cell_local/proofs/555.json	0	b	[0, 694, 1312]	33	[2623359.733, 3045239.462, 5374203.77, 5374203.77]	3	0	False	encoder_drops_clipped_source_sliver	2-01-member
0	719	1312	288	0	0	0	0	0	0	0	-1	-1	556	0	0	1	0	resolved	c	1	output/scratch-14/cell_local/proofs/556.json	0	b	[0, 694, 1312]	33	[2623359.733, 3045239.462, 5374203.77, 5374203.77]	3	0	False	encoder_drops_clipped_source_sliver	2-01-member
0	722	1312	288	0	0	0	0	0	0	0	-1	-1	557	0	0	1	0	resolved	c	1	output/scratch-14/cell_local/proofs/557.json	0	b	[0, 694, 1312]	33	[2623359.733, 3045239.462, 5374203.77, 5374203.77]	3	0	False	encoder_drops_clipped_source_sliver	2-01-member
0	728	1312	288	0	0	0	0	0	0	0	-1	-1	558	0	0	1	0	resolved	c	1	output/scratch-14/cell_local/proofs/558.json	0	b	[0, 694, 1312]	33	[2623359.733, 3045239.462, 5374203.77, 5374203.77]	3	0	False	encoder_drops_clipped_source_sliver	2-01-member
0	732	1312	288	0	0	0	0	0	0	0	-1	-1	559	0	0	1	0	resolved	c	1	output/scratch-14/cell_local/proofs/559.json	0	b	[0, 694, 1312]	33	[2623359.733, 3045239.462, 5374203.77, 5374203.77]	3	0	False	encoder_drops_clipped_source_sliver	2-01-member
0	735	1312	288	0	0	0	0	0	0	0	-1	-1	560	0	0	1	0	resolved	c	1	output/scratch-14/cell_local/proofs/560.json	0	b	[0, 694, 1312]	33	[2623359.733, 3045239.462, 5374203.77, 5374203.77]	3	0	False	encoder_drops_clipped_source_sliver	2-01-member
0	738	1312	288	0	0	0	0	0	0	0	-1	-1	561	0	0	1	0	resolved	c	1	output/scratch-14/cell_local/proofs/561.json	0	b	[0, 694, 1312]	33	[2623359.733, 3045239.462, 5374203.77, 5374203.77]	3	0	False	encoder_drops_clipped_source_sliver	2-01-member
0	1904	1350	288	0	0	0	0	0	0	0	-1	-1	567	0	0	1	0	resolved	c	1	output/scratch-14/cell_local/proofs/567.json	0	b	[0, 1903, 1350]	5	[7793866.598, 7799876.695, 5530882.769, 5530883.182]	2	0	False	encoder_drops_clipped_source_sliver	2-01-member
0	660	1406	288	0	0	0	0	0	0	0	-1	-1	598	0	0	1	0	resolved	c	1	output/scratch-14/cell_local/proofs/598.json	0	b	[0, 662, 1406]	5	[2700174.4, 2741589.338, 5760614.4, 5760614.4]	3	0	False	encoder_drops_clipped_source_sliver	2-01-member
0	665	1406	288	0	0	0	0	0	0	0	-1	-1	599	0	0	1	0	resolved	c	1	output/scratch-14/cell_local/proofs/599.json	0	b	[0, 662, 1406]	5	[2700174.4, 2741589.338, 5760614.4, 5760614.4]	3	0	False	encoder_drops_clipped_source_sliver	2-01-member
0	1961	1471	288	0	0	0	0	0	0	0	-1	-1	617	0	0	1	0	resolved	c	1	output/scratch-14/cell_local/proofs/617.json	0	b	[0, 1958, 1471]	48	[7909175.748, 8137605.12, 6026035.2, 6026035.2]	3	0	False	encoder_drops_clipped_source_sliver	2-01-member
0	1962	1471	288	0	0	0	0	0	0	0	-1	-1	618	0	0	1	0	resolved	c	1	output/scratch-14/cell_local/proofs/618.json	0	b	[0, 1958, 1471]	48	[7909175.748, 8137605.12, 6026035.2, 6026035.2]	3	0	False	encoder_drops_clipped_source_sliver	2-01-member
0	1964	1471	288	0	0	0	0	0	0	0	-1	-1	619	0	0	1	0	resolved	c	1	output/scratch-14/cell_local/proofs/619.json	0	b	[0, 1958, 1471]	48	[7909175.748, 8137605.12, 6026035.2, 6026035.2]	3	0	False	encoder_drops_clipped_source_sliver	2-01-member
0	1965	1471	288	0	0	0	0	0	0	0	-1	-1	620	0	0	1	0	resolved	c	1	output/scratch-14/cell_local/proofs/620.json	0	b	[0, 1958, 1471]	48	[7909175.748, 8137605.12, 6026035.2, 6026035.2]	3	0	False	encoder_drops_clipped_source_sliver	2-01-member
0	1966	1471	288	0	0	0	0	0	0	0	-1	-1	621	0	0	1	0	resolved	c	1	output/scratch-14/cell_local/proofs/621.json	0	b	[0, 1958, 1471]	48	[7909175.748, 8137605.12, 6026035.2, 6026035.2]	3	0	False	encoder_drops_clipped_source_sliver	2-01-member
0	1967	1471	288	0	0	0	0	0	0	0	-1	-1	622	0	0	1	0	resolved	c	1	output/scratch-14/cell_local/proofs/622.json	0	b	[0, 1958, 1471]	48	[7909175.748, 8137605.12, 6026035.2, 6026035.2]	3	0	False	encoder_drops_clipped_source_sliver	2-01-member
0	1969	1471	288	0	0	0	0	0	0	0	-1	-1	623	0	0	1	0	resolved	c	1	output/scratch-14/cell_local/proofs/623.json	0	b	[0, 1958, 1471]	48	[7909175.748, 8137605.12, 6026035.2, 6026035.2]	4	0	False	encoder_drops_clipped_source_sliver	2-01-member
0	1971	1471	288	0	0	0	0	0	0	0	-1	-1	624	0	0	1	0	resolved	c	1	output/scratch-14/cell_local/proofs/624.json	0	b	[0, 1958, 1471]	48	[7909175.748, 8137605.12, 6026035.2, 6026035.2]	3	0	False	encoder_drops_clipped_source_sliver	2-01-member
0	1972	1471	288	0	0	0	0	0	0	0	-1	-1	625	0	0	1	0	resolved	c	1	output/scratch-14/cell_local/proofs/625.json	0	b	[0, 1958, 1471]	48	[7909175.748, 8137605.12, 6026035.2, 6026035.2]	3	0	False	encoder_drops_clipped_source_sliver	2-01-member
0	1974	1471	288	0	0	0	0	0	0	0	-1	-1	626	0	0	1	0	resolved	c	1	output/scratch-14/cell_local/proofs/626.json	0	b	[0, 1958, 1471]	48	[7909175.748, 8137605.12, 6026035.2, 6026035.2]	3	0	False	encoder_drops_clipped_source_sliver	2-01-member
0	1975	1471	288	0	0	0	0	0	0	0	-1	-1	627	0	0	1	0	resolved	c	1	output/scratch-14/cell_local/proofs/627.json	0	b	[0, 1958, 1471]	48	[7909175.748, 8137605.12, 6026035.2, 6026035.2]	3	0	False	encoder_drops_clipped_source_sliver	2-01-member
0	950	1585	288	0	0	0	0	0	0	0	-1	-1	711	0	0	1	0	resolved	c	1	output/scratch-14/cell_local/proofs/711.json	0	b	[0, 949, 1585]	5	[3870993.062, 3895022.938, 6494617.593, 6494617.593]	3	0	False	encoder_drops_clipped_source_sliver	2-01-member
0	1256	1856	288	0	0	0	0	0	0	0	-1	-1	772	0	0	1	0	resolved	c	1	output/scratch-14/cell_local/proofs/772.json	0	b	[0, 1256, 1864]	6	[5145668.262, 5145668.262, 7520256.0, 7700480.007]	3	0	False	encoder_drops_clipped_source_sliver	2-01-member
0	1256	1857	288	0	0	0	0	0	0	0	-1	-1	773	0	0	1	0	resolved	c	1	output/scratch-14/cell_local/proofs/773.json	0	b	[0, 1256, 1864]	6	[5145668.262, 5145668.262, 7520256.0, 7700480.007]	3	0	False	encoder_drops_clipped_source_sliver	2-01-member
0	1256	1878	288	0	0	0	0	0	0	0	-1	-1	774	0	0	1	0	resolved	c	1	output/scratch-14/cell_local/proofs/774.json	0	b	[0, 1256, 1864]	6	[5145668.262, 5145668.262, 7520256.0, 7700480.007]	3	0	False	encoder_drops_clipped_source_sliver	2-01-member
0	1363	1958	288	0	0	0	0	0	0	0	-1	-1	775	0	0	1	0	resolved	c	1	output/scratch-14/cell_local/proofs/775.json	0	b	[0, 1363, 1900]	4	[5583667.2, 5583667.2, 7684496.209, 8021098.208]	2	0	False	encoder_drops_clipped_source_sliver	2-01-member
