level	ix	iy	code	p0	p1	p2	p3	p4	p5	p6	shape	vert	dump_row	in_historic_188	in_added_89	R_polygon_count	G_polygon_count	spool_source_branch	spool_source_cell	spool_source_ncoord	source_n_crossings	n_eo_faces	n_faces_clipped	n_faces_emit	max_clipped_area2	c_records_original	c_records_repaired	any_encoder_emits	mechanism	membership	proof_path
0	1814	548	288	0	0	0	0	0	0	0	-1	-1	0	0	0	0	0	b	[0, 1814, 547]	4	0	1	1	0	0	0	0	False	complete_repair_zero_representable	2-02-member	/home/codyh/workspace/open-pajero-maps/output/scratch-14/complete_repair/proofs/0.json
0	1709	554	291	0	0	0	0	0	0	0	-1	-1	1	0	0	0	0	b	[0, 1710, 554]	8	0	1	1	0	0	0	0	False	complete_repair_zero_representable	2-02-member	/home/codyh/workspace/open-pajero-maps/output/scratch-14/complete_repair/proofs/1.json
0	1793	647	578	0	0	0	0	0	0	0	-1	-1	121	0	0	0	0	b	[0, 1793, 646]	4	0	1	1	0	0	0	0	False	complete_repair_zero_representable	2-02-member	/home/codyh/workspace/open-pajero-maps/output/scratch-14/complete_repair/proofs/121.json
0	1608	672	288	0	0	0	0	0	0	0	-1	-1	122	0	0	0	0	b	[0, 1608, 671]	4	0	1	1	0	0	0	0	False	complete_repair_zero_representable	2-02-member	/home/codyh/workspace/open-pajero-maps/output/scratch-14/complete_repair/proofs/122.json
0	1703	685	288	0	0	0	0	0	0	0	-1	-1	123	0	0	0	0	b	[0, 1702, 685]	4	0	1	1	0	0	0	0	False	complete_repair_zero_representable	2-02-member	/home/codyh/workspace/open-pajero-maps/output/scratch-14/complete_repair/proofs/123.json
0	1694	687	288	0	0	0	0	0	0	0	-1	-1	124	0	0	0	0	b	[0, 1694, 688]	4	0	1	1	0	0	0	0	False	complete_repair_zero_representable	2-02-member	/home/codyh/workspace/open-pajero-maps/output/scratch-14/complete_repair/proofs/124.json
0	1546	690	288	0	0	0	0	0	0	0	-1	-1	125	0	0	0	0	b	[0, 1546, 691]	4	0	1	1	0	0	0	0	False	complete_repair_zero_representable	2-02-member	/home/codyh/workspace/open-pajero-maps/output/scratch-14/complete_repair/proofs/125.json
0	1716	690	291	0	0	0	0	0	0	0	-1	-1	126	0	0	0	0	b	[0, 1716, 691]	4	0	1	1	0	0	0	0	False	complete_repair_zero_representable	2-02-member	/home/codyh/workspace/open-pajero-maps/output/scratch-14/complete_repair/proofs/126.json
0	1690	693	291	0	0	0	0	0	0	0	-1	-1	127	0	0	0	0	b	[0, 1690, 691]	61	0	1	1	0	0	0	0	False	complete_repair_zero_representable	2-02-member	/home/codyh/workspace/open-pajero-maps/output/scratch-14/complete_repair/proofs/127.json
0	1695	699	288	0	0	0	0	0	0	0	-1	-1	138	0	1	0	0	b	[0, 1695, 699]	10	3	4	2	0	0	0	0	False	complete_repair_zero_representable	2-02-member	/home/codyh/workspace/open-pajero-maps/output/scratch-14/complete_repair/proofs/138.json
0	1783	701	288	0	0	0	0	0	0	0	-1	-1	139	0	0	0	0	b	[0, 1783, 702]	4	0	1	1	0	0	0	0	False	complete_repair_zero_representable	2-02-member	/home/codyh/workspace/open-pajero-maps/output/scratch-14/complete_repair/proofs/139.json
0	1581	716	288	0	0	0	0	0	0	0	-1	-1	173	0	0	0	0	b	[0, 1581, 715]	4	0	1	1	0	0	0	0	False	complete_repair_zero_representable	2-02-member	/home/codyh/workspace/open-pajero-maps/output/scratch-14/complete_repair/proofs/173.json
0	1749	716	288	0	0	0	0	0	0	0	-1	-1	174	0	0	0	0	b	[0, 1749, 717]	4	0	1	1	0	0	0	0	False	complete_repair_zero_representable	2-02-member	/home/codyh/workspace/open-pajero-maps/output/scratch-14/complete_repair/proofs/174.json
0	1806	731	291	0	0	0	0	0	0	0	-1	-1	175	0	0	0	0	b	[0, 1806, 732]	8	0	1	1	0	0	0	0	False	complete_repair_zero_representable	2-02-member	/home/codyh/workspace/open-pajero-maps/output/scratch-14/complete_repair/proofs/175.json
0	1852	746	288	0	0	0	0	0	0	0	-1	-1	187	1	0	0	0	b	[0, 1850, 746]	24	3	4	1	0	0	0	0	False	complete_repair_zero_representable	2-02-member	/home/codyh/workspace/open-pajero-maps/output/scratch-14/complete_repair/proofs/187.json
0	783	760	288	0	0	0	0	0	0	0	-1	-1	198	0	0	0	0	b	[0, 788, 760]	20	0	1	1	0	0	0	0	False	complete_repair_zero_representable	2-02-member	/home/codyh/workspace/open-pajero-maps/output/scratch-14/complete_repair/proofs/198.json
0	1414	764	288	0	0	0	0	0	0	0	-1	-1	199	0	0	0	0	b	[0, 1414, 761]	4	0	1	1	0	0	0	0	False	complete_repair_zero_representable	2-02-member	/home/codyh/workspace/open-pajero-maps/output/scratch-14/complete_repair/proofs/199.json
0	1454	766	288	0	0	0	0	0	0	0	-1	-1	200	1	0	0	0	b	[0, 1454, 768]	14	2	3	1	0	0	0	0	False	complete_repair_zero_representable	2-02-member	/home/codyh/workspace/open-pajero-maps/output/scratch-14/complete_repair/proofs/200.json
0	1454	767	288	0	0	0	0	0	0	0	-1	-1	201	1	0	0	0	b	[0, 1454, 768]	14	2	3	1	0	0	0	0	False	complete_repair_zero_representable	2-02-member	/home/codyh/workspace/open-pajero-maps/output/scratch-14/complete_repair/proofs/201.json
0	1639	767	288	0	0	0	0	0	0	0	-1	-1	202	0	0	0	0	b	[0, 1638, 767]	4	0	1	1	0	0	0	0	False	complete_repair_zero_representable	2-02-member	/home/codyh/workspace/open-pajero-maps/output/scratch-14/complete_repair/proofs/202.json
0	1829	770	288	0	0	0	0	0	0	0	-1	-1	203	0	0	0	0	b	[0, 1830, 770]	4	0	1	1	0	0	0	0	False	complete_repair_zero_representable	2-02-member	/home/codyh/workspace/open-pajero-maps/output/scratch-14/complete_repair/proofs/203.json
0	1720	774	288	0	0	0	0	0	0	0	-1	-1	204	0	0	0	0	b	[0, 1719, 774]	4	0	1	1	0	0	0	0	False	complete_repair_zero_representable	2-02-member	/home/codyh/workspace/open-pajero-maps/output/scratch-14/complete_repair/proofs/204.json
0	962	780	291	0	0	0	0	0	0	0	-1	-1	205	0	1	0	0	b	[0, 962, 779]	37	1	2	1	0	0	0	0	False	complete_repair_zero_representable	2-02-member	/home/codyh/workspace/open-pajero-maps/output/scratch-14/complete_repair/proofs/205.json
0	1063	784	288	0	0	0	0	0	0	0	-1	-1	206	0	0	0	0	b	[0, 1063, 784]	5	0	1	1	0	0	0	0	False	complete_repair_zero_representable	2-02-member	/home/codyh/workspace/open-pajero-maps/output/scratch-14/complete_repair/proofs/206.json
0	1608	786	288	0	0	0	0	0	0	0	-1	-1	207	0	0	0	0	b	[0, 1601, 787]	4	0	1	1	0	0	0	0	False	complete_repair_zero_representable	2-02-member	/home/codyh/workspace/open-pajero-maps/output/scratch-14/complete_repair/proofs/207.json
0	1063	789	288	0	0	0	0	0	0	0	-1	-1	208	0	0	0	0	b	[0, 1063, 784]	5	0	1	1	0	0	0	0	False	complete_repair_zero_representable	2-02-member	/home/codyh/workspace/open-pajero-maps/output/scratch-14/complete_repair/proofs/208.json
0	1570	789	288	0	0	0	0	0	0	0	-1	-1	209	0	0	0	0	b	[0, 1570, 790]	5	0	1	1	0	0	0	0	False	complete_repair_zero_representable	2-02-member	/home/codyh/workspace/open-pajero-maps/output/scratch-14/complete_repair/proofs/209.json
0	1075	790	288	0	0	0	0	0	0	0	-1	-1	211	0	1	0	0	b	[0, 1075, 792]	5	1	2	1	0	0	0	0	False	complete_repair_zero_representable	2-02-member	/home/codyh/workspace/open-pajero-maps/output/scratch-14/complete_repair/proofs/211.json
0	1723	792	288	0	0	0	0	0	0	0	-1	-1	212	0	0	0	0	b	[0, 1723, 791]	4	0	1	1	0	0	0	0	False	complete_repair_zero_representable	2-02-member	/home/codyh/workspace/open-pajero-maps/output/scratch-14/complete_repair/proofs/212.json
0	1780	792	288	0	0	0	0	0	0	0	-1	-1	213	0	0	0	0	b	[0, 1781, 793]	4	0	1	1	0	0	0	0	False	complete_repair_zero_representable	2-02-member	/home/codyh/workspace/open-pajero-maps/output/scratch-14/complete_repair/proofs/213.json
0	1063	794	288	0	0	0	0	0	0	0	-1	-1	214	0	0	0	0	b	[0, 1063, 794]	4	0	1	1	0	0	0	0	False	complete_repair_zero_representable	2-02-member	/home/codyh/workspace/open-pajero-maps/output/scratch-14/complete_repair/proofs/214.json
0	1075	796	288	0	0	0	0	0	0	0	-1	-1	215	1	0	0	0	b	[0, 1075, 792]	5	1	2	1	0	0	0	0	False	complete_repair_zero_representable	2-02-member	/home/codyh/workspace/open-pajero-maps/output/scratch-14/complete_repair/proofs/215.json
0	1469	800	288	0	0	0	0	0	0	0	-1	-1	216	0	0	0	0	b	[0, 1471, 800]	4	0	1	1	0	0	0	0	False	complete_repair_zero_representable	2-02-member	/home/codyh/workspace/open-pajero-maps/output/scratch-14/complete_repair/proofs/216.json
0	1705	820	288	0	0	0	0	0	0	0	-1	-1	217	0	0	0	0	b	[0, 1705, 821]	4	0	1	1	0	0	0	0	False	complete_repair_zero_representable	2-02-member	/home/codyh/workspace/open-pajero-maps/output/scratch-14/complete_repair/proofs/217.json
0	1531	822	288	0	0	0	0	0	0	0	-1	-1	218	0	0	0	0	b	[0, 1531, 822]	4	0	1	1	0	0	0	0	False	complete_repair_zero_representable	2-02-member	/home/codyh/workspace/open-pajero-maps/output/scratch-14/complete_repair/proofs/218.json
0	960	832	288	0	0	0	0	0	0	0	-1	-1	219	0	0	0	0	b	[0, 960, 842]	7	0	1	1	0	0	0	0	False	complete_repair_zero_representable	2-02-member	/home/codyh/workspace/open-pajero-maps/output/scratch-14/complete_repair/proofs/219.json
0	1424	832	288	0	0	0	0	0	0	0	-1	-1	220	0	0	0	0	b	[0, 1424, 833]	4	0	1	1	0	0	0	0	False	complete_repair_zero_representable	2-02-member	/home/codyh/workspace/open-pajero-maps/output/scratch-14/complete_repair/proofs/220.json
0	960	838	288	0	0	0	0	0	0	0	-1	-1	221	0	0	0	0	b	[0, 960, 842]	7	0	1	1	0	0	0	0	False	complete_repair_zero_representable	2-02-member	/home/codyh/workspace/open-pajero-maps/output/scratch-14/complete_repair/proofs/221.json
0	960	843	288	0	0	0	0	0	0	0	-1	-1	222	0	0	0	0	b	[0, 960, 842]	7	0	1	1	0	0	0	0	False	complete_repair_zero_representable	2-02-member	/home/codyh/workspace/open-pajero-maps/output/scratch-14/complete_repair/proofs/222.json
0	1751	845	288	0	0	0	0	0	0	0	-1	-1	223	0	0	0	0	b	[0, 1753, 844]	4	0	1	1	0	0	0	0	False	complete_repair_zero_representable	2-02-member	/home/codyh/workspace/open-pajero-maps/output/scratch-14/complete_repair/proofs/223.json
0	793	854	288	0	0	0	0	0	0	0	-1	-1	224	0	0	0	0	b	[0, 793, 854]	7	0	1	1	0	0	0	0	False	complete_repair_zero_representable	2-02-member	/home/codyh/workspace/open-pajero-maps/output/scratch-14/complete_repair/proofs/224.json
0	794	854	288	0	0	0	0	0	0	0	-1	-1	225	0	0	0	0	b	[0, 793, 854]	7	0	1	1	0	0	0	0	False	complete_repair_zero_representable	2-02-member	/home/codyh/workspace/open-pajero-maps/output/scratch-14/complete_repair/proofs/225.json
0	795	854	288	0	0	0	0	0	0	0	-1	-1	226	0	0	0	0	b	[0, 793, 854]	7	0	1	1	0	0	0	0	False	complete_repair_zero_representable	2-02-member	/home/codyh/workspace/open-pajero-maps/output/scratch-14/complete_repair/proofs/226.json
0	796	855	288	0	0	0	0	0	0	0	-1	-1	227	0	0	0	0	b	[0, 796, 858]	4	0	1	1	0	0	0	0	False	complete_repair_zero_representable	2-02-member	/home/codyh/workspace/open-pajero-maps/output/scratch-14/complete_repair/proofs/227.json
0	960	858	288	0	0	0	0	0	0	0	-1	-1	228	0	0	0	0	b	[0, 960, 859]	4	0	1	1	0	0	0	0	False	complete_repair_zero_representable	2-02-member	/home/codyh/workspace/open-pajero-maps/output/scratch-14/complete_repair/proofs/228.json
0	785	859	288	0	0	0	0	0	0	0	-1	-1	229	0	0	0	0	b	[0, 788, 859]	10	0	1	1	0	0	0	0	False	complete_repair_zero_representable	2-02-member	/home/codyh/workspace/open-pajero-maps/output/scratch-14/complete_repair/proofs/229.json
0	787	859	288	0	0	0	0	0	0	0	-1	-1	230	0	0	0	0	b	[0, 788, 859]	10	0	1	1	0	0	0	0	False	complete_repair_zero_representable	2-02-member	/home/codyh/workspace/open-pajero-maps/output/scratch-14/complete_repair/proofs/230.json
0	789	859	288	0	0	0	0	0	0	0	-1	-1	231	0	0	0	0	b	[0, 788, 859]	10	0	1	1	0	0	0	0	False	complete_repair_zero_representable	2-02-member	/home/codyh/workspace/open-pajero-maps/output/scratch-14/complete_repair/proofs/231.json
0	791	859	288	0	0	0	0	0	0	0	-1	-1	232	0	0	0	0	b	[0, 788, 859]	10	0	1	1	0	0	0	0	False	complete_repair_zero_representable	2-02-member	/home/codyh/workspace/open-pajero-maps/output/scratch-14/complete_repair/proofs/232.json
0	1435	863	288	0	0	0	0	0	0	0	-1	-1	233	0	0	0	0	b	[0, 1435, 862]	4	0	1	1	0	0	0	0	False	complete_repair_zero_representable	2-02-member	/home/codyh/workspace/open-pajero-maps/output/scratch-14/complete_repair/proofs/233.json
0	1860	866	288	0	0	0	0	0	0	0	-1	-1	234	0	0	0	0	b	[0, 1860, 867]	4	0	1	1	0	0	0	0	False	complete_repair_zero_representable	2-02-member	/home/codyh/workspace/open-pajero-maps/output/scratch-14/complete_repair/proofs/234.json
0	1364	875	288	0	0	0	0	0	0	0	-1	-1	235	0	0	0	0	b	[0, 1363, 875]	4	0	1	1	0	0	0	0	False	complete_repair_zero_representable	2-02-member	/home/codyh/workspace/open-pajero-maps/output/scratch-14/complete_repair/proofs/235.json
0	913	876	578	0	0	0	0	0	0	0	-1	-1	236	0	0	0	0	b	[0, 913, 875]	5	1	2	1	0	0	0	0	False	complete_repair_zero_representable	2-02-member	/home/codyh/workspace/open-pajero-maps/output/scratch-14/complete_repair/proofs/236.json
0	784	878	288	0	0	0	0	0	0	0	-1	-1	237	0	0	0	0	b	[0, 787, 878]	10	0	1	1	0	0	0	0	False	complete_repair_zero_representable	2-02-member	/home/codyh/workspace/open-pajero-maps/output/scratch-14/complete_repair/proofs/237.json
0	786	878	288	0	0	0	0	0	0	0	-1	-1	238	0	0	0	0	b	[0, 787, 878]	10	0	1	1	0	0	0	0	False	complete_repair_zero_representable	2-02-member	/home/codyh/workspace/open-pajero-maps/output/scratch-14/complete_repair/proofs/238.json
0	787	878	288	0	0	0	0	0	0	0	-1	-1	239	0	0	0	0	b	[0, 787, 878]	10	0	1	1	0	0	0	0	False	complete_repair_zero_representable	2-02-member	/home/codyh/workspace/open-pajero-maps/output/scratch-14/complete_repair/proofs/239.json
0	788	878	288	0	0	0	0	0	0	0	-1	-1	240	0	0	0	0	b	[0, 787, 878]	10	0	1	1	0	0	0	0	False	complete_repair_zero_representable	2-02-member	/home/codyh/workspace/open-pajero-maps/output/scratch-14/complete_repair/proofs/240.json
0	789	878	288	0	0	0	0	0	0	0	-1	-1	241	0	0	0	0	b	[0, 787, 878]	10	0	1	1	0	0	0	0	False	complete_repair_zero_representable	2-02-member	/home/codyh/workspace/open-pajero-maps/output/scratch-14/complete_repair/proofs/241.json
0	790	878	288	0	0	0	0	0	0	0	-1	-1	242	0	0	0	0	b	[0, 787, 878]	10	0	1	1	0	0	0	0	False	complete_repair_zero_representable	2-02-member	/home/codyh/workspace/open-pajero-maps/output/scratch-14/complete_repair/proofs/242.json
0	1291	880	288	0	0	0	0	0	0	0	-1	-1	243	0	0	0	0	b	[0, 1291, 874]	4	0	1	1	0	0	0	0	False	complete_repair_zero_representable	2-02-member	/home/codyh/workspace/open-pajero-maps/output/scratch-14/complete_repair/proofs/243.json
0	1248	883	288	0	0	0	0	0	0	0	-1	-1	244	0	1	0	0	b	[0, 1248, 889]	9	1	2	2	0	0	0	0	False	complete_repair_zero_representable	2-02-member	/home/codyh/workspace/open-pajero-maps/output/scratch-14/complete_repair/proofs/244.json
0	1248	885	288	0	0	0	0	0	0	0	-1	-1	245	1	0	0	0	b	[0, 1248, 889]	9	1	2	1	0	0	0	0	False	complete_repair_zero_representable	2-02-member	/home/codyh/workspace/open-pajero-maps/output/scratch-14/complete_repair/proofs/245.json
0	931	914	288	0	0	0	0	0	0	0	-1	-1	247	0	0	0	0	b	[0, 932, 914]	4	0	1	1	0	0	0	0	False	complete_repair_zero_representable	2-02-member	/home/codyh/workspace/open-pajero-maps/output/scratch-14/complete_repair/proofs/247.json
0	1788	917	291	0	0	0	0	0	0	0	-1	-1	248	0	0	0	0	b	[0, 1788, 918]	4	0	1	1	0	0	0	0	False	complete_repair_zero_representable	2-02-member	/home/codyh/workspace/open-pajero-maps/output/scratch-14/complete_repair/proofs/248.json
0	1248	921	288	0	0	0	0	0	0	0	-1	-1	249	0	1	0	0	b	[0, 1248, 910]	15	3	4	1	0	0	0	0	False	complete_repair_zero_representable	2-02-member	/home/codyh/workspace/open-pajero-maps/output/scratch-14/complete_repair/proofs/249.json
0	970	923	288	0	0	0	0	0	0	0	-1	-1	250	0	0	0	0	b	[0, 969, 923]	4	0	1	1	0	0	0	0	False	complete_repair_zero_representable	2-02-member	/home/codyh/workspace/open-pajero-maps/output/scratch-14/complete_repair/proofs/250.json
0	1906	945	578	0	0	0	0	0	0	0	-1	-1	251	0	0	0	0	b	[0, 1906, 945]	4	0	1	1	0	0	0	0	False	complete_repair_zero_representable	2-02-member	/home/codyh/workspace/open-pajero-maps/output/scratch-14/complete_repair/proofs/251.json
0	1914	949	578	0	0	0	0	0	0	0	-1	-1	253	0	0	0	0	b	[0, 1914, 950]	4	0	1	1	0	0	0	0	False	complete_repair_zero_representable	2-02-member	/home/codyh/workspace/open-pajero-maps/output/scratch-14/complete_repair/proofs/253.json
0	1899	958	291	0	0	0	0	0	0	0	-1	-1	254	0	0	0	0	b	[0, 1899, 957]	4	0	1	1	0	0	0	0	False	complete_repair_zero_representable	2-02-member	/home/codyh/workspace/open-pajero-maps/output/scratch-14/complete_repair/proofs/254.json
0	993	975	288	0	0	0	0	0	0	0	-1	-1	255	0	0	0	0	b	[0, 992, 975]	4	0	1	1	0	0	0	0	False	complete_repair_zero_representable	2-02-member	/home/codyh/workspace/open-pajero-maps/output/scratch-14/complete_repair/proofs/255.json
0	1907	975	291	0	0	0	0	0	0	0	-1	-1	256	0	0	0	0	b	[0, 1907, 976]	5	0	1	1	0	0	0	0	False	complete_repair_zero_representable	2-02-member	/home/codyh/workspace/open-pajero-maps/output/scratch-14/complete_repair/proofs/256.json
0	1823	983	288	0	0	0	0	0	0	0	-1	-1	257	0	0	0	0	b	[0, 1822, 983]	4	0	1	1	0	0	0	0	False	complete_repair_zero_representable	2-02-member	/home/codyh/workspace/open-pajero-maps/output/scratch-14/complete_repair/proofs/257.json
0	1925	990	578	0	0	0	0	0	0	0	-1	-1	258	0	0	0	0	b	[0, 1924, 990]	4	0	1	1	0	0	0	0	False	complete_repair_zero_representable	2-02-member	/home/codyh/workspace/open-pajero-maps/output/scratch-14/complete_repair/proofs/258.json
0	1926	992	578	0	0	0	0	0	0	0	-1	-1	259	0	0	0	0	b	[0, 1927, 992]	4	0	1	1	0	0	0	0	False	complete_repair_zero_representable	2-02-member	/home/codyh/workspace/open-pajero-maps/output/scratch-14/complete_repair/proofs/259.json
0	1903	995	291	0	0	0	0	0	0	0	-1	-1	260	1	0	0	0	b	[0, 1903, 994]	7	1	2	1	0	0	0	0	False	complete_repair_zero_representable	2-02-member	/home/codyh/workspace/open-pajero-maps/output/scratch-14/complete_repair/proofs/260.json
0	1846	1008	288	0	0	0	0	0	0	0	-1	-1	261	0	1	0	0	b	[0, 1842, 1008]	22	5	6	1	0	0	0	0	False	complete_repair_zero_representable	2-02-member	/home/codyh/workspace/open-pajero-maps/output/scratch-14/complete_repair/proofs/261.json
0	1892	1020	291	0	0	0	0	0	0	0	-1	-1	279	0	0	0	0	b	[0, 1893, 1021]	4	0	1	1	0	0	0	0	False	complete_repair_zero_representable	2-02-member	/home/codyh/workspace/open-pajero-maps/output/scratch-14/complete_repair/proofs/279.json
0	1975	1021	291	0	0	0	0	0	0	0	-1	-1	280	0	0	0	0	b	[0, 1975, 1020]	15	0	1	1	0	0	0	0	False	complete_repair_zero_representable	2-02-member	/home/codyh/workspace/open-pajero-maps/output/scratch-14/complete_repair/proofs/280.json
0	1038	1026	288	0	0	0	0	0	0	0	-1	-1	281	0	0	0	0	b	[0, 1037, 1026]	6	0	1	1	0	0	0	0	False	complete_repair_zero_representable	2-02-member	/home/codyh/workspace/open-pajero-maps/output/scratch-14/complete_repair/proofs/281.json
0	1915	1030	288	0	0	0	0	0	0	0	-1	-1	282	0	1	0	0	b	[0, 1914, 1031]	9	1	2	1	0	0	0	0	False	complete_repair_zero_representable	2-02-member	/home/codyh/workspace/open-pajero-maps/output/scratch-14/complete_repair/proofs/282.json
0	1931	1038	288	0	0	0	0	0	0	0	-1	-1	283	0	0	0	0	b	[0, 1931, 1037]	4	0	1	1	0	0	0	0	False	complete_repair_zero_representable	2-02-member	/home/codyh/workspace/open-pajero-maps/output/scratch-14/complete_repair/proofs/283.json
0	1411	1044	288	0	0	0	0	0	0	0	-1	-1	284	0	0	0	0	b	[0, 1413, 1043]	11	2	3	1	0	0	0	0	False	complete_repair_zero_representable	2-02-member	/home/codyh/workspace/open-pajero-maps/output/scratch-14/complete_repair/proofs/284.json
0	1041	1047	288	0	0	0	0	0	0	0	-1	-1	285	0	0	0	0	b	[0, 1041, 1048]	4	0	1	1	0	0	0	0	False	complete_repair_zero_representable	2-02-member	/home/codyh/workspace/open-pajero-maps/output/scratch-14/complete_repair/proofs/285.json
0	1751	1047	288	0	0	0	0	0	0	0	-1	-1	286	0	0	0	0	b	[0, 1749, 1048]	4	0	1	1	0	0	0	0	False	complete_repair_zero_representable	2-02-member	/home/codyh/workspace/open-pajero-maps/output/scratch-14/complete_repair/proofs/286.json
0	738	1051	288	0	0	0	0	0	0	0	-1	-1	287	0	0	0	0	b	[0, 737, 1051]	6	0	1	1	0	0	0	0	False	complete_repair_zero_representable	2-02-member	/home/codyh/workspace/open-pajero-maps/output/scratch-14/complete_repair/proofs/287.json
0	1248	1052	288	0	0	0	0	0	0	0	-1	-1	288	0	0	0	0	b	[0, 1248, 1054]	7	0	1	1	0	0	0	0	False	complete_repair_zero_representable	2-02-member	/home/codyh/workspace/open-pajero-maps/output/scratch-14/complete_repair/proofs/288.json
0	1248	1054	288	0	0	0	0	0	0	0	-1	-1	289	0	0	0	0	b	[0, 1248, 1054]	7	0	1	1	0	0	0	0	False	complete_repair_zero_representable	2-02-member	/home/codyh/workspace/open-pajero-maps/output/scratch-14/complete_repair/proofs/289.json
0	1412	1056	288	0	0	0	0	0	0	0	-1	-1	290	0	0	0	0	b	[0, 1412, 1057]	4	0	1	1	0	0	0	0	False	complete_repair_zero_representable	2-02-member	/home/codyh/workspace/open-pajero-maps/output/scratch-14/complete_repair/proofs/290.json
0	1248	1057	288	0	0	0	0	0	0	0	-1	-1	291	0	0	0	0	b	[0, 1248, 1054]	7	0	1	1	0	0	0	0	False	complete_repair_zero_representable	2-02-member	/home/codyh/workspace/open-pajero-maps/output/scratch-14/complete_repair/proofs/291.json
0	1248	1061	288	0	0	0	0	0	0	0	-1	-1	292	1	0	0	0	b	[0, 1248, 1088]	30	2	3	3	0	0	0	0	False	complete_repair_zero_representable	2-02-member	/home/codyh/workspace/open-pajero-maps/output/scratch-14/complete_repair/proofs/292.json
0	1248	1063	288	0	0	0	0	0	0	0	-1	-1	293	1	0	0	0	b	[0, 1248, 1088]	30	2	3	1	0	0	0	0	False	complete_repair_zero_representable	2-02-member	/home/codyh/workspace/open-pajero-maps/output/scratch-14/complete_repair/proofs/293.json
0	1248	1065	288	0	0	0	0	0	0	0	-1	-1	294	1	0	0	0	b	[0, 1248, 1088]	30	2	3	1	0	0	0	0	False	complete_repair_zero_representable	2-02-member	/home/codyh/workspace/open-pajero-maps/output/scratch-14/complete_repair/proofs/294.json
0	1248	1067	288	0	0	0	0	0	0	0	-1	-1	295	1	0	0	0	b	[0, 1248, 1088]	30	2	3	1	0	0	0	0	False	complete_repair_zero_representable	2-02-member	/home/codyh/workspace/open-pajero-maps/output/scratch-14/complete_repair/proofs/295.json
0	1248	1070	288	0	0	0	0	0	0	0	-1	-1	296	1	0	0	0	b	[0, 1248, 1088]	30	2	3	1	0	0	0	0	False	complete_repair_zero_representable	2-02-member	/home/codyh/workspace/open-pajero-maps/output/scratch-14/complete_repair/proofs/296.json
0	1404	1072	578	0	0	0	0	0	0	0	-1	-1	297	0	0	0	0	b	[0, 1405, 1072]	4	0	1	1	0	0	0	0	False	complete_repair_zero_representable	2-02-member	/home/codyh/workspace/open-pajero-maps/output/scratch-14/complete_repair/proofs/297.json
0	1248	1074	288	0	0	0	0	0	0	0	-1	-1	298	1	0	0	0	b	[0, 1248, 1088]	30	2	3	1	0	0	0	0	False	complete_repair_zero_representable	2-02-member	/home/codyh/workspace/open-pajero-maps/output/scratch-14/complete_repair/proofs/298.json
0	979	1075	288	0	0	0	0	0	0	0	-1	-1	299	0	0	0	0	b	[0, 979, 1074]	5	0	1	1	0	0	0	0	False	complete_repair_zero_representable	2-02-member	/home/codyh/workspace/open-pajero-maps/output/scratch-14/complete_repair/proofs/299.json
0	1248	1076	288	0	0	0	0	0	0	0	-1	-1	300	1	0	0	0	b	[0, 1248, 1088]	30	2	3	1	0	0	0	0	False	complete_repair_zero_representable	2-02-member	/home/codyh/workspace/open-pajero-maps/output/scratch-14/complete_repair/proofs/300.json
0	1248	1078	288	0	0	0	0	0	0	0	-1	-1	301	1	0	0	0	b	[0, 1248, 1088]	30	2	3	1	0	0	0	0	False	complete_repair_zero_representable	2-02-member	/home/codyh/workspace/open-pajero-maps/output/scratch-14/complete_repair/proofs/301.json
0	1248	1083	288	0	0	0	0	0	0	0	-1	-1	302	1	0	0	0	b	[0, 1248, 1088]	30	2	3	1	0	0	0	0	False	complete_repair_zero_representable	2-02-member	/home/codyh/workspace/open-pajero-maps/output/scratch-14/complete_repair/proofs/302.json
0	1248	1085	288	0	0	0	0	0	0	0	-1	-1	303	1	0	0	0	b	[0, 1248, 1088]	30	2	3	1	0	0	0	0	False	complete_repair_zero_representable	2-02-member	/home/codyh/workspace/open-pajero-maps/output/scratch-14/complete_repair/proofs/303.json
0	1248	1087	288	0	0	0	0	0	0	0	-1	-1	304	1	0	0	0	b	[0, 1248, 1088]	30	2	3	1	0	0	0	0	False	complete_repair_zero_representable	2-02-member	/home/codyh/workspace/open-pajero-maps/output/scratch-14/complete_repair/proofs/304.json
0	1396	1087	288	0	0	0	0	0	0	0	-1	-1	305	0	0	0	0	b	[0, 1396, 1087]	4	0	1	1	0	0	0	0	False	complete_repair_zero_representable	2-02-member	/home/codyh/workspace/open-pajero-maps/output/scratch-14/complete_repair/proofs/305.json
0	1248	1089	288	0	0	0	0	0	0	0	-1	-1	306	1	0	0	0	b	[0, 1248, 1088]	30	2	3	1	0	0	0	0	False	complete_repair_zero_representable	2-02-member	/home/codyh/workspace/open-pajero-maps/output/scratch-14/complete_repair/proofs/306.json
0	1248	1091	288	0	0	0	0	0	0	0	-1	-1	307	1	0	0	0	b	[0, 1248, 1088]	30	2	3	1	0	0	0	0	False	complete_repair_zero_representable	2-02-member	/home/codyh/workspace/open-pajero-maps/output/scratch-14/complete_repair/proofs/307.json
0	1248	1093	288	0	0	0	0	0	0	0	-1	-1	308	1	0	0	0	b	[0, 1248, 1088]	30	2	3	1	0	0	0	0	False	complete_repair_zero_representable	2-02-member	/home/codyh/workspace/open-pajero-maps/output/scratch-14/complete_repair/proofs/308.json
0	1248	1095	288	0	0	0	0	0	0	0	-1	-1	309	1	0	0	0	b	[0, 1248, 1088]	30	2	3	1	0	0	0	0	False	complete_repair_zero_representable	2-02-member	/home/codyh/workspace/open-pajero-maps/output/scratch-14/complete_repair/proofs/309.json
0	1248	1098	288	0	0	0	0	0	0	0	-1	-1	310	1	0	0	0	b	[0, 1248, 1088]	30	2	3	1	0	0	0	0	False	complete_repair_zero_representable	2-02-member	/home/codyh/workspace/open-pajero-maps/output/scratch-14/complete_repair/proofs/310.json
0	1248	1100	288	0	0	0	0	0	0	0	-1	-1	311	1	0	0	0	b	[0, 1248, 1088]	30	2	3	1	0	0	0	0	False	complete_repair_zero_representable	2-02-member	/home/codyh/workspace/open-pajero-maps/output/scratch-14/complete_repair/proofs/311.json
0	1248	1102	288	0	0	0	0	0	0	0	-1	-1	312	1	0	0	0	b	[0, 1248, 1088]	30	2	3	1	0	0	0	0	False	complete_repair_zero_representable	2-02-member	/home/codyh/workspace/open-pajero-maps/output/scratch-14/complete_repair/proofs/312.json
0	1248	1104	288	0	0	0	0	0	0	0	-1	-1	313	1	0	0	0	b	[0, 1248, 1088]	30	2	3	1	0	0	0	0	False	complete_repair_zero_representable	2-02-member	/home/codyh/workspace/open-pajero-maps/output/scratch-14/complete_repair/proofs/313.json
0	1787	1104	288	0	0	0	0	0	0	0	-1	-1	314	0	0	0	0	b	[0, 1788, 1104]	4	0	1	1	0	0	0	0	False	complete_repair_zero_representable	2-02-member	/home/codyh/workspace/open-pajero-maps/output/scratch-14/complete_repair/proofs/314.json
0	1248	1106	288	0	0	0	0	0	0	0	-1	-1	315	1	0	0	0	b	[0, 1248, 1088]	30	2	3	1	0	0	0	0	False	complete_repair_zero_representable	2-02-member	/home/codyh/workspace/open-pajero-maps/output/scratch-14/complete_repair/proofs/315.json
0	1248	1108	288	0	0	0	0	0	0	0	-1	-1	316	1	0	0	0	b	[0, 1248, 1088]	30	2	3	1	0	0	0	0	False	complete_repair_zero_representable	2-02-member	/home/codyh/workspace/open-pajero-maps/output/scratch-14/complete_repair/proofs/316.json
0	1945	1110	578	0	0	0	0	0	0	0	-1	-1	317	0	0	0	0	b	[0, 1946, 1110]	5	1	2	1	0	0	0	0	False	complete_repair_zero_representable	2-02-member	/home/codyh/workspace/open-pajero-maps/output/scratch-14/complete_repair/proofs/317.json
0	1248	1111	288	0	0	0	0	0	0	0	-1	-1	318	1	0	0	0	b	[0, 1248, 1088]	30	2	3	1	0	0	0	0	False	complete_repair_zero_representable	2-02-member	/home/codyh/workspace/open-pajero-maps/output/scratch-14/complete_repair/proofs/318.json
0	1248	1113	288	0	0	0	0	0	0	0	-1	-1	319	1	0	0	0	b	[0, 1248, 1088]	30	2	3	1	0	0	0	0	False	complete_repair_zero_representable	2-02-member	/home/codyh/workspace/open-pajero-maps/output/scratch-14/complete_repair/proofs/319.json
0	1248	1117	288	0	0	0	0	0	0	0	-1	-1	320	0	0	0	0	b	[0, 1248, 1118]	4	0	1	1	0	0	0	0	False	complete_repair_zero_representable	2-02-member	/home/codyh/workspace/open-pajero-maps/output/scratch-14/complete_repair/proofs/320.json
0	1936	1118	578	0	0	0	0	0	0	0	-1	-1	321	0	0	0	0	b	[0, 1935, 1118]	4	0	1	1	0	0	0	0	False	complete_repair_zero_representable	2-02-member	/home/codyh/workspace/open-pajero-maps/output/scratch-14/complete_repair/proofs/321.json
0	966	1121	288	0	0	0	0	0	0	0	-1	-1	322	0	0	0	0	b	[0, 967, 1121]	5	0	1	1	0	0	0	0	False	complete_repair_zero_representable	2-02-member	/home/codyh/workspace/open-pajero-maps/output/scratch-14/complete_repair/proofs/322.json
0	1248	1121	288	0	0	0	0	0	0	0	-1	-1	323	1	0	0	0	b	[0, 1248, 1136]	19	9	10	1	0	0	0	0	False	complete_repair_zero_representable	2-02-member	/home/codyh/workspace/open-pajero-maps/output/scratch-14/complete_repair/proofs/323.json
0	1109	1122	288	0	0	0	0	0	0	0	-1	-1	324	0	1	0	0	b	[0, 1109, 1193]	30	1	2	1	0	0	0	0	False	complete_repair_zero_representable	2-02-member	/home/codyh/workspace/open-pajero-maps/output/scratch-14/complete_repair/proofs/324.json
0	1248	1124	288	0	0	0	0	0	0	0	-1	-1	325	1	0	0	0	b	[0, 1248, 1136]	19	9	10	1	0	0	0	0	False	complete_repair_zero_representable	2-02-member	/home/codyh/workspace/open-pajero-maps/output/scratch-14/complete_repair/proofs/325.json
0	1348	1125	288	0	0	0	0	0	0	0	-1	-1	326	1	0	0	0	b	[0, 1348, 1123]	40	7	8	1	0	0	0	0	False	complete_repair_zero_representable	2-02-member	/home/codyh/workspace/open-pajero-maps/output/scratch-14/complete_repair/proofs/326.json
0	1248	1126	288	0	0	0	0	0	0	0	-1	-1	327	0	1	0	0	b	[0, 1248, 1136]	19	9	10	2	0	0	0	0	False	complete_repair_zero_representable	2-02-member	/home/codyh/workspace/open-pajero-maps/output/scratch-14/complete_repair/proofs/327.json
0	1109	1127	288	0	0	0	0	0	0	0	-1	-1	328	0	1	0	0	b	[0, 1109, 1193]	30	1	2	1	0	0	0	0	False	complete_repair_zero_representable	2-02-member	/home/codyh/workspace/open-pajero-maps/output/scratch-14/complete_repair/proofs/328.json
0	1248	1128	288	0	0	0	0	0	0	0	-1	-1	329	1	0	0	0	b	[0, 1248, 1136]	19	9	10	1	0	0	0	0	False	complete_repair_zero_representable	2-02-member	/home/codyh/workspace/open-pajero-maps/output/scratch-14/complete_repair/proofs/329.json
0	1248	1130	288	0	0	0	0	0	0	0	-1	-1	330	1	0	0	0	b	[0, 1248, 1136]	19	9	10	1	0	0	0	0	False	complete_repair_zero_representable	2-02-member	/home/codyh/workspace/open-pajero-maps/output/scratch-14/complete_repair/proofs/330.json
0	1248	1132	288	0	0	0	0	0	0	0	-1	-1	331	1	0	0	0	b	[0, 1248, 1136]	19	9	10	3	0	0	0	0	False	complete_repair_zero_representable	2-02-member	/home/codyh/workspace/open-pajero-maps/output/scratch-14/complete_repair/proofs/331.json
0	1109	1133	288	0	0	0	0	0	0	0	-1	-1	332	0	1	0	0	b	[0, 1109, 1193]	30	1	2	1	0	0	0	0	False	complete_repair_zero_representable	2-02-member	/home/codyh/workspace/open-pajero-maps/output/scratch-14/complete_repair/proofs/332.json
0	1248	1134	288	0	0	0	0	0	0	0	-1	-1	333	1	0	0	0	b	[0, 1248, 1136]	19	9	10	1	0	0	0	0	False	complete_repair_zero_representable	2-02-member	/home/codyh/workspace/open-pajero-maps/output/scratch-14/complete_repair/proofs/333.json
0	1248	1136	288	0	0	0	0	0	0	0	-1	-1	334	1	0	0	0	b	[0, 1248, 1136]	19	9	10	1	0	0	0	0	False	complete_repair_zero_representable	2-02-member	/home/codyh/workspace/open-pajero-maps/output/scratch-14/complete_repair/proofs/334.json
0	1109	1139	288	0	0	0	0	0	0	0	-1	-1	336	0	1	0	0	b	[0, 1109, 1193]	30	1	2	1	0	0	0	0	False	complete_repair_zero_representable	2-02-member	/home/codyh/workspace/open-pajero-maps/output/scratch-14/complete_repair/proofs/336.json
0	1401	1139	291	0	0	0	0	0	0	0	-1	-1	337	0	1	0	0	b	[0, 1402, 1139]	6	2	3	1	0	0	0	0	False	complete_repair_zero_representable	2-02-member	/home/codyh/workspace/open-pajero-maps/output/scratch-14/complete_repair/proofs/337.json
0	1248	1141	288	0	0	0	0	0	0	0	-1	-1	338	1	0	0	0	b	[0, 1248, 1136]	19	9	10	1	0	0	0	0	False	complete_repair_zero_representable	2-02-member	/home/codyh/workspace/open-pajero-maps/output/scratch-14/complete_repair/proofs/338.json
0	1600	1142	291	0	0	0	0	0	0	0	-1	-1	346	0	0	0	0	b	[0, 1600, 1143]	26	0	1	1	0	0	0	0	False	complete_repair_zero_representable	2-02-member	/home/codyh/workspace/open-pajero-maps/output/scratch-14/complete_repair/proofs/346.json
0	1248	1143	288	0	0	0	0	0	0	0	-1	-1	347	1	0	0	0	b	[0, 1248, 1136]	19	9	10	1	0	0	0	0	False	complete_repair_zero_representable	2-02-member	/home/codyh/workspace/open-pajero-maps/output/scratch-14/complete_repair/proofs/347.json
0	1352	1144	288	0	0	0	0	0	0	0	-1	-1	348	0	0	0	0	b	[0, 1352, 1145]	4	0	1	1	0	0	0	0	False	complete_repair_zero_representable	2-02-member	/home/codyh/workspace/open-pajero-maps/output/scratch-14/complete_repair/proofs/348.json
0	1248	1145	288	0	0	0	0	0	0	0	-1	-1	349	0	1	0	0	b	[0, 1248, 1136]	19	9	10	2	0	0	0	0	False	complete_repair_zero_representable	2-02-member	/home/codyh/workspace/open-pajero-maps/output/scratch-14/complete_repair/proofs/349.json
0	1248	1147	288	0	0	0	0	0	0	0	-1	-1	350	0	1	0	0	b	[0, 1248, 1136]	19	9	10	1	0	0	0	0	False	complete_repair_zero_representable	2-02-member	/home/codyh/workspace/open-pajero-maps/output/scratch-14/complete_repair/proofs/350.json
0	1248	1149	288	0	0	0	0	0	0	0	-1	-1	351	1	0	0	0	b	[0, 1248, 1136]	19	9	10	1	0	0	0	0	False	complete_repair_zero_representable	2-02-member	/home/codyh/workspace/open-pajero-maps/output/scratch-14/complete_repair/proofs/351.json
0	1321	1152	288	0	0	0	0	0	0	0	-1	-1	352	0	0	0	0	b	[0, 1321, 1152]	7	0	1	1	0	0	0	0	False	complete_repair_zero_representable	2-02-member	/home/codyh/workspace/open-pajero-maps/output/scratch-14/complete_repair/proofs/352.json
0	1322	1152	288	0	0	0	0	0	0	0	-1	-1	353	0	0	0	0	b	[0, 1321, 1152]	7	0	1	1	0	0	0	0	False	complete_repair_zero_representable	2-02-member	/home/codyh/workspace/open-pajero-maps/output/scratch-14/complete_repair/proofs/353.json
0	1345	1152	288	0	0	0	0	0	0	0	-1	-1	354	0	1	0	0	b	[0, 1360, 1152]	18	3	4	2	0	0	0	0	False	complete_repair_zero_representable	2-02-member	/home/codyh/workspace/open-pajero-maps/output/scratch-14/complete_repair/proofs/354.json
0	1348	1152	288	0	0	0	0	0	0	0	-1	-1	355	1	0	0	0	b	[0, 1360, 1152]	18	3	4	1	0	0	0	0	False	complete_repair_zero_representable	2-02-member	/home/codyh/workspace/open-pajero-maps/output/scratch-14/complete_repair/proofs/355.json
0	1350	1152	288	0	0	0	0	0	0	0	-1	-1	356	0	1	0	0	b	[0, 1360, 1152]	18	3	4	2	0	0	0	0	False	complete_repair_zero_representable	2-02-member	/home/codyh/workspace/open-pajero-maps/output/scratch-14/complete_repair/proofs/356.json
0	1371	1152	288	0	0	0	0	0	0	0	-1	-1	357	1	0	0	0	b	[0, 1360, 1152]	18	3	4	1	0	0	0	0	False	complete_repair_zero_representable	2-02-member	/home/codyh/workspace/open-pajero-maps/output/scratch-14/complete_repair/proofs/357.json
0	1374	1152	288	0	0	0	0	0	0	0	-1	-1	358	1	0	0	0	b	[0, 1360, 1152]	18	3	4	1	0	0	0	0	False	complete_repair_zero_representable	2-02-member	/home/codyh/workspace/open-pajero-maps/output/scratch-14/complete_repair/proofs/358.json
0	1377	1152	288	0	0	0	0	0	0	0	-1	-1	359	1	0	0	0	b	[0, 1360, 1152]	18	3	4	1	0	0	0	0	False	complete_repair_zero_representable	2-02-member	/home/codyh/workspace/open-pajero-maps/output/scratch-14/complete_repair/proofs/359.json
0	1512	1152	288	0	0	0	0	0	0	0	-1	-1	360	0	1	0	0	b	[0, 1494, 1152]	17	5	6	1	0	0	0	0	False	complete_repair_zero_representable	2-02-member	/home/codyh/workspace/open-pajero-maps/output/scratch-14/complete_repair/proofs/360.json
0	1248	1154	288	0	0	0	0	0	0	0	-1	-1	361	0	1	0	0	b	[0, 1248, 1196]	44	2	3	1	0	0	0	0	False	complete_repair_zero_representable	2-02-member	/home/codyh/workspace/open-pajero-maps/output/scratch-14/complete_repair/proofs/361.json
0	1248	1156	288	0	0	0	0	0	0	0	-1	-1	362	1	0	0	0	b	[0, 1248, 1196]	44	2	3	1	0	0	0	0	False	complete_repair_zero_representable	2-02-member	/home/codyh/workspace/open-pajero-maps/output/scratch-14/complete_repair/proofs/362.json
0	1248	1158	288	0	0	0	0	0	0	0	-1	-1	363	1	0	0	0	b	[0, 1248, 1196]	44	2	3	1	0	0	0	0	False	complete_repair_zero_representable	2-02-member	/home/codyh/workspace/open-pajero-maps/output/scratch-14/complete_repair/proofs/363.json
0	1214	1159	291	0	0	0	0	0	0	0	-1	-1	364	1	0	0	0	b	[0, 1213, 1158]	7	1	2	1	0	0	0	0	False	complete_repair_zero_representable	2-02-member	/home/codyh/workspace/open-pajero-maps/output/scratch-14/complete_repair/proofs/364.json
0	1248	1160	288	0	0	0	0	0	0	0	-1	-1	365	1	0	0	0	b	[0, 1248, 1196]	44	2	3	1	0	0	0	0	False	complete_repair_zero_representable	2-02-member	/home/codyh/workspace/open-pajero-maps/output/scratch-14/complete_repair/proofs/365.json
0	1248	1162	288	0	0	0	0	0	0	0	-1	-1	366	1	0	0	0	b	[0, 1248, 1196]	44	2	3	1	0	0	0	0	False	complete_repair_zero_representable	2-02-member	/home/codyh/workspace/open-pajero-maps/output/scratch-14/complete_repair/proofs/366.json
0	1248	1165	288	0	0	0	0	0	0	0	-1	-1	367	1	0	0	0	b	[0, 1248, 1196]	44	2	3	1	0	0	0	0	False	complete_repair_zero_representable	2-02-member	/home/codyh/workspace/open-pajero-maps/output/scratch-14/complete_repair/proofs/367.json
0	1248	1167	288	0	0	0	0	0	0	0	-1	-1	368	1	0	0	0	b	[0, 1248, 1196]	44	2	3	1	0	0	0	0	False	complete_repair_zero_representable	2-02-member	/home/codyh/workspace/open-pajero-maps/output/scratch-14/complete_repair/proofs/368.json
0	1248	1169	288	0	0	0	0	0	0	0	-1	-1	369	1	0	0	0	b	[0, 1248, 1196]	44	2	3	1	0	0	0	0	False	complete_repair_zero_representable	2-02-member	/home/codyh/workspace/open-pajero-maps/output/scratch-14/complete_repair/proofs/369.json
0	991	1170	291	0	0	0	0	0	0	0	-1	-1	370	0	0	0	0	b	[0, 991, 1169]	4	0	1	1	0	0	0	0	False	complete_repair_zero_representable	2-02-member	/home/codyh/workspace/open-pajero-maps/output/scratch-14/complete_repair/proofs/370.json
0	1248	1171	288	0	0	0	0	0	0	0	-1	-1	371	1	0	0	0	b	[0, 1248, 1196]	44	2	3	1	0	0	0	0	False	complete_repair_zero_representable	2-02-member	/home/codyh/workspace/open-pajero-maps/output/scratch-14/complete_repair/proofs/371.json
0	992	1172	291	0	0	0	0	0	0	0	-1	-1	372	0	0	0	0	b	[0, 992, 1173]	4	0	1	1	0	0	0	0	False	complete_repair_zero_representable	2-02-member	/home/codyh/workspace/open-pajero-maps/output/scratch-14/complete_repair/proofs/372.json
0	1248	1173	288	0	0	0	0	0	0	0	-1	-1	373	1	0	0	0	b	[0, 1248, 1196]	44	2	3	1	0	0	0	0	False	complete_repair_zero_representable	2-02-member	/home/codyh/workspace/open-pajero-maps/output/scratch-14/complete_repair/proofs/373.json
0	1248	1175	288	0	0	0	0	0	0	0	-1	-1	374	1	0	0	0	b	[0, 1248, 1196]	44	2	3	1	0	0	0	0	False	complete_repair_zero_representable	2-02-member	/home/codyh/workspace/open-pajero-maps/output/scratch-14/complete_repair/proofs/374.json
0	1491	1176	288	0	0	0	0	0	0	0	-1	-1	375	0	0	0	0	b	[0, 1491, 1177]	4	0	1	1	0	0	0	0	False	complete_repair_zero_representable	2-02-member	/home/codyh/workspace/open-pajero-maps/output/scratch-14/complete_repair/proofs/375.json
0	1248	1177	288	0	0	0	0	0	0	0	-1	-1	376	1	0	0	0	b	[0, 1248, 1196]	44	2	3	1	0	0	0	0	False	complete_repair_zero_representable	2-02-member	/home/codyh/workspace/open-pajero-maps/output/scratch-14/complete_repair/proofs/376.json
0	1248	1180	288	0	0	0	0	0	0	0	-1	-1	377	1	0	0	0	b	[0, 1248, 1196]	44	2	3	1	0	0	0	0	False	complete_repair_zero_representable	2-02-member	/home/codyh/workspace/open-pajero-maps/output/scratch-14/complete_repair/proofs/377.json
0	1248	1182	288	0	0	0	0	0	0	0	-1	-1	378	1	0	0	0	b	[0, 1248, 1196]	44	2	3	1	0	0	0	0	False	complete_repair_zero_representable	2-02-member	/home/codyh/workspace/open-pajero-maps/output/scratch-14/complete_repair/proofs/378.json
0	916	1183	288	0	0	0	0	0	0	0	-1	-1	379	0	0	0	0	b	[0, 915, 1183]	4	0	1	1	0	0	0	0	False	complete_repair_zero_representable	2-02-member	/home/codyh/workspace/open-pajero-maps/output/scratch-14/complete_repair/proofs/379.json
0	1248	1184	288	0	0	0	0	0	0	0	-1	-1	380	1	0	0	0	b	[0, 1248, 1196]	44	2	3	1	0	0	0	0	False	complete_repair_zero_representable	2-02-member	/home/codyh/workspace/open-pajero-maps/output/scratch-14/complete_repair/proofs/380.json
0	1248	1186	288	0	0	0	0	0	0	0	-1	-1	381	1	0	0	0	b	[0, 1248, 1196]	44	2	3	1	0	0	0	0	False	complete_repair_zero_representable	2-02-member	/home/codyh/workspace/open-pajero-maps/output/scratch-14/complete_repair/proofs/381.json
0	1248	1188	288	0	0	0	0	0	0	0	-1	-1	382	1	0	0	0	b	[0, 1248, 1196]	44	2	3	1	0	0	0	0	False	complete_repair_zero_representable	2-02-member	/home/codyh/workspace/open-pajero-maps/output/scratch-14/complete_repair/proofs/382.json
0	1248	1195	288	0	0	0	0	0	0	0	-1	-1	383	1	0	0	0	b	[0, 1248, 1196]	44	2	3	1	0	0	0	0	False	complete_repair_zero_representable	2-02-member	/home/codyh/workspace/open-pajero-maps/output/scratch-14/complete_repair/proofs/383.json
0	1248	1197	288	0	0	0	0	0	0	0	-1	-1	384	1	0	0	0	b	[0, 1248, 1196]	44	2	3	1	0	0	0	0	False	complete_repair_zero_representable	2-02-member	/home/codyh/workspace/open-pajero-maps/output/scratch-14/complete_repair/proofs/384.json
0	1009	1198	291	0	0	0	0	0	0	0	-1	-1	385	0	0	0	0	b	[0, 1009, 1197]	4	0	1	1	0	0	0	0	False	complete_repair_zero_representable	2-02-member	/home/codyh/workspace/open-pajero-maps/output/scratch-14/complete_repair/proofs/385.json
0	1248	1199	288	0	0	0	0	0	0	0	-1	-1	386	1	0	0	0	b	[0, 1248, 1196]	44	2	3	1	0	0	0	0	False	complete_repair_zero_representable	2-02-member	/home/codyh/workspace/open-pajero-maps/output/scratch-14/complete_repair/proofs/386.json
0	1248	1203	288	0	0	0	0	0	0	0	-1	-1	387	1	0	0	0	b	[0, 1248, 1196]	44	2	3	1	0	0	0	0	False	complete_repair_zero_representable	2-02-member	/home/codyh/workspace/open-pajero-maps/output/scratch-14/complete_repair/proofs/387.json
0	1248	1206	288	0	0	0	0	0	0	0	-1	-1	388	1	0	0	0	b	[0, 1248, 1196]	44	2	3	1	0	0	0	0	False	complete_repair_zero_representable	2-02-member	/home/codyh/workspace/open-pajero-maps/output/scratch-14/complete_repair/proofs/388.json
0	1248	1208	288	0	0	0	0	0	0	0	-1	-1	389	1	0	0	0	b	[0, 1248, 1196]	44	2	3	1	0	0	0	0	False	complete_repair_zero_representable	2-02-member	/home/codyh/workspace/open-pajero-maps/output/scratch-14/complete_repair/proofs/389.json
0	900	1209	288	0	0	0	0	0	0	0	-1	-1	390	0	0	0	0	b	[0, 899, 1209]	6	0	1	1	0	0	0	0	False	complete_repair_zero_representable	2-02-member	/home/codyh/workspace/open-pajero-maps/output/scratch-14/complete_repair/proofs/390.json
0	1248	1210	288	0	0	0	0	0	0	0	-1	-1	391	1	0	0	0	b	[0, 1248, 1196]	44	2	3	1	0	0	0	0	False	complete_repair_zero_representable	2-02-member	/home/codyh/workspace/open-pajero-maps/output/scratch-14/complete_repair/proofs/391.json
0	1248	1214	288	0	0	0	0	0	0	0	-1	-1	392	1	0	0	0	b	[0, 1248, 1196]	44	2	3	1	0	0	0	0	False	complete_repair_zero_representable	2-02-member	/home/codyh/workspace/open-pajero-maps/output/scratch-14/complete_repair/proofs/392.json
0	1248	1216	288	0	0	0	0	0	0	0	-1	-1	393	1	0	0	0	b	[0, 1248, 1196]	44	2	3	1	0	0	0	0	False	complete_repair_zero_representable	2-02-member	/home/codyh/workspace/open-pajero-maps/output/scratch-14/complete_repair/proofs/393.json
0	1248	1219	288	0	0	0	0	0	0	0	-1	-1	394	1	0	0	0	b	[0, 1248, 1196]	44	2	3	1	0	0	0	0	False	complete_repair_zero_representable	2-02-member	/home/codyh/workspace/open-pajero-maps/output/scratch-14/complete_repair/proofs/394.json
0	1248	1223	288	0	0	0	0	0	0	0	-1	-1	395	1	0	0	0	b	[0, 1248, 1196]	44	2	3	1	0	0	0	0	False	complete_repair_zero_representable	2-02-member	/home/codyh/workspace/open-pajero-maps/output/scratch-14/complete_repair/proofs/395.json
0	906	1225	291	0	0	0	0	0	0	0	-1	-1	481	0	1	0	0	b	[0, 907, 1225]	97	1	2	1	0	0	0	0	False	complete_repair_zero_representable	2-02-member	/home/codyh/workspace/open-pajero-maps/output/scratch-14/complete_repair/proofs/481.json
0	1248	1225	288	0	0	0	0	0	0	0	-1	-1	482	1	0	0	0	b	[0, 1248, 1196]	44	2	3	1	0	0	0	0	False	complete_repair_zero_representable	2-02-member	/home/codyh/workspace/open-pajero-maps/output/scratch-14/complete_repair/proofs/482.json
0	1248	1227	288	0	0	0	0	0	0	0	-1	-1	483	1	0	0	0	b	[0, 1248, 1196]	44	2	3	1	0	0	0	0	False	complete_repair_zero_representable	2-02-member	/home/codyh/workspace/open-pajero-maps/output/scratch-14/complete_repair/proofs/483.json
0	1248	1229	288	0	0	0	0	0	0	0	-1	-1	484	1	0	0	0	b	[0, 1248, 1196]	44	2	3	1	0	0	0	0	False	complete_repair_zero_representable	2-02-member	/home/codyh/workspace/open-pajero-maps/output/scratch-14/complete_repair/proofs/484.json
0	1248	1231	288	0	0	0	0	0	0	0	-1	-1	485	1	0	0	0	b	[0, 1248, 1196]	44	2	3	1	0	0	0	0	False	complete_repair_zero_representable	2-02-member	/home/codyh/workspace/open-pajero-maps/output/scratch-14/complete_repair/proofs/485.json
0	1248	1234	288	0	0	0	0	0	0	0	-1	-1	486	1	0	0	0	b	[0, 1248, 1196]	44	2	3	1	0	0	0	0	False	complete_repair_zero_representable	2-02-member	/home/codyh/workspace/open-pajero-maps/output/scratch-14/complete_repair/proofs/486.json
0	1248	1236	288	0	0	0	0	0	0	0	-1	-1	487	1	0	0	0	b	[0, 1248, 1196]	44	2	3	1	0	0	0	0	False	complete_repair_zero_representable	2-02-member	/home/codyh/workspace/open-pajero-maps/output/scratch-14/complete_repair/proofs/487.json
0	1332	1236	291	0	0	0	0	0	0	0	-1	-1	488	0	1	0	0	b	[0, 1331, 1235]	154	1	2	1	0	0	0	0	False	complete_repair_zero_representable	2-02-member	/home/codyh/workspace/open-pajero-maps/output/scratch-14/complete_repair/proofs/488.json
0	1248	1238	288	0	0	0	0	0	0	0	-1	-1	489	1	0	0	0	b	[0, 1248, 1196]	44	2	3	1	0	0	0	0	False	complete_repair_zero_representable	2-02-member	/home/codyh/workspace/open-pajero-maps/output/scratch-14/complete_repair/proofs/489.json
0	1248	1240	288	0	0	0	0	0	0	0	-1	-1	490	0	1	0	0	b	[0, 1248, 1196]	44	2	3	2	0	0	0	0	False	complete_repair_zero_representable	2-02-member	/home/codyh/workspace/open-pajero-maps/output/scratch-14/complete_repair/proofs/490.json
0	1248	1242	288	0	0	0	0	0	0	0	-1	-1	491	1	0	0	0	b	[0, 1248, 1255]	17	1	2	1	0	0	0	0	False	complete_repair_zero_representable	2-02-member	/home/codyh/workspace/open-pajero-maps/output/scratch-14/complete_repair/proofs/491.json
0	1248	1244	288	0	0	0	0	0	0	0	-1	-1	492	1	0	0	0	b	[0, 1248, 1255]	17	1	2	1	0	0	0	0	False	complete_repair_zero_representable	2-02-member	/home/codyh/workspace/open-pajero-maps/output/scratch-14/complete_repair/proofs/492.json
0	1248	1247	288	0	0	0	0	0	0	0	-1	-1	493	1	0	0	0	b	[0, 1248, 1255]	17	1	2	1	0	0	0	0	False	complete_repair_zero_representable	2-02-member	/home/codyh/workspace/open-pajero-maps/output/scratch-14/complete_repair/proofs/493.json
0	1248	1249	288	0	0	0	0	0	0	0	-1	-1	494	1	0	0	0	b	[0, 1248, 1255]	17	1	2	1	0	0	0	0	False	complete_repair_zero_representable	2-02-member	/home/codyh/workspace/open-pajero-maps/output/scratch-14/complete_repair/proofs/494.json
0	1248	1251	288	0	0	0	0	0	0	0	-1	-1	495	1	0	0	0	b	[0, 1248, 1255]	17	1	2	1	0	0	0	0	False	complete_repair_zero_representable	2-02-member	/home/codyh/workspace/open-pajero-maps/output/scratch-14/complete_repair/proofs/495.json
0	1248	1253	288	0	0	0	0	0	0	0	-1	-1	496	0	0	0	0	b	[0, 1248, 1255]	17	1	2	1	0	0	0	0	False	complete_repair_zero_representable	2-02-member	/home/codyh/workspace/open-pajero-maps/output/scratch-14/complete_repair/proofs/496.json
0	1248	1255	288	0	0	0	0	0	0	0	-1	-1	497	1	0	0	0	b	[0, 1248, 1255]	17	1	2	1	0	0	0	0	False	complete_repair_zero_representable	2-02-member	/home/codyh/workspace/open-pajero-maps/output/scratch-14/complete_repair/proofs/497.json
0	1109	1257	288	0	0	0	0	0	0	0	-1	-1	498	1	0	0	0	b	[0, 1109, 1193]	30	1	2	1	0	0	0	0	False	complete_repair_zero_representable	2-02-member	/home/codyh/workspace/open-pajero-maps/output/scratch-14/complete_repair/proofs/498.json
0	1248	1257	288	0	0	0	0	0	0	0	-1	-1	499	1	0	0	0	b	[0, 1248, 1255]	17	1	2	1	0	0	0	0	False	complete_repair_zero_representable	2-02-member	/home/codyh/workspace/open-pajero-maps/output/scratch-14/complete_repair/proofs/499.json
0	1596	1259	291	0	0	0	0	0	0	0	-1	-1	500	0	0	0	0	b	[0, 1596, 1258]	8	0	1	1	0	0	0	0	False	complete_repair_zero_representable	2-02-member	/home/codyh/workspace/open-pajero-maps/output/scratch-14/complete_repair/proofs/500.json
0	1248	1260	288	0	0	0	0	0	0	0	-1	-1	501	1	0	0	0	b	[0, 1248, 1255]	17	1	2	1	0	0	0	0	False	complete_repair_zero_representable	2-02-member	/home/codyh/workspace/open-pajero-maps/output/scratch-14/complete_repair/proofs/501.json
0	1248	1262	288	0	0	0	0	0	0	0	-1	-1	502	1	0	0	0	b	[0, 1248, 1255]	17	1	2	1	0	0	0	0	False	complete_repair_zero_representable	2-02-member	/home/codyh/workspace/open-pajero-maps/output/scratch-14/complete_repair/proofs/502.json
0	1109	1263	288	0	0	0	0	0	0	0	-1	-1	503	1	0	0	0	b	[0, 1109, 1193]	30	1	2	1	0	0	0	0	False	complete_repair_zero_representable	2-02-member	/home/codyh/workspace/open-pajero-maps/output/scratch-14/complete_repair/proofs/503.json
0	1278	1263	288	0	0	0	0	0	0	0	-1	-1	504	0	0	0	0	b	[0, 1279, 1263]	5	0	1	1	0	0	0	0	False	complete_repair_zero_representable	2-02-member	/home/codyh/workspace/open-pajero-maps/output/scratch-14/complete_repair/proofs/504.json
0	1248	1264	288	0	0	0	0	0	0	0	-1	-1	505	1	0	0	0	b	[0, 1248, 1255]	17	1	2	1	0	0	0	0	False	complete_repair_zero_representable	2-02-member	/home/codyh/workspace/open-pajero-maps/output/scratch-14/complete_repair/proofs/505.json
0	1248	1266	288	0	0	0	0	0	0	0	-1	-1	506	1	0	0	0	b	[0, 1248, 1255]	17	1	2	1	0	0	0	0	False	complete_repair_zero_representable	2-02-member	/home/codyh/workspace/open-pajero-maps/output/scratch-14/complete_repair/proofs/506.json
0	1109	1268	288	0	0	0	0	0	0	0	-1	-1	507	1	0	0	0	b	[0, 1109, 1193]	30	1	2	1	0	0	0	0	False	complete_repair_zero_representable	2-02-member	/home/codyh/workspace/open-pajero-maps/output/scratch-14/complete_repair/proofs/507.json
0	1841	1268	578	0	0	0	0	0	0	0	-1	-1	508	0	0	0	0	b	[0, 1842, 1268]	4	0	1	1	0	0	0	0	False	complete_repair_zero_representable	2-02-member	/home/codyh/workspace/open-pajero-maps/output/scratch-14/complete_repair/proofs/508.json
0	1765	1269	578	0	0	0	0	0	0	0	-1	-1	509	0	0	0	0	b	[0, 1766, 1269]	4	0	1	1	0	0	0	0	False	complete_repair_zero_representable	2-02-member	/home/codyh/workspace/open-pajero-maps/output/scratch-14/complete_repair/proofs/509.json
0	1756	1270	578	0	0	0	0	0	0	0	-1	-1	510	0	0	0	0	b	[0, 1757, 1270]	4	0	1	1	0	0	0	0	False	complete_repair_zero_representable	2-02-member	/home/codyh/workspace/open-pajero-maps/output/scratch-14/complete_repair/proofs/510.json
0	1759	1270	578	0	0	0	0	0	0	0	-1	-1	511	0	0	0	0	b	[0, 1760, 1270]	4	0	1	1	0	0	0	0	False	complete_repair_zero_representable	2-02-member	/home/codyh/workspace/open-pajero-maps/output/scratch-14/complete_repair/proofs/511.json
0	1712	1274	288	0	0	0	0	0	0	0	-1	-1	512	1	0	0	0	b	[0, 1712, 1275]	5	1	2	1	0	0	0	0	False	complete_repair_zero_representable	2-02-member	/home/codyh/workspace/open-pajero-maps/output/scratch-14/complete_repair/proofs/512.json
0	1722	1275	288	0	0	0	0	0	0	0	-1	-1	513	0	0	0	0	b	[0, 1722, 1276]	4	0	1	1	0	0	0	0	False	complete_repair_zero_representable	2-02-member	/home/codyh/workspace/open-pajero-maps/output/scratch-14/complete_repair/proofs/513.json
0	1248	1277	288	0	0	0	0	0	0	0	-1	-1	514	1	0	0	0	b	[0, 1248, 1284]	13	3	4	1	0	0	0	0	False	complete_repair_zero_representable	2-02-member	/home/codyh/workspace/open-pajero-maps/output/scratch-14/complete_repair/proofs/514.json
0	1248	1279	288	0	0	0	0	0	0	0	-1	-1	515	0	1	0	0	b	[0, 1248, 1284]	13	3	4	2	0	0	0	0	False	complete_repair_zero_representable	2-02-member	/home/codyh/workspace/open-pajero-maps/output/scratch-14/complete_repair/proofs/515.json
0	1535	1279	288	0	0	0	0	0	0	0	-1	-1	516	0	0	0	0	b	[0, 1535, 1275]	7	0	1	1	0	0	0	0	False	complete_repair_zero_representable	2-02-member	/home/codyh/workspace/open-pajero-maps/output/scratch-14/complete_repair/proofs/516.json
0	1777	1279	291	0	0	0	0	0	0	0	-1	-1	517	1	0	0	0	b	[0, 1776, 1279]	39	3	4	1	0	0	0	0	False	complete_repair_zero_representable	2-02-member	/home/codyh/workspace/open-pajero-maps/output/scratch-14/complete_repair/proofs/517.json
0	1248	1281	288	0	0	0	0	0	0	0	-1	-1	518	0	1	0	0	b	[0, 1248, 1284]	13	3	4	1	0	0	0	0	False	complete_repair_zero_representable	2-02-member	/home/codyh/workspace/open-pajero-maps/output/scratch-14/complete_repair/proofs/518.json
0	1401	1281	288	0	0	0	0	0	0	0	-1	-1	519	1	0	0	0	b	[0, 1400, 1282]	7	2	3	1	0	0	0	0	False	complete_repair_zero_representable	2-02-member	/home/codyh/workspace/open-pajero-maps/output/scratch-14/complete_repair/proofs/519.json
0	1248	1283	288	0	0	0	0	0	0	0	-1	-1	520	0	1	0	0	b	[0, 1248, 1284]	13	3	4	1	0	0	0	0	False	complete_repair_zero_representable	2-02-member	/home/codyh/workspace/open-pajero-maps/output/scratch-14/complete_repair/proofs/520.json
0	1248	1285	288	0	0	0	0	0	0	0	-1	-1	521	0	1	0	0	b	[0, 1248, 1284]	13	3	4	1	0	0	0	0	False	complete_repair_zero_representable	2-02-member	/home/codyh/workspace/open-pajero-maps/output/scratch-14/complete_repair/proofs/521.json
0	1248	1290	288	0	0	0	0	0	0	0	-1	-1	522	1	0	0	0	b	[0, 1248, 1284]	13	3	4	1	0	0	0	0	False	complete_repair_zero_representable	2-02-member	/home/codyh/workspace/open-pajero-maps/output/scratch-14/complete_repair/proofs/522.json
0	1715	1291	288	0	0	0	0	0	0	0	-1	-1	523	0	0	0	0	b	[0, 1715, 1290]	4	0	1	1	0	0	0	0	False	complete_repair_zero_representable	2-02-member	/home/codyh/workspace/open-pajero-maps/output/scratch-14/complete_repair/proofs/523.json
0	1248	1292	288	0	0	0	0	0	0	0	-1	-1	524	1	0	0	0	b	[0, 1248, 1284]	13	3	4	1	0	0	0	0	False	complete_repair_zero_representable	2-02-member	/home/codyh/workspace/open-pajero-maps/output/scratch-14/complete_repair/proofs/524.json
0	1248	1296	288	0	0	0	0	0	0	0	-1	-1	525	0	1	0	0	b	[0, 1248, 1313]	20	4	5	1	0	0	0	0	False	complete_repair_zero_representable	2-02-member	/home/codyh/workspace/open-pajero-maps/output/scratch-14/complete_repair/proofs/525.json
0	1699	1296	288	0	0	0	0	0	0	0	-1	-1	526	0	0	0	0	b	[0, 1697, 1296]	4	0	1	1	0	0	0	0	False	complete_repair_zero_representable	2-02-member	/home/codyh/workspace/open-pajero-maps/output/scratch-14/complete_repair/proofs/526.json
0	1248	1298	288	0	0	0	0	0	0	0	-1	-1	527	0	1	0	0	b	[0, 1248, 1313]	20	4	5	1	0	0	0	0	False	complete_repair_zero_representable	2-02-member	/home/codyh/workspace/open-pajero-maps/output/scratch-14/complete_repair/proofs/527.json
0	1248	1301	288	0	0	0	0	0	0	0	-1	-1	528	0	1	0	0	b	[0, 1248, 1313]	20	4	5	1	0	0	0	0	False	complete_repair_zero_representable	2-02-member	/home/codyh/workspace/open-pajero-maps/output/scratch-14/complete_repair/proofs/528.json
0	1248	1303	288	0	0	0	0	0	0	0	-1	-1	529	1	0	0	0	b	[0, 1248, 1313]	20	4	5	1	0	0	0	0	False	complete_repair_zero_representable	2-02-member	/home/codyh/workspace/open-pajero-maps/output/scratch-14/complete_repair/proofs/529.json
0	1248	1305	288	0	0	0	0	0	0	0	-1	-1	530	1	0	0	0	b	[0, 1248, 1313]	20	4	5	1	0	0	0	0	False	complete_repair_zero_representable	2-02-member	/home/codyh/workspace/open-pajero-maps/output/scratch-14/complete_repair/proofs/530.json
0	1248	1307	288	0	0	0	0	0	0	0	-1	-1	531	1	0	0	0	b	[0, 1248, 1313]	20	4	5	1	0	0	0	0	False	complete_repair_zero_representable	2-02-member	/home/codyh/workspace/open-pajero-maps/output/scratch-14/complete_repair/proofs/531.json
0	1248	1309	288	0	0	0	0	0	0	0	-1	-1	532	1	0	0	0	b	[0, 1248, 1313]	20	4	5	1	0	0	0	0	False	complete_repair_zero_representable	2-02-member	/home/codyh/workspace/open-pajero-maps/output/scratch-14/complete_repair/proofs/532.json
0	1248	1311	288	0	0	0	0	0	0	0	-1	-1	533	1	0	0	0	b	[0, 1248, 1313]	20	4	5	1	0	0	0	0	False	complete_repair_zero_representable	2-02-member	/home/codyh/workspace/open-pajero-maps/output/scratch-14/complete_repair/proofs/533.json
0	1248	1314	288	0	0	0	0	0	0	0	-1	-1	562	0	1	0	0	b	[0, 1248, 1313]	20	4	5	1	0	0	0	0	False	complete_repair_zero_representable	2-02-member	/home/codyh/workspace/open-pajero-maps/output/scratch-14/complete_repair/proofs/562.json
0	1505	1315	288	0	0	0	0	0	0	0	-1	-1	563	0	1	0	0	b	[0, 1509, 1315]	10	1	2	1	0	0	0	0	False	complete_repair_zero_representable	2-02-member	/home/codyh/workspace/open-pajero-maps/output/scratch-14/complete_repair/proofs/563.json
0	1636	1324	288	0	0	0	0	0	0	0	-1	-1	564	0	0	0	0	b	[0, 1636, 1323]	4	0	1	1	0	0	0	0	False	complete_repair_zero_representable	2-02-member	/home/codyh/workspace/open-pajero-maps/output/scratch-14/complete_repair/proofs/564.json
0	1637	1325	288	0	0	0	0	0	0	0	-1	-1	565	0	0	0	0	b	[0, 1639, 1327]	4	0	1	1	0	0	0	0	False	complete_repair_zero_representable	2-02-member	/home/codyh/workspace/open-pajero-maps/output/scratch-14/complete_repair/proofs/565.json
0	1192	1333	288	0	0	0	0	0	0	0	-1	-1	566	0	0	0	0	b	[0, 1192, 1354]	4	0	1	1	0	0	0	0	False	complete_repair_zero_representable	2-02-member	/home/codyh/workspace/open-pajero-maps/output/scratch-14/complete_repair/proofs/566.json
0	1248	1352	288	0	0	0	0	0	0	0	-1	-1	568	0	1	0	0	b	[0, 1248, 1364]	17	2	3	2	0	0	0	0	False	complete_repair_zero_representable	2-02-member	/home/codyh/workspace/open-pajero-maps/output/scratch-14/complete_repair/proofs/568.json
0	1248	1355	288	0	0	0	0	0	0	0	-1	-1	569	0	1	0	0	b	[0, 1248, 1364]	17	2	3	1	0	0	0	0	False	complete_repair_zero_representable	2-02-member	/home/codyh/workspace/open-pajero-maps/output/scratch-14/complete_repair/proofs/569.json
0	1248	1357	288	0	0	0	0	0	0	0	-1	-1	570	0	1	0	0	b	[0, 1248, 1364]	17	2	3	1	0	0	0	0	False	complete_repair_zero_representable	2-02-member	/home/codyh/workspace/open-pajero-maps/output/scratch-14/complete_repair/proofs/570.json
0	1248	1359	288	0	0	0	0	0	0	0	-1	-1	571	0	1	0	0	b	[0, 1248, 1364]	17	2	3	1	0	0	0	0	False	complete_repair_zero_representable	2-02-member	/home/codyh/workspace/open-pajero-maps/output/scratch-14/complete_repair/proofs/571.json
0	1248	1361	288	0	0	0	0	0	0	0	-1	-1	572	1	0	0	0	b	[0, 1248, 1364]	17	2	3	1	0	0	0	0	False	complete_repair_zero_representable	2-02-member	/home/codyh/workspace/open-pajero-maps/output/scratch-14/complete_repair/proofs/572.json
0	1574	1361	288	0	0	0	0	0	0	0	-1	-1	573	0	0	0	0	b	[0, 1574, 1360]	4	0	1	1	0	0	0	0	False	complete_repair_zero_representable	2-02-member	/home/codyh/workspace/open-pajero-maps/output/scratch-14/complete_repair/proofs/573.json
0	1248	1363	288	0	0	0	0	0	0	0	-1	-1	574	1	0	0	0	b	[0, 1248, 1364]	17	2	3	1	0	0	0	0	False	complete_repair_zero_representable	2-02-member	/home/codyh/workspace/open-pajero-maps/output/scratch-14/complete_repair/proofs/574.json
0	1248	1365	288	0	0	0	0	0	0	0	-1	-1	575	1	0	0	0	b	[0, 1248, 1364]	17	2	3	1	0	0	0	0	False	complete_repair_zero_representable	2-02-member	/home/codyh/workspace/open-pajero-maps/output/scratch-14/complete_repair/proofs/575.json
0	1248	1368	288	0	0	0	0	0	0	0	-1	-1	576	1	0	0	0	b	[0, 1248, 1364]	17	2	3	1	0	0	0	0	False	complete_repair_zero_representable	2-02-member	/home/codyh/workspace/open-pajero-maps/output/scratch-14/complete_repair/proofs/576.json
0	1248	1370	288	0	0	0	0	0	0	0	-1	-1	577	1	0	0	0	b	[0, 1248, 1364]	17	2	3	1	0	0	0	0	False	complete_repair_zero_representable	2-02-member	/home/codyh/workspace/open-pajero-maps/output/scratch-14/complete_repair/proofs/577.json
0	1248	1372	288	0	0	0	0	0	0	0	-1	-1	578	1	0	0	0	b	[0, 1248, 1364]	17	2	3	1	0	0	0	0	False	complete_repair_zero_representable	2-02-member	/home/codyh/workspace/open-pajero-maps/output/scratch-14/complete_repair/proofs/578.json
0	1248	1374	288	0	0	0	0	0	0	0	-1	-1	579	1	0	0	0	b	[0, 1248, 1364]	17	2	3	1	0	0	0	0	False	complete_repair_zero_representable	2-02-member	/home/codyh/workspace/open-pajero-maps/output/scratch-14/complete_repair/proofs/579.json
0	1596	1375	288	0	0	0	0	0	0	0	-1	-1	580	0	0	0	0	b	[0, 1596, 1376]	4	0	1	1	0	0	0	0	False	complete_repair_zero_representable	2-02-member	/home/codyh/workspace/open-pajero-maps/output/scratch-14/complete_repair/proofs/580.json
0	1248	1376	288	0	0	0	0	0	0	0	-1	-1	581	1	0	0	0	b	[0, 1248, 1364]	17	2	3	1	0	0	0	0	False	complete_repair_zero_representable	2-02-member	/home/codyh/workspace/open-pajero-maps/output/scratch-14/complete_repair/proofs/581.json
0	1545	1377	288	0	0	0	0	0	0	0	-1	-1	582	0	0	0	0	b	[0, 1545, 1376]	4	0	1	1	0	0	0	0	False	complete_repair_zero_representable	2-02-member	/home/codyh/workspace/open-pajero-maps/output/scratch-14/complete_repair/proofs/582.json
0	1248	1378	288	0	0	0	0	0	0	0	-1	-1	583	1	0	0	0	b	[0, 1248, 1364]	17	2	3	1	0	0	0	0	False	complete_repair_zero_representable	2-02-member	/home/codyh/workspace/open-pajero-maps/output/scratch-14/complete_repair/proofs/583.json
0	1607	1382	288	0	0	0	0	0	0	0	-1	-1	584	0	0	0	0	b	[0, 1607, 1381]	4	0	1	1	0	0	0	0	False	complete_repair_zero_representable	2-02-member	/home/codyh/workspace/open-pajero-maps/output/scratch-14/complete_repair/proofs/584.json
0	1248	1383	288	0	0	0	0	0	0	0	-1	-1	585	0	0	0	0	b	[0, 1248, 1385]	9	0	1	1	0	0	0	0	False	complete_repair_zero_representable	2-02-member	/home/codyh/workspace/open-pajero-maps/output/scratch-14/complete_repair/proofs/585.json
0	1745	1385	288	0	0	0	0	0	0	0	-1	-1	586	0	0	0	0	b	[0, 1745, 1386]	5	0	1	1	0	0	0	0	False	complete_repair_zero_representable	2-02-member	/home/codyh/workspace/open-pajero-maps/output/scratch-14/complete_repair/proofs/586.json
0	1248	1387	288	0	0	0	0	0	0	0	-1	-1	587	0	0	0	0	b	[0, 1248, 1385]	9	0	1	1	0	0	0	0	False	complete_repair_zero_representable	2-02-member	/home/codyh/workspace/open-pajero-maps/output/scratch-14/complete_repair/proofs/587.json
0	1248	1389	288	0	0	0	0	0	0	0	-1	-1	588	0	0	0	0	b	[0, 1248, 1385]	9	0	1	1	0	0	0	0	False	complete_repair_zero_representable	2-02-member	/home/codyh/workspace/open-pajero-maps/output/scratch-14/complete_repair/proofs/588.json
0	1248	1391	288	0	0	0	0	0	0	0	-1	-1	589	0	0	0	0	b	[0, 1248, 1385]	9	0	1	1	0	0	0	0	False	complete_repair_zero_representable	2-02-member	/home/codyh/workspace/open-pajero-maps/output/scratch-14/complete_repair/proofs/589.json
0	1152	1392	288	0	0	0	0	0	0	0	-1	-1	590	1	0	0	0	b	[0, 1152, 1422]	15	9	10	1	0	0	0	0	False	complete_repair_zero_representable	2-02-member	/home/codyh/workspace/open-pajero-maps/output/scratch-14/complete_repair/proofs/590.json
0	1248	1393	288	0	0	0	0	0	0	0	-1	-1	591	0	1	0	0	b	[0, 1248, 1397]	8	1	2	1	0	0	0	0	False	complete_repair_zero_representable	2-02-member	/home/codyh/workspace/open-pajero-maps/output/scratch-14/complete_repair/proofs/591.json
0	1248	1396	288	0	0	0	0	0	0	0	-1	-1	592	0	1	0	0	b	[0, 1248, 1397]	8	1	2	1	0	0	0	0	False	complete_repair_zero_representable	2-02-member	/home/codyh/workspace/open-pajero-maps/output/scratch-14/complete_repair/proofs/592.json
0	1248	1398	288	0	0	0	0	0	0	0	-1	-1	593	1	0	0	0	b	[0, 1248, 1397]	8	1	2	1	0	0	0	0	False	complete_repair_zero_representable	2-02-member	/home/codyh/workspace/open-pajero-maps/output/scratch-14/complete_repair/proofs/593.json
0	1248	1400	288	0	0	0	0	0	0	0	-1	-1	594	1	0	0	0	b	[0, 1248, 1397]	8	1	2	1	0	0	0	0	False	complete_repair_zero_representable	2-02-member	/home/codyh/workspace/open-pajero-maps/output/scratch-14/complete_repair/proofs/594.json
0	918	1401	288	0	0	0	0	0	0	0	-1	-1	595	0	0	0	0	b	[0, 918, 1400]	4	0	1	1	0	0	0	0	False	complete_repair_zero_representable	2-02-member	/home/codyh/workspace/open-pajero-maps/output/scratch-14/complete_repair/proofs/595.json
0	1248	1402	288	0	0	0	0	0	0	0	-1	-1	596	1	0	0	0	b	[0, 1248, 1397]	8	1	2	1	0	0	0	0	False	complete_repair_zero_representable	2-02-member	/home/codyh/workspace/open-pajero-maps/output/scratch-14/complete_repair/proofs/596.json
0	1248	1404	288	0	0	0	0	0	0	0	-1	-1	597	0	1	0	0	b	[0, 1248, 1444]	43	5	6	1	0	0	0	0	False	complete_repair_zero_representable	2-02-member	/home/codyh/workspace/open-pajero-maps/output/scratch-14/complete_repair/proofs/597.json
0	1248	1406	288	0	0	0	0	0	0	0	-1	-1	600	0	1	0	0	b	[0, 1248, 1444]	43	5	6	1	0	0	0	0	False	complete_repair_zero_representable	2-02-member	/home/codyh/workspace/open-pajero-maps/output/scratch-14/complete_repair/proofs/600.json
0	1248	1409	288	0	0	0	0	0	0	0	-1	-1	601	0	1	0	0	b	[0, 1248, 1444]	43	5	6	1	0	0	0	0	False	complete_repair_zero_representable	2-02-member	/home/codyh/workspace/open-pajero-maps/output/scratch-14/complete_repair/proofs/601.json
0	1248	1411	288	0	0	0	0	0	0	0	-1	-1	602	0	1	0	0	b	[0, 1248, 1444]	43	5	6	1	0	0	0	0	False	complete_repair_zero_representable	2-02-member	/home/codyh/workspace/open-pajero-maps/output/scratch-14/complete_repair/proofs/602.json
0	1248	1413	288	0	0	0	0	0	0	0	-1	-1	603	0	1	0	0	b	[0, 1248, 1444]	43	5	6	1	0	0	0	0	False	complete_repair_zero_representable	2-02-member	/home/codyh/workspace/open-pajero-maps/output/scratch-14/complete_repair/proofs/603.json
0	1248	1417	288	0	0	0	0	0	0	0	-1	-1	604	0	1	0	0	b	[0, 1248, 1444]	43	5	6	1	0	0	0	0	False	complete_repair_zero_representable	2-02-member	/home/codyh/workspace/open-pajero-maps/output/scratch-14/complete_repair/proofs/604.json
0	1696	1424	288	0	0	0	0	0	0	0	-1	-1	605	0	0	0	0	b	[0, 1697, 1424]	4	0	1	1	0	0	0	0	False	complete_repair_zero_representable	2-02-member	/home/codyh/workspace/open-pajero-maps/output/scratch-14/complete_repair/proofs/605.json
0	1677	1427	288	0	0	0	0	0	0	0	-1	-1	606	0	0	0	0	b	[0, 1678, 1428]	4	0	1	1	0	0	0	0	False	complete_repair_zero_representable	2-02-member	/home/codyh/workspace/open-pajero-maps/output/scratch-14/complete_repair/proofs/606.json
0	962	1432	288	0	0	0	0	0	0	0	-1	-1	607	0	0	0	0	b	[0, 962, 1430]	4	0	1	1	0	0	0	0	False	complete_repair_zero_representable	2-02-member	/home/codyh/workspace/open-pajero-maps/output/scratch-14/complete_repair/proofs/607.json
0	1248	1432	288	0	0	0	0	0	0	0	-1	-1	608	0	1	0	0	b	[0, 1248, 1444]	43	5	6	1	0	0	0	0	False	complete_repair_zero_representable	2-02-member	/home/codyh/workspace/open-pajero-maps/output/scratch-14/complete_repair/proofs/608.json
0	1248	1435	288	0	0	0	0	0	0	0	-1	-1	609	0	1	0	0	b	[0, 1248, 1444]	43	5	6	1	0	0	0	0	False	complete_repair_zero_representable	2-02-member	/home/codyh/workspace/open-pajero-maps/output/scratch-14/complete_repair/proofs/609.json
0	1248	1437	288	0	0	0	0	0	0	0	-1	-1	610	0	1	0	0	b	[0, 1248, 1444]	43	5	6	1	0	0	0	0	False	complete_repair_zero_representable	2-02-member	/home/codyh/workspace/open-pajero-maps/output/scratch-14/complete_repair/proofs/610.json
0	1002	1460	288	0	0	0	0	0	0	0	-1	-1	611	0	0	0	0	b	[0, 1002, 1460]	4	0	1	1	0	0	0	0	False	complete_repair_zero_representable	2-02-member	/home/codyh/workspace/open-pajero-maps/output/scratch-14/complete_repair/proofs/611.json
0	1248	1463	288	0	0	0	0	0	0	0	-1	-1	612	1	0	0	0	b	[0, 1248, 1444]	43	5	6	1	0	0	0	0	False	complete_repair_zero_representable	2-02-member	/home/codyh/workspace/open-pajero-maps/output/scratch-14/complete_repair/proofs/612.json
0	1248	1465	288	0	0	0	0	0	0	0	-1	-1	613	0	1	0	0	b	[0, 1248, 1444]	43	5	6	2	0	0	0	0	False	complete_repair_zero_representable	2-02-member	/home/codyh/workspace/open-pajero-maps/output/scratch-14/complete_repair/proofs/613.json
0	1248	1467	288	0	0	0	0	0	0	0	-1	-1	614	0	1	0	0	b	[0, 1248, 1444]	43	5	6	1	0	0	0	0	False	complete_repair_zero_representable	2-02-member	/home/codyh/workspace/open-pajero-maps/output/scratch-14/complete_repair/proofs/614.json
0	1248	1469	288	0	0	0	0	0	0	0	-1	-1	615	0	1	0	0	b	[0, 1248, 1444]	43	5	6	1	0	0	0	0	False	complete_repair_zero_representable	2-02-member	/home/codyh/workspace/open-pajero-maps/output/scratch-14/complete_repair/proofs/615.json
0	1248	1471	288	0	0	0	0	0	0	0	-1	-1	616	0	1	0	0	b	[0, 1248, 1444]	43	5	6	1	0	0	0	0	False	complete_repair_zero_representable	2-02-member	/home/codyh/workspace/open-pajero-maps/output/scratch-14/complete_repair/proofs/616.json
0	1248	1473	288	0	0	0	0	0	0	0	-1	-1	628	0	1	0	0	b	[0, 1248, 1444]	43	5	6	1	0	0	0	0	False	complete_repair_zero_representable	2-02-member	/home/codyh/workspace/open-pajero-maps/output/scratch-14/complete_repair/proofs/628.json
0	1248	1476	288	0	0	0	0	0	0	0	-1	-1	629	0	1	0	0	b	[0, 1248, 1444]	43	5	6	2	0	0	0	0	False	complete_repair_zero_representable	2-02-member	/home/codyh/workspace/open-pajero-maps/output/scratch-14/complete_repair/proofs/629.json
0	1248	1478	288	0	0	0	0	0	0	0	-1	-1	630	1	0	0	0	b	[0, 1248, 1444]	43	5	6	1	0	0	0	0	False	complete_repair_zero_representable	2-02-member	/home/codyh/workspace/open-pajero-maps/output/scratch-14/complete_repair/proofs/630.json
0	1248	1480	288	0	0	0	0	0	0	0	-1	-1	631	1	0	0	0	b	[0, 1248, 1444]	43	5	6	1	0	0	0	0	False	complete_repair_zero_representable	2-02-member	/home/codyh/workspace/open-pajero-maps/output/scratch-14/complete_repair/proofs/631.json
0	1152	1484	288	0	0	0	0	0	0	0	-1	-1	632	0	0	0	0	b	[0, 1152, 1482]	8	0	1	1	0	0	0	0	False	complete_repair_zero_representable	2-02-member	/home/codyh/workspace/open-pajero-maps/output/scratch-14/complete_repair/proofs/632.json
0	1248	1484	288	0	0	0	0	0	0	0	-1	-1	633	1	0	0	0	b	[0, 1248, 1444]	43	5	6	1	0	0	0	0	False	complete_repair_zero_representable	2-02-member	/home/codyh/workspace/open-pajero-maps/output/scratch-14/complete_repair/proofs/633.json
0	1248	1486	288	0	0	0	0	0	0	0	-1	-1	634	1	0	0	0	b	[0, 1248, 1444]	43	5	6	1	0	0	0	0	False	complete_repair_zero_representable	2-02-member	/home/codyh/workspace/open-pajero-maps/output/scratch-14/complete_repair/proofs/634.json
0	1407	1488	288	0	0	0	0	0	0	0	-1	-1	635	0	0	0	0	b	[0, 1407, 1494]	6	0	1	1	0	0	0	0	False	complete_repair_zero_representable	2-02-member	/home/codyh/workspace/open-pajero-maps/output/scratch-14/complete_repair/proofs/635.json
0	1248	1489	288	0	0	0	0	0	0	0	-1	-1	636	1	0	0	0	b	[0, 1248, 1494]	10	2	3	1	0	0	0	0	False	complete_repair_zero_representable	2-02-member	/home/codyh/workspace/open-pajero-maps/output/scratch-14/complete_repair/proofs/636.json
0	1152	1490	288	0	0	0	0	0	0	0	-1	-1	637	0	0	0	0	b	[0, 1152, 1482]	8	0	1	1	0	0	0	0	False	complete_repair_zero_representable	2-02-member	/home/codyh/workspace/open-pajero-maps/output/scratch-14/complete_repair/proofs/637.json
0	1248	1491	288	0	0	0	0	0	0	0	-1	-1	638	1	0	0	0	b	[0, 1248, 1494]	10	2	3	1	0	0	0	0	False	complete_repair_zero_representable	2-02-member	/home/codyh/workspace/open-pajero-maps/output/scratch-14/complete_repair/proofs/638.json
0	1248	1493	288	0	0	0	0	0	0	0	-1	-1	639	0	1	0	0	b	[0, 1248, 1494]	10	2	3	2	0	0	0	0	False	complete_repair_zero_representable	2-02-member	/home/codyh/workspace/open-pajero-maps/output/scratch-14/complete_repair/proofs/639.json
0	1407	1493	288	0	0	0	0	0	0	0	-1	-1	640	0	0	0	0	b	[0, 1407, 1494]	6	0	1	1	0	0	0	0	False	complete_repair_zero_representable	2-02-member	/home/codyh/workspace/open-pajero-maps/output/scratch-14/complete_repair/proofs/640.json
0	1248	1495	288	0	0	0	0	0	0	0	-1	-1	641	1	0	0	0	b	[0, 1248, 1494]	10	2	3	1	0	0	0	0	False	complete_repair_zero_representable	2-02-member	/home/codyh/workspace/open-pajero-maps/output/scratch-14/complete_repair/proofs/641.json
0	1152	1496	288	0	0	0	0	0	0	0	-1	-1	642	0	0	0	0	b	[0, 1152, 1482]	8	0	1	1	0	0	0	0	False	complete_repair_zero_representable	2-02-member	/home/codyh/workspace/open-pajero-maps/output/scratch-14/complete_repair/proofs/642.json
0	1248	1497	288	0	0	0	0	0	0	0	-1	-1	643	1	0	0	0	b	[0, 1248, 1494]	10	2	3	1	0	0	0	0	False	complete_repair_zero_representable	2-02-member	/home/codyh/workspace/open-pajero-maps/output/scratch-14/complete_repair/proofs/643.json
0	1407	1497	288	0	0	0	0	0	0	0	-1	-1	644	0	0	0	0	b	[0, 1407, 1494]	6	0	1	1	0	0	0	0	False	complete_repair_zero_representable	2-02-member	/home/codyh/workspace/open-pajero-maps/output/scratch-14/complete_repair/proofs/644.json
0	1248	1499	288	0	0	0	0	0	0	0	-1	-1	645	1	0	0	0	b	[0, 1248, 1494]	10	2	3	1	0	0	0	0	False	complete_repair_zero_representable	2-02-member	/home/codyh/workspace/open-pajero-maps/output/scratch-14/complete_repair/proofs/645.json
0	1248	1502	288	0	0	0	0	0	0	0	-1	-1	646	1	0	0	0	b	[0, 1248, 1494]	10	2	3	1	0	0	0	0	False	complete_repair_zero_representable	2-02-member	/home/codyh/workspace/open-pajero-maps/output/scratch-14/complete_repair/proofs/646.json
0	1438	1503	288	0	0	0	0	0	0	0	-1	-1	647	0	0	0	0	b	[0, 1438, 1502]	5	0	1	1	0	0	0	0	False	complete_repair_zero_representable	2-02-member	/home/codyh/workspace/open-pajero-maps/output/scratch-14/complete_repair/proofs/647.json
0	1248	1504	288	0	0	0	0	0	0	0	-1	-1	648	0	1	0	0	b	[0, 1248, 1513]	13	4	5	2	0	0	0	0	False	complete_repair_zero_representable	2-02-member	/home/codyh/workspace/open-pajero-maps/output/scratch-14/complete_repair/proofs/648.json
0	1248	1506	288	0	0	0	0	0	0	0	-1	-1	649	0	1	0	0	b	[0, 1248, 1513]	13	4	5	2	0	0	0	0	False	complete_repair_zero_representable	2-02-member	/home/codyh/workspace/open-pajero-maps/output/scratch-14/complete_repair/proofs/649.json
0	1575	1506	288	0	0	0	0	0	0	0	-1	-1	650	0	0	0	0	b	[0, 1575, 1505]	4	0	1	1	0	0	0	0	False	complete_repair_zero_representable	2-02-member	/home/codyh/workspace/open-pajero-maps/output/scratch-14/complete_repair/proofs/650.json
0	1283	1507	288	0	0	0	0	0	0	0	-1	-1	651	0	0	0	0	b	[0, 1283, 1513]	7	0	1	1	0	0	0	0	False	complete_repair_zero_representable	2-02-member	/home/codyh/workspace/open-pajero-maps/output/scratch-14/complete_repair/proofs/651.json
0	1416	1507	288	0	0	0	0	0	0	0	-1	-1	652	0	0	0	0	b	[0, 1416, 1508]	6	0	1	1	0	0	0	0	False	complete_repair_zero_representable	2-02-member	/home/codyh/workspace/open-pajero-maps/output/scratch-14/complete_repair/proofs/652.json
0	1248	1508	288	0	0	0	0	0	0	0	-1	-1	653	1	0	0	0	b	[0, 1248, 1513]	13	4	5	1	0	0	0	0	False	complete_repair_zero_representable	2-02-member	/home/codyh/workspace/open-pajero-maps/output/scratch-14/complete_repair/proofs/653.json
0	1248	1510	288	0	0	0	0	0	0	0	-1	-1	654	1	0	0	0	b	[0, 1248, 1513]	13	4	5	1	0	0	0	0	False	complete_repair_zero_representable	2-02-member	/home/codyh/workspace/open-pajero-maps/output/scratch-14/complete_repair/proofs/654.json
0	1248	1512	288	0	0	0	0	0	0	0	-1	-1	655	1	0	0	0	b	[0, 1248, 1513]	13	4	5	1	0	0	0	0	False	complete_repair_zero_representable	2-02-member	/home/codyh/workspace/open-pajero-maps/output/scratch-14/complete_repair/proofs/655.json
0	1706	1512	288	0	0	0	0	0	0	0	-1	-1	656	0	0	0	0	a	[0, 1706, 1512]	4	0	1	1	0	0	0	0	False	complete_repair_zero_representable	2-02-member	/home/codyh/workspace/open-pajero-maps/output/scratch-14/complete_repair/proofs/656.json
0	1283	1513	288	0	0	0	0	0	0	0	-1	-1	657	0	0	0	0	b	[0, 1283, 1513]	7	0	1	1	0	0	0	0	False	complete_repair_zero_representable	2-02-member	/home/codyh/workspace/open-pajero-maps/output/scratch-14/complete_repair/proofs/657.json
0	1248	1514	288	0	0	0	0	0	0	0	-1	-1	658	1	0	0	0	b	[0, 1248, 1513]	13	4	5	1	0	0	0	0	False	complete_repair_zero_representable	2-02-member	/home/codyh/workspace/open-pajero-maps/output/scratch-14/complete_repair/proofs/658.json
0	1248	1517	288	0	0	0	0	0	0	0	-1	-1	659	0	1	0	0	b	[0, 1248, 1513]	13	4	5	1	0	0	0	0	False	complete_repair_zero_representable	2-02-member	/home/codyh/workspace/open-pajero-maps/output/scratch-14/complete_repair/proofs/659.json
0	1283	1518	288	0	0	0	0	0	0	0	-1	-1	660	0	0	0	0	b	[0, 1283, 1513]	7	0	1	1	0	0	0	0	False	complete_repair_zero_representable	2-02-member	/home/codyh/workspace/open-pajero-maps/output/scratch-14/complete_repair/proofs/660.json
0	1248	1519	288	0	0	0	0	0	0	0	-1	-1	661	0	1	0	0	b	[0, 1248, 1513]	13	4	5	1	0	0	0	0	False	complete_repair_zero_representable	2-02-member	/home/codyh/workspace/open-pajero-maps/output/scratch-14/complete_repair/proofs/661.json
0	1413	1520	288	0	0	0	0	0	0	0	-1	-1	662	0	0	0	0	b	[0, 1413, 1520]	4	0	1	1	0	0	0	0	False	complete_repair_zero_representable	2-02-member	/home/codyh/workspace/open-pajero-maps/output/scratch-14/complete_repair/proofs/662.json
0	1248	1521	288	0	0	0	0	0	0	0	-1	-1	663	0	1	0	0	b	[0, 1248, 1513]	13	4	5	1	0	0	0	0	False	complete_repair_zero_representable	2-02-member	/home/codyh/workspace/open-pajero-maps/output/scratch-14/complete_repair/proofs/663.json
0	1248	1523	288	0	0	0	0	0	0	0	-1	-1	664	0	1	0	0	b	[0, 1248, 1513]	13	4	5	2	0	0	0	0	False	complete_repair_zero_representable	2-02-member	/home/codyh/workspace/open-pajero-maps/output/scratch-14/complete_repair/proofs/664.json
0	1283	1524	288	0	0	0	0	0	0	0	-1	-1	665	0	0	0	0	b	[0, 1283, 1513]	7	0	1	1	0	0	0	0	False	complete_repair_zero_representable	2-02-member	/home/codyh/workspace/open-pajero-maps/output/scratch-14/complete_repair/proofs/665.json
0	1300	1524	288	0	0	0	0	0	0	0	-1	-1	666	0	0	0	0	b	[0, 1300, 1523]	5	0	1	1	0	0	0	0	False	complete_repair_zero_representable	2-02-member	/home/codyh/workspace/open-pajero-maps/output/scratch-14/complete_repair/proofs/666.json
0	1248	1525	288	0	0	0	0	0	0	0	-1	-1	667	0	1	0	0	b	[0, 1248, 1536]	15	3	4	1	0	0	0	0	False	complete_repair_zero_representable	2-02-member	/home/codyh/workspace/open-pajero-maps/output/scratch-14/complete_repair/proofs/667.json
0	1248	1527	288	0	0	0	0	0	0	0	-1	-1	668	0	1	0	0	b	[0, 1248, 1536]	15	3	4	1	0	0	0	0	False	complete_repair_zero_representable	2-02-member	/home/codyh/workspace/open-pajero-maps/output/scratch-14/complete_repair/proofs/668.json
0	1285	1527	288	0	0	0	0	0	0	0	-1	-1	669	0	1	0	0	b	[0, 1291, 1527]	18	11	12	2	0	0	0	0	False	complete_repair_zero_representable	2-02-member	/home/codyh/workspace/open-pajero-maps/output/scratch-14/complete_repair/proofs/669.json
0	1287	1527	288	0	0	0	0	0	0	0	-1	-1	670	0	1	0	0	b	[0, 1291, 1527]	18	11	12	2	0	0	0	0	False	complete_repair_zero_representable	2-02-member	/home/codyh/workspace/open-pajero-maps/output/scratch-14/complete_repair/proofs/670.json
0	1288	1527	288	0	0	0	0	0	0	0	-1	-1	671	1	0	0	0	b	[0, 1291, 1527]	18	11	12	1	0	0	0	0	False	complete_repair_zero_representable	2-02-member	/home/codyh/workspace/open-pajero-maps/output/scratch-14/complete_repair/proofs/671.json
0	1290	1527	288	0	0	0	0	0	0	0	-1	-1	672	0	1	0	0	b	[0, 1291, 1527]	18	11	12	2	0	0	0	0	False	complete_repair_zero_representable	2-02-member	/home/codyh/workspace/open-pajero-maps/output/scratch-14/complete_repair/proofs/672.json
0	1292	1527	288	0	0	0	0	0	0	0	-1	-1	673	0	1	0	0	b	[0, 1291, 1527]	18	11	12	2	0	0	0	0	False	complete_repair_zero_representable	2-02-member	/home/codyh/workspace/open-pajero-maps/output/scratch-14/complete_repair/proofs/673.json
0	1294	1527	288	0	0	0	0	0	0	0	-1	-1	674	0	1	0	0	b	[0, 1291, 1527]	18	11	12	2	0	0	0	0	False	complete_repair_zero_representable	2-02-member	/home/codyh/workspace/open-pajero-maps/output/scratch-14/complete_repair/proofs/674.json
0	1295	1527	288	0	0	0	0	0	0	0	-1	-1	675	0	1	0	0	b	[0, 1291, 1527]	18	11	12	1	0	0	0	0	False	complete_repair_zero_representable	2-02-member	/home/codyh/workspace/open-pajero-maps/output/scratch-14/complete_repair/proofs/675.json
0	1296	1527	288	0	0	0	0	0	0	0	-1	-1	676	0	1	0	0	b	[0, 1291, 1527]	18	11	12	2	0	0	0	0	False	complete_repair_zero_representable	2-02-member	/home/codyh/workspace/open-pajero-maps/output/scratch-14/complete_repair/proofs/676.json
0	1298	1527	288	0	0	0	0	0	0	0	-1	-1	677	0	1	0	0	b	[0, 1291, 1527]	18	11	12	2	0	0	0	0	False	complete_repair_zero_representable	2-02-member	/home/codyh/workspace/open-pajero-maps/output/scratch-14/complete_repair/proofs/677.json
0	1299	1527	288	0	0	0	0	0	0	0	-1	-1	678	1	0	0	0	b	[0, 1291, 1527]	18	11	12	1	0	0	0	0	False	complete_repair_zero_representable	2-02-member	/home/codyh/workspace/open-pajero-maps/output/scratch-14/complete_repair/proofs/678.json
0	1448	1527	288	0	0	0	0	0	0	0	-1	-1	679	0	0	0	0	b	[0, 1447, 1527]	4	0	1	1	0	0	0	0	False	complete_repair_zero_representable	2-02-member	/home/codyh/workspace/open-pajero-maps/output/scratch-14/complete_repair/proofs/679.json
0	1248	1530	288	0	0	0	0	0	0	0	-1	-1	680	0	1	0	0	b	[0, 1248, 1536]	15	3	4	1	0	0	0	0	False	complete_repair_zero_representable	2-02-member	/home/codyh/workspace/open-pajero-maps/output/scratch-14/complete_repair/proofs/680.json
0	1266	1531	288	0	0	0	0	0	0	0	-1	-1	681	0	0	0	0	b	[0, 1266, 1539]	16	0	1	1	0	0	0	0	False	complete_repair_zero_representable	2-02-member	/home/codyh/workspace/open-pajero-maps/output/scratch-14/complete_repair/proofs/681.json
0	1544	1531	288	0	0	0	0	0	0	0	-1	-1	682	0	1	0	0	b	[0, 1544, 1532]	5	1	2	1	0	0	0	0	False	complete_repair_zero_representable	2-02-member	/home/codyh/workspace/open-pajero-maps/output/scratch-14/complete_repair/proofs/682.json
0	1248	1532	288	0	0	0	0	0	0	0	-1	-1	683	0	1	0	0	b	[0, 1248, 1536]	15	3	4	1	0	0	0	0	False	complete_repair_zero_representable	2-02-member	/home/codyh/workspace/open-pajero-maps/output/scratch-14/complete_repair/proofs/683.json
0	1245	1533	288	0	0	0	0	0	0	0	-1	-1	684	0	0	0	0	b	[0, 1244, 1533]	4	0	1	1	0	0	0	0	False	complete_repair_zero_representable	2-02-member	/home/codyh/workspace/open-pajero-maps/output/scratch-14/complete_repair/proofs/684.json
0	1248	1534	288	0	0	0	0	0	0	0	-1	-1	685	1	0	0	0	b	[0, 1248, 1536]	15	3	4	1	0	0	0	0	False	complete_repair_zero_representable	2-02-member	/home/codyh/workspace/open-pajero-maps/output/scratch-14/complete_repair/proofs/685.json
0	1092	1536	288	0	0	0	0	0	0	0	-1	-1	686	0	0	0	0	b	[0, 1093, 1536]	4	0	1	1	0	0	0	0	False	complete_repair_zero_representable	2-02-member	/home/codyh/workspace/open-pajero-maps/output/scratch-14/complete_repair/proofs/686.json
0	1248	1536	288	0	0	0	0	0	0	0	-1	-1	687	1	0	0	0	b	[0, 1248, 1536]	15	3	4	1	0	0	0	0	False	complete_repair_zero_representable	2-02-member	/home/codyh/workspace/open-pajero-maps/output/scratch-14/complete_repair/proofs/687.json
0	1091	1537	288	0	0	0	0	0	0	0	-1	-1	688	0	0	0	0	b	[0, 1091, 1538]	4	0	1	1	0	0	0	0	False	complete_repair_zero_representable	2-02-member	/home/codyh/workspace/open-pajero-maps/output/scratch-14/complete_repair/proofs/688.json
0	1248	1538	288	0	0	0	0	0	0	0	-1	-1	689	1	0	0	0	b	[0, 1248, 1536]	15	3	4	1	0	0	0	0	False	complete_repair_zero_representable	2-02-member	/home/codyh/workspace/open-pajero-maps/output/scratch-14/complete_repair/proofs/689.json
0	1248	1540	288	0	0	0	0	0	0	0	-1	-1	690	0	1	0	0	b	[0, 1248, 1536]	15	3	4	2	0	0	0	0	False	complete_repair_zero_representable	2-02-member	/home/codyh/workspace/open-pajero-maps/output/scratch-14/complete_repair/proofs/690.json
0	1248	1543	288	0	0	0	0	0	0	0	-1	-1	691	0	1	0	0	b	[0, 1248, 1536]	15	3	4	2	0	0	0	0	False	complete_repair_zero_representable	2-02-member	/home/codyh/workspace/open-pajero-maps/output/scratch-14/complete_repair/proofs/691.json
0	1248	1545	288	0	0	0	0	0	0	0	-1	-1	692	1	0	0	0	b	[0, 1248, 1536]	15	3	4	1	0	0	0	0	False	complete_repair_zero_representable	2-02-member	/home/codyh/workspace/open-pajero-maps/output/scratch-14/complete_repair/proofs/692.json
0	1248	1547	288	0	0	0	0	0	0	0	-1	-1	693	1	0	0	0	b	[0, 1248, 1536]	15	3	4	1	0	0	0	0	False	complete_repair_zero_representable	2-02-member	/home/codyh/workspace/open-pajero-maps/output/scratch-14/complete_repair/proofs/693.json
0	1248	1549	288	0	0	0	0	0	0	0	-1	-1	694	1	0	0	0	b	[0, 1248, 1536]	15	3	4	1	0	0	0	0	False	complete_repair_zero_representable	2-02-member	/home/codyh/workspace/open-pajero-maps/output/scratch-14/complete_repair/proofs/694.json
0	1126	1561	288	0	0	0	0	0	0	0	-1	-1	695	0	1	0	0	b	[0, 1126, 1565]	55	25	26	4	0	0	0	0	False	complete_repair_zero_representable	2-02-member	/home/codyh/workspace/open-pajero-maps/output/scratch-14/complete_repair/proofs/695.json
0	1126	1562	288	0	0	0	0	0	0	0	-1	-1	696	0	1	0	0	b	[0, 1126, 1565]	55	25	26	3	0	0	0	0	False	complete_repair_zero_representable	2-02-member	/home/codyh/workspace/open-pajero-maps/output/scratch-14/complete_repair/proofs/696.json
0	1126	1563	288	0	0	0	0	0	0	0	-1	-1	697	0	1	0	0	b	[0, 1126, 1565]	55	25	26	5	0	0	0	0	False	complete_repair_zero_representable	2-02-member	/home/codyh/workspace/open-pajero-maps/output/scratch-14/complete_repair/proofs/697.json
0	1126	1564	288	0	0	0	0	0	0	0	-1	-1	698	0	1	0	0	b	[0, 1126, 1565]	55	25	26	4	0	0	0	0	False	complete_repair_zero_representable	2-02-member	/home/codyh/workspace/open-pajero-maps/output/scratch-14/complete_repair/proofs/698.json
0	1126	1565	288	0	0	0	0	0	0	0	-1	-1	699	0	1	0	0	b	[0, 1126, 1565]	55	25	26	4	0	0	0	0	False	complete_repair_zero_representable	2-02-member	/home/codyh/workspace/open-pajero-maps/output/scratch-14/complete_repair/proofs/699.json
0	1126	1566	288	0	0	0	0	0	0	0	-1	-1	700	0	1	0	0	b	[0, 1126, 1565]	55	25	26	3	0	0	0	0	False	complete_repair_zero_representable	2-02-member	/home/codyh/workspace/open-pajero-maps/output/scratch-14/complete_repair/proofs/700.json
0	1126	1567	288	0	0	0	0	0	0	0	-1	-1	701	0	1	0	0	b	[0, 1126, 1565]	55	25	26	4	0	0	0	0	False	complete_repair_zero_representable	2-02-member	/home/codyh/workspace/open-pajero-maps/output/scratch-14/complete_repair/proofs/701.json
0	1507	1567	290	0	0	0	0	0	0	0	-1	-1	702	0	0	0	0	b	[0, 1507, 1568]	8	0	1	1	0	0	0	0	False	complete_repair_zero_representable	2-02-member	/home/codyh/workspace/open-pajero-maps/output/scratch-14/complete_repair/proofs/702.json
0	1126	1568	288	0	0	0	0	0	0	0	-1	-1	703	1	0	0	0	b	[0, 1126, 1565]	55	25	26	3	0	0	0	0	False	complete_repair_zero_representable	2-02-member	/home/codyh/workspace/open-pajero-maps/output/scratch-14/complete_repair/proofs/703.json
0	1126	1569	288	0	0	0	0	0	0	0	-1	-1	704	1	0	0	0	b	[0, 1126, 1565]	55	25	26	3	0	0	0	0	False	complete_repair_zero_representable	2-02-member	/home/codyh/workspace/open-pajero-maps/output/scratch-14/complete_repair/proofs/704.json
0	1248	1569	288	0	0	0	0	0	0	0	-1	-1	705	1	0	0	0	b	[0, 1248, 1572]	8	2	3	1	0	0	0	0	False	complete_repair_zero_representable	2-02-member	/home/codyh/workspace/open-pajero-maps/output/scratch-14/complete_repair/proofs/705.json
0	1126	1570	288	0	0	0	0	0	0	0	-1	-1	706	0	1	0	0	b	[0, 1126, 1565]	55	25	26	2	0	0	0	0	False	complete_repair_zero_representable	2-02-member	/home/codyh/workspace/open-pajero-maps/output/scratch-14/complete_repair/proofs/706.json
0	1248	1571	288	0	0	0	0	0	0	0	-1	-1	707	0	1	0	0	b	[0, 1248, 1572]	8	2	3	1	0	0	0	0	False	complete_repair_zero_representable	2-02-member	/home/codyh/workspace/open-pajero-maps/output/scratch-14/complete_repair/proofs/707.json
0	1248	1573	288	0	0	0	0	0	0	0	-1	-1	708	0	1	0	0	b	[0, 1248, 1572]	8	2	3	1	0	0	0	0	False	complete_repair_zero_representable	2-02-member	/home/codyh/workspace/open-pajero-maps/output/scratch-14/complete_repair/proofs/708.json
0	1248	1575	288	0	0	0	0	0	0	0	-1	-1	709	1	0	0	0	b	[0, 1248, 1572]	8	2	3	1	0	0	0	0	False	complete_repair_zero_representable	2-02-member	/home/codyh/workspace/open-pajero-maps/output/scratch-14/complete_repair/proofs/709.json
0	1248	1577	288	0	0	0	0	0	0	0	-1	-1	710	1	0	0	0	b	[0, 1248, 1572]	8	2	3	1	0	0	0	0	False	complete_repair_zero_representable	2-02-member	/home/codyh/workspace/open-pajero-maps/output/scratch-14/complete_repair/proofs/710.json
0	1248	1586	288	0	0	0	0	0	0	0	-1	-1	712	1	0	0	0	b	[0, 1248, 1608]	25	6	7	1	0	0	0	0	False	complete_repair_zero_representable	2-02-member	/home/codyh/workspace/open-pajero-maps/output/scratch-14/complete_repair/proofs/712.json
0	1462	1586	288	0	0	0	0	0	0	0	-1	-1	713	0	0	0	0	b	[0, 1460, 1586]	4	0	1	1	0	0	0	0	False	complete_repair_zero_representable	2-02-member	/home/codyh/workspace/open-pajero-maps/output/scratch-14/complete_repair/proofs/713.json
0	1248	1588	288	0	0	0	0	0	0	0	-1	-1	714	1	0	0	0	b	[0, 1248, 1608]	25	6	7	1	0	0	0	0	False	complete_repair_zero_representable	2-02-member	/home/codyh/workspace/open-pajero-maps/output/scratch-14/complete_repair/proofs/714.json
0	1248	1590	288	0	0	0	0	0	0	0	-1	-1	715	1	0	0	0	b	[0, 1248, 1608]	25	6	7	1	0	0	0	0	False	complete_repair_zero_representable	2-02-member	/home/codyh/workspace/open-pajero-maps/output/scratch-14/complete_repair/proofs/715.json
0	1248	1592	288	0	0	0	0	0	0	0	-1	-1	716	1	0	0	0	b	[0, 1248, 1608]	25	6	7	1	0	0	0	0	False	complete_repair_zero_representable	2-02-member	/home/codyh/workspace/open-pajero-maps/output/scratch-14/complete_repair/proofs/716.json
0	1369	1593	288	0	0	0	0	0	0	0	-1	-1	717	0	0	0	0	b	[0, 1368, 1593]	4	0	1	1	0	0	0	0	False	complete_repair_zero_representable	2-02-member	/home/codyh/workspace/open-pajero-maps/output/scratch-14/complete_repair/proofs/717.json
0	1248	1594	288	0	0	0	0	0	0	0	-1	-1	718	1	0	0	0	b	[0, 1248, 1608]	25	6	7	1	0	0	0	0	False	complete_repair_zero_representable	2-02-member	/home/codyh/workspace/open-pajero-maps/output/scratch-14/complete_repair/proofs/718.json
0	1139	1596	288	0	0	0	0	0	0	0	-1	-1	719	1	0	0	0	b	[0, 1139, 1600]	55	8	9	1	0	0	0	0	False	complete_repair_zero_representable	2-02-member	/home/codyh/workspace/open-pajero-maps/output/scratch-14/complete_repair/proofs/719.json
0	1139	1597	288	0	0	0	0	0	0	0	-1	-1	720	1	0	0	0	b	[0, 1139, 1600]	55	8	9	1	0	0	0	0	False	complete_repair_zero_representable	2-02-member	/home/codyh/workspace/open-pajero-maps/output/scratch-14/complete_repair/proofs/720.json
0	1248	1597	288	0	0	0	0	0	0	0	-1	-1	721	1	0	0	0	b	[0, 1248, 1608]	25	6	7	1	0	0	0	0	False	complete_repair_zero_representable	2-02-member	/home/codyh/workspace/open-pajero-maps/output/scratch-14/complete_repair/proofs/721.json
0	1139	1598	288	0	0	0	0	0	0	0	-1	-1	722	1	0	0	0	b	[0, 1139, 1600]	55	8	9	3	0	0	0	0	False	complete_repair_zero_representable	2-02-member	/home/codyh/workspace/open-pajero-maps/output/scratch-14/complete_repair/proofs/722.json
0	1139	1599	288	0	0	0	0	0	0	0	-1	-1	723	1	0	0	0	b	[0, 1139, 1600]	55	8	9	1	0	0	0	0	False	complete_repair_zero_representable	2-02-member	/home/codyh/workspace/open-pajero-maps/output/scratch-14/complete_repair/proofs/723.json
0	1248	1599	288	0	0	0	0	0	0	0	-1	-1	724	1	0	0	0	b	[0, 1248, 1608]	25	6	7	1	0	0	0	0	False	complete_repair_zero_representable	2-02-member	/home/codyh/workspace/open-pajero-maps/output/scratch-14/complete_repair/proofs/724.json
0	1388	1599	288	0	0	0	0	0	0	0	-1	-1	725	0	0	0	0	b	[0, 1389, 1599]	4	0	1	1	0	0	0	0	False	complete_repair_zero_representable	2-02-member	/home/codyh/workspace/open-pajero-maps/output/scratch-14/complete_repair/proofs/725.json
0	1139	1600	288	0	0	0	0	0	0	0	-1	-1	726	1	0	0	0	b	[0, 1139, 1600]	55	8	9	3	0	0	0	0	False	complete_repair_zero_representable	2-02-member	/home/codyh/workspace/open-pajero-maps/output/scratch-14/complete_repair/proofs/726.json
0	1139	1601	288	0	0	0	0	0	0	0	-1	-1	727	1	0	0	0	b	[0, 1139, 1600]	55	8	9	1	0	0	0	0	False	complete_repair_zero_representable	2-02-member	/home/codyh/workspace/open-pajero-maps/output/scratch-14/complete_repair/proofs/727.json
0	1248	1601	288	0	0	0	0	0	0	0	-1	-1	728	0	1	0	0	b	[0, 1248, 1608]	25	6	7	2	0	0	0	0	False	complete_repair_zero_representable	2-02-member	/home/codyh/workspace/open-pajero-maps/output/scratch-14/complete_repair/proofs/728.json
0	1139	1602	288	0	0	0	0	0	0	0	-1	-1	729	1	0	0	0	b	[0, 1139, 1600]	55	8	9	1	0	0	0	0	False	complete_repair_zero_representable	2-02-member	/home/codyh/workspace/open-pajero-maps/output/scratch-14/complete_repair/proofs/729.json
0	1139	1603	288	0	0	0	0	0	0	0	-1	-1	730	1	0	0	0	b	[0, 1139, 1600]	55	8	9	1	0	0	0	0	False	complete_repair_zero_representable	2-02-member	/home/codyh/workspace/open-pajero-maps/output/scratch-14/complete_repair/proofs/730.json
0	1248	1603	288	0	0	0	0	0	0	0	-1	-1	731	1	0	0	0	b	[0, 1248, 1608]	25	6	7	1	0	0	0	0	False	complete_repair_zero_representable	2-02-member	/home/codyh/workspace/open-pajero-maps/output/scratch-14/complete_repair/proofs/731.json
0	1139	1604	288	0	0	0	0	0	0	0	-1	-1	732	1	0	0	0	b	[0, 1139, 1600]	55	8	9	3	0	0	0	0	False	complete_repair_zero_representable	2-02-member	/home/codyh/workspace/open-pajero-maps/output/scratch-14/complete_repair/proofs/732.json
0	1139	1605	288	0	0	0	0	0	0	0	-1	-1	733	1	0	0	0	b	[0, 1139, 1600]	55	8	9	3	0	0	0	0	False	complete_repair_zero_representable	2-02-member	/home/codyh/workspace/open-pajero-maps/output/scratch-14/complete_repair/proofs/733.json
0	1248	1605	288	0	0	0	0	0	0	0	-1	-1	734	1	0	0	0	b	[0, 1248, 1608]	25	6	7	1	0	0	0	0	False	complete_repair_zero_representable	2-02-member	/home/codyh/workspace/open-pajero-maps/output/scratch-14/complete_repair/proofs/734.json
0	1248	1607	288	0	0	0	0	0	0	0	-1	-1	735	1	0	0	0	b	[0, 1248, 1608]	25	6	7	1	0	0	0	0	False	complete_repair_zero_representable	2-02-member	/home/codyh/workspace/open-pajero-maps/output/scratch-14/complete_repair/proofs/735.json
0	1360	1609	288	0	0	0	0	0	0	0	-1	-1	736	0	1	0	0	b	[0, 1360, 1614]	5	1	2	1	0	0	0	0	False	complete_repair_zero_representable	2-02-member	/home/codyh/workspace/open-pajero-maps/output/scratch-14/complete_repair/proofs/736.json
0	1248	1612	288	0	0	0	0	0	0	0	-1	-1	737	1	0	0	0	b	[0, 1248, 1608]	25	6	7	1	0	0	0	0	False	complete_repair_zero_representable	2-02-member	/home/codyh/workspace/open-pajero-maps/output/scratch-14/complete_repair/proofs/737.json
0	1248	1614	288	0	0	0	0	0	0	0	-1	-1	738	1	0	0	0	b	[0, 1248, 1608]	25	6	7	1	0	0	0	0	False	complete_repair_zero_representable	2-02-member	/home/codyh/workspace/open-pajero-maps/output/scratch-14/complete_repair/proofs/738.json
0	1360	1615	288	0	0	0	0	0	0	0	-1	-1	739	1	0	0	0	b	[0, 1360, 1614]	5	1	2	1	0	0	0	0	False	complete_repair_zero_representable	2-02-member	/home/codyh/workspace/open-pajero-maps/output/scratch-14/complete_repair/proofs/739.json
0	1248	1616	288	0	0	0	0	0	0	0	-1	-1	740	1	0	0	0	b	[0, 1248, 1608]	25	6	7	1	0	0	0	0	False	complete_repair_zero_representable	2-02-member	/home/codyh/workspace/open-pajero-maps/output/scratch-14/complete_repair/proofs/740.json
0	1248	1618	288	0	0	0	0	0	0	0	-1	-1	741	1	0	0	0	b	[0, 1248, 1608]	25	6	7	1	0	0	0	0	False	complete_repair_zero_representable	2-02-member	/home/codyh/workspace/open-pajero-maps/output/scratch-14/complete_repair/proofs/741.json
0	1248	1620	288	0	0	0	0	0	0	0	-1	-1	742	1	0	0	0	b	[0, 1248, 1608]	25	6	7	1	0	0	0	0	False	complete_repair_zero_representable	2-02-member	/home/codyh/workspace/open-pajero-maps/output/scratch-14/complete_repair/proofs/742.json
0	1248	1627	288	0	0	0	0	0	0	0	-1	-1	743	1	0	0	0	b	[0, 1248, 1608]	25	6	7	1	0	0	0	0	False	complete_repair_zero_representable	2-02-member	/home/codyh/workspace/open-pajero-maps/output/scratch-14/complete_repair/proofs/743.json
0	1248	1629	288	0	0	0	0	0	0	0	-1	-1	744	1	0	0	0	b	[0, 1248, 1608]	25	6	7	1	0	0	0	0	False	complete_repair_zero_representable	2-02-member	/home/codyh/workspace/open-pajero-maps/output/scratch-14/complete_repair/proofs/744.json
0	1248	1631	288	0	0	0	0	0	0	0	-1	-1	745	1	0	0	0	b	[0, 1248, 1608]	25	6	7	1	0	0	0	0	False	complete_repair_zero_representable	2-02-member	/home/codyh/workspace/open-pajero-maps/output/scratch-14/complete_repair/proofs/745.json
0	1281	1642	288	0	0	0	0	0	0	0	-1	-1	746	1	0	0	0	b	[0, 1281, 1643]	6	2	3	1	0	0	0	0	False	complete_repair_zero_representable	2-02-member	/home/codyh/workspace/open-pajero-maps/output/scratch-14/complete_repair/proofs/746.json
0	1248	1648	288	0	0	0	0	0	0	0	-1	-1	747	1	0	0	0	b	[0, 1248, 1652]	10	1	2	1	0	0	0	0	False	complete_repair_zero_representable	2-02-member	/home/codyh/workspace/open-pajero-maps/output/scratch-14/complete_repair/proofs/747.json
0	1364	1649	288	0	0	0	0	0	0	0	-1	-1	748	0	1	0	0	b	[0, 1367, 1649]	54	8	9	1	0	0	0	0	False	complete_repair_zero_representable	2-02-member	/home/codyh/workspace/open-pajero-maps/output/scratch-14/complete_repair/proofs/748.json
0	1248	1651	288	0	0	0	0	0	0	0	-1	-1	749	1	0	0	0	b	[0, 1248, 1652]	10	1	2	1	0	0	0	0	False	complete_repair_zero_representable	2-02-member	/home/codyh/workspace/open-pajero-maps/output/scratch-14/complete_repair/proofs/749.json
0	1248	1653	288	0	0	0	0	0	0	0	-1	-1	750	1	0	0	0	b	[0, 1248, 1652]	10	1	2	1	0	0	0	0	False	complete_repair_zero_representable	2-02-member	/home/codyh/workspace/open-pajero-maps/output/scratch-14/complete_repair/proofs/750.json
0	1248	1655	288	0	0	0	0	0	0	0	-1	-1	751	1	0	0	0	b	[0, 1248, 1652]	10	1	2	1	0	0	0	0	False	complete_repair_zero_representable	2-02-member	/home/codyh/workspace/open-pajero-maps/output/scratch-14/complete_repair/proofs/751.json
0	1248	1657	288	0	0	0	0	0	0	0	-1	-1	752	1	0	0	0	b	[0, 1248, 1652]	10	1	2	1	0	0	0	0	False	complete_repair_zero_representable	2-02-member	/home/codyh/workspace/open-pajero-maps/output/scratch-14/complete_repair/proofs/752.json
0	1248	1661	288	0	0	0	0	0	0	0	-1	-1	753	0	0	0	0	b	[0, 1248, 1661]	4	0	1	1	0	0	0	0	False	complete_repair_zero_representable	2-02-member	/home/codyh/workspace/open-pajero-maps/output/scratch-14/complete_repair/proofs/753.json
0	1194	1662	291	0	0	0	0	0	0	0	-1	-1	754	1	0	0	0	b	[0, 1194, 1664]	48	2	3	1	0	0	0	0	False	complete_repair_zero_representable	2-02-member	/home/codyh/workspace/open-pajero-maps/output/scratch-14/complete_repair/proofs/754.json
0	1248	1666	288	0	0	0	0	0	0	0	-1	-1	755	0	0	0	0	b	[0, 1248, 1665]	5	0	1	1	0	0	0	0	False	complete_repair_zero_representable	2-02-member	/home/codyh/workspace/open-pajero-maps/output/scratch-14/complete_repair/proofs/755.json
0	1248	1668	288	0	0	0	0	0	0	0	-1	-1	756	1	0	0	0	b	[0, 1248, 1671]	7	1	2	1	0	0	0	0	False	complete_repair_zero_representable	2-02-member	/home/codyh/workspace/open-pajero-maps/output/scratch-14/complete_repair/proofs/756.json
0	1248	1670	288	0	0	0	0	0	0	0	-1	-1	757	1	0	0	0	b	[0, 1248, 1671]	7	1	2	1	0	0	0	0	False	complete_repair_zero_representable	2-02-member	/home/codyh/workspace/open-pajero-maps/output/scratch-14/complete_repair/proofs/757.json
0	1248	1672	288	0	0	0	0	0	0	0	-1	-1	758	1	0	0	0	b	[0, 1248, 1671]	7	1	2	1	0	0	0	0	False	complete_repair_zero_representable	2-02-member	/home/codyh/workspace/open-pajero-maps/output/scratch-14/complete_repair/proofs/758.json
0	1248	1674	288	0	0	0	0	0	0	0	-1	-1	759	0	1	0	0	b	[0, 1248, 1671]	7	1	2	2	0	0	0	0	False	complete_repair_zero_representable	2-02-member	/home/codyh/workspace/open-pajero-maps/output/scratch-14/complete_repair/proofs/759.json
0	1248	1677	288	0	0	0	0	0	0	0	-1	-1	760	1	0	0	0	b	[0, 1248, 1680]	7	2	3	1	0	0	0	0	False	complete_repair_zero_representable	2-02-member	/home/codyh/workspace/open-pajero-maps/output/scratch-14/complete_repair/proofs/760.json
0	1248	1683	288	0	0	0	0	0	0	0	-1	-1	761	1	0	0	0	b	[0, 1248, 1680]	7	2	3	1	0	0	0	0	False	complete_repair_zero_representable	2-02-member	/home/codyh/workspace/open-pajero-maps/output/scratch-14/complete_repair/proofs/761.json
0	1665	1688	288	0	0	0	0	0	0	0	-1	-1	762	0	0	0	0	b	[0, 1665, 1688]	4	0	1	1	0	0	0	0	False	complete_repair_zero_representable	2-02-member	/home/codyh/workspace/open-pajero-maps/output/scratch-14/complete_repair/proofs/762.json
0	1665	1702	288	0	0	0	0	0	0	0	-1	-1	763	0	0	0	0	b	[0, 1665, 1703]	4	0	1	1	0	0	0	0	False	complete_repair_zero_representable	2-02-member	/home/codyh/workspace/open-pajero-maps/output/scratch-14/complete_repair/proofs/763.json
0	1365	1708	291	0	0	0	0	0	0	0	-1	-1	764	1	0	0	0	b	[0, 1361, 1694]	1549	27	28	1	0	0	0	0	False	complete_repair_zero_representable	2-02-member	/home/codyh/workspace/open-pajero-maps/output/scratch-14/complete_repair/proofs/764.json
0	1313	1801	291	0	0	0	0	0	0	0	-1	-1	766	0	0	0	0	b	[0, 1313, 1802]	5	0	1	1	0	0	0	0	False	complete_repair_zero_representable	2-02-member	/home/codyh/workspace/open-pajero-maps/output/scratch-14/complete_repair/proofs/766.json
0	1404	1814	291	0	0	0	0	0	0	0	-1	-1	767	0	1	0	0	b	[0, 1406, 1819]	238	1	2	1	0	0	0	0	False	complete_repair_zero_representable	2-02-member	/home/codyh/workspace/open-pajero-maps/output/scratch-14/complete_repair/proofs/767.json
0	1668	1817	288	0	0	0	0	0	0	0	-1	-1	768	0	0	0	0	b	[0, 1668, 1817]	4	0	1	1	0	0	0	0	False	complete_repair_zero_representable	2-02-member	/home/codyh/workspace/open-pajero-maps/output/scratch-14/complete_repair/proofs/768.json
0	1656	1838	288	0	0	0	0	0	0	0	-1	-1	769	0	0	0	0	b	[0, 1659, 1838]	6	0	1	1	0	0	0	0	False	complete_repair_zero_representable	2-02-member	/home/codyh/workspace/open-pajero-maps/output/scratch-14/complete_repair/proofs/769.json
0	1658	1838	288	0	0	0	0	0	0	0	-1	-1	770	0	0	0	0	b	[0, 1659, 1838]	6	0	1	1	0	0	0	0	False	complete_repair_zero_representable	2-02-member	/home/codyh/workspace/open-pajero-maps/output/scratch-14/complete_repair/proofs/770.json
0	1660	1838	288	0	0	0	0	0	0	0	-1	-1	771	0	0	0	0	b	[0, 1659, 1838]	6	0	1	1	0	0	0	0	False	complete_repair_zero_representable	2-02-member	/home/codyh/workspace/open-pajero-maps/output/scratch-14/complete_repair/proofs/771.json
