ordinal	level	ix	iy	code	p0	p1	p2	p3	p4	p5	p6	shape	window	outcome	sources	legacy_spool_degree_records_max	baseline_target_records	counterfactual_target_records	original_spool_failure_before	original_spool_failure_after	baseline_padded_frame_sha256	counterfactual_padded_frame_sha256	baseline_raw_frame_dump_sha256	counterfactual_raw_frame_dump_sha256	witness
0	0	906	1225	291	0	0	0	0	0	0	0	-1	0,906,1225,907,1226	fail	907,1225,5	1	0	0	1	1	b71240ecd3a04672c894a3476345ee13adf7a65988a2f5e8aac8e01cf142ca28	b71240ecd3a04672c894a3476345ee13adf7a65988a2f5e8aac8e01cf142ca28	731d6c73001d5077b95d3def5f362bd675c074b6d42e4d6ecb9b5014b055e47b	731d6c73001d5077b95d3def5f362bd675c074b6d42e4d6ecb9b5014b055e47b	output/scratch-3-16/key_00/outcome.json
1	0	962	780	291	0	0	0	0	0	0	0	-1	0,962,780,963,781	fail	962,779,2	1	0	0	1	1	4cd3b98dbd4b08f678124a43e314d6c9f1a93848e054804f1c2edafd3f445b15	4cd3b98dbd4b08f678124a43e314d6c9f1a93848e054804f1c2edafd3f445b15	32d0c3392c3a7287247853c0fa1d5bb643177c1b6a5454e9230391f1e4bdbbe7	32d0c3392c3a7287247853c0fa1d5bb643177c1b6a5454e9230391f1e4bdbbe7	output/scratch-3-16/key_01/outcome.json
2	0	1075	790	288	0	0	0	0	0	0	0	-1	0,1075,790,1076,791	fail	1075,792,0	2	0	0	1	1	dd2d9d1da908ef13a847e11bba9b43952ca6ba294ded61ee482d3338d3cbdc4b	dd2d9d1da908ef13a847e11bba9b43952ca6ba294ded61ee482d3338d3cbdc4b	661440dc5e4d3f2a6d17fa8ce18704c8333aefe19ca26764a7ba0a89ba6bb43b	661440dc5e4d3f2a6d17fa8ce18704c8333aefe19ca26764a7ba0a89ba6bb43b	output/scratch-3-16/key_02/outcome.json
3	0	1109	1122	288	0	0	0	0	0	0	0	-1	0,1109,1122,1110,1123	fail	1109,1193,0	2	0	0	1	1	3fa5075e9a7ae073c94a815e7a05d719128135b6ecaf1033cbe3d16cdd54d2b4	3fa5075e9a7ae073c94a815e7a05d719128135b6ecaf1033cbe3d16cdd54d2b4	61bd76ea16ed9578390b2d7e41eb5704b9f76247b60ca4df21bc6e053db5bf46	61bd76ea16ed9578390b2d7e41eb5704b9f76247b60ca4df21bc6e053db5bf46	output/scratch-3-16/key_03/outcome.json
4	0	1109	1127	288	0	0	0	0	0	0	0	-1	0,1109,1127,1110,1128	fail	1109,1193,0	2	0	0	1	1	87dfd5216532fa4caab5a20ea8ccf00708763385130d8511cf064095a7e8f0c2	87dfd5216532fa4caab5a20ea8ccf00708763385130d8511cf064095a7e8f0c2	1e84f5cf24b9af9deac12e8cf3a37b6a90d29119384a752a4122ace843e5f459	1e84f5cf24b9af9deac12e8cf3a37b6a90d29119384a752a4122ace843e5f459	output/scratch-3-16/key_04/outcome.json
5	0	1109	1133	288	0	0	0	0	0	0	0	-1	0,1109,1133,1110,1134	fail	1109,1193,0	2	0	0	1	1	4f114633e0a144e2d6f5522d1120badf07d17a886f4b265ec2c6834d4d0761ad	4f114633e0a144e2d6f5522d1120badf07d17a886f4b265ec2c6834d4d0761ad	c68eef010aa9ec0b5d82e72cf2e7097708722ce00ee0e515e3f5d4a81c212450	c68eef010aa9ec0b5d82e72cf2e7097708722ce00ee0e515e3f5d4a81c212450	output/scratch-3-16/key_05/outcome.json
6	0	1109	1139	288	0	0	0	0	0	0	0	-1	0,1109,1139,1110,1140	fail	1109,1193,0	2	0	0	1	1	12ed5dd2ddff8cc03b3ffa8b915bcc6a1b0756df7e15695a4caa8f31c92b9b58	12ed5dd2ddff8cc03b3ffa8b915bcc6a1b0756df7e15695a4caa8f31c92b9b58	88638b7cfb84b088020b6cc1d0eda300a4cae4dfcfe76c3a86846fbf810444a0	88638b7cfb84b088020b6cc1d0eda300a4cae4dfcfe76c3a86846fbf810444a0	output/scratch-3-16/key_06/outcome.json
7	0	1126	1561	288	0	0	0	0	0	0	0	-1	0,1126,1561,1127,1562	fail	1126,1565,0	1	0	0	1	1	247bb47e469a7f82e65ada5999aa544f36debc0d7ed30a8c73670a03db46871c	247bb47e469a7f82e65ada5999aa544f36debc0d7ed30a8c73670a03db46871c	1d4bd8a1fbb07535a9fa76c8e0094fb9b7adf7366a3b878e22fcbc18c26c4d3d	1d4bd8a1fbb07535a9fa76c8e0094fb9b7adf7366a3b878e22fcbc18c26c4d3d	output/scratch-3-16/key_07/outcome.json
8	0	1126	1562	288	0	0	0	0	0	0	0	-1	0,1126,1562,1127,1563	fail	1126,1565,0	2	0	0	1	1	2f218cb599e22a98dd89bd5c665d0e70df25038399a0217c5cf3f99450ffa2ba	2f218cb599e22a98dd89bd5c665d0e70df25038399a0217c5cf3f99450ffa2ba	011824b3d922621b9cd1c720e0f4780e4ef7fc77d0ba5c4e5befe01a8d5d233a	011824b3d922621b9cd1c720e0f4780e4ef7fc77d0ba5c4e5befe01a8d5d233a	output/scratch-3-16/key_08/outcome.json
9	0	1126	1563	288	0	0	0	0	0	0	0	-1	0,1126,1563,1127,1564	fail	1126,1565,0	2	0	0	1	1	044144dbd099c8fe6f5d620c2d0ca54fc96edde600eb6228f5b119ad07652657	044144dbd099c8fe6f5d620c2d0ca54fc96edde600eb6228f5b119ad07652657	fa506d2c19814a64c7060935089e22e2704c30091848a98a7325328e16bf447f	fa506d2c19814a64c7060935089e22e2704c30091848a98a7325328e16bf447f	output/scratch-3-16/key_09/outcome.json
10	0	1126	1564	288	0	0	0	0	0	0	0	-1	0,1126,1564,1127,1565	fail	1126,1565,0	1	0	0	1	1	2172586a75c421f19453e1553f6b808c02cea68f7e134466a4823af7a456e33d	2172586a75c421f19453e1553f6b808c02cea68f7e134466a4823af7a456e33d	677a1781a58313f5a9dda105b77c1702c9bf9c2ea957e8416e8bf788b382fadc	677a1781a58313f5a9dda105b77c1702c9bf9c2ea957e8416e8bf788b382fadc	output/scratch-3-16/key_10/outcome.json
11	0	1126	1565	288	0	0	0	0	0	0	0	-1	0,1126,1565,1127,1566	fail	1126,1565,0	1	0	0	1	1	6461855b146fc730b980f1740ebc413949e3fab7a6050b329b7588f9cf9e5f42	6461855b146fc730b980f1740ebc413949e3fab7a6050b329b7588f9cf9e5f42	35dec60a2706aadb6ad1c55c39016fb2b9267f9ecdcedf9bef6ec6464dd44f5f	35dec60a2706aadb6ad1c55c39016fb2b9267f9ecdcedf9bef6ec6464dd44f5f	output/scratch-3-16/key_11/outcome.json
12	0	1126	1566	288	0	0	0	0	0	0	0	-1	0,1126,1566,1127,1567	fail	1126,1565,0	2	0	0	1	1	04b74bf03d385443459b3a2830996612446c67e8e8f50d03c72dec8f4766f74b	04b74bf03d385443459b3a2830996612446c67e8e8f50d03c72dec8f4766f74b	469ccdf77685350490a53f034a3ab1a5427242182d89cd7dd7c783f555fc508c	469ccdf77685350490a53f034a3ab1a5427242182d89cd7dd7c783f555fc508c	output/scratch-3-16/key_12/outcome.json
13	0	1126	1567	288	0	0	0	0	0	0	0	-1	0,1126,1567,1127,1568	fail	1126,1565,0	1	0	0	1	1	ad0bcd3da021f2feda432d2c635ef8b5d60f1dbddc4202ca9c7c859b4b9e7455	ad0bcd3da021f2feda432d2c635ef8b5d60f1dbddc4202ca9c7c859b4b9e7455	8822ac2ced59caeeee4df1dec84c3adec1b5b9e80b10f345b560914b30fec471	8822ac2ced59caeeee4df1dec84c3adec1b5b9e80b10f345b560914b30fec471	output/scratch-3-16/key_13/outcome.json
14	0	1126	1570	288	0	0	0	0	0	0	0	-1	0,1126,1570,1127,1571	fail	1126,1565,0	1	0	0	1	1	3caa9f4a23ee8230ec07562110933d5b7769619785c4952cf40b5a0caf49af91	3caa9f4a23ee8230ec07562110933d5b7769619785c4952cf40b5a0caf49af91	ed63216c85d9c62ff484fb4cf7f64a54fdbee8fb66f6e69bcc6772f14faebec4	ed63216c85d9c62ff484fb4cf7f64a54fdbee8fb66f6e69bcc6772f14faebec4	output/scratch-3-16/key_14/outcome.json
15	0	1248	883	288	0	0	0	0	0	0	0	-1	0,1248,883,1249,884	fail	1248,889,0	1	0	0	1	1	18d31fb9fe1445b7528acbc4f805eb4681d5b9b63ff3d93d5dcb3ce55fd155ed	18d31fb9fe1445b7528acbc4f805eb4681d5b9b63ff3d93d5dcb3ce55fd155ed	84eb739db801b3a54427e1cec8e00acd6dfe55de871c7bb9a447e47c6b92f5db	84eb739db801b3a54427e1cec8e00acd6dfe55de871c7bb9a447e47c6b92f5db	output/scratch-3-16/key_15/outcome.json
16	0	1248	921	288	0	0	0	0	0	0	0	-1	0,1248,921,1249,922	fail	1248,910,0	2	0	0	1	1	b910947c71063e6bb254bf0400aa1f6117716fcba4bc78278a0044cb494bf2b7	b910947c71063e6bb254bf0400aa1f6117716fcba4bc78278a0044cb494bf2b7	6f1f98dda57f2d3c9bfe7ffc059da9764ad80a8bfe8f87a61ef01c1a12fd3e9b	6f1f98dda57f2d3c9bfe7ffc059da9764ad80a8bfe8f87a61ef01c1a12fd3e9b	output/scratch-3-16/key_16/outcome.json
17	0	1248	1126	288	0	0	0	0	0	0	0	-1	0,1248,1126,1249,1127	fail	1248,1136,0	1	0	0	1	1	0835a14595e797bcbe982e22485ad7adab5928cb7790d4093e56bfdc6c9b9383	0835a14595e797bcbe982e22485ad7adab5928cb7790d4093e56bfdc6c9b9383	85c46a241722d23ef150afb12904be3dbb7754751c21ce038d7abcad3351f6a1	85c46a241722d23ef150afb12904be3dbb7754751c21ce038d7abcad3351f6a1	output/scratch-3-16/key_17/outcome.json
18	0	1248	1145	288	0	0	0	0	0	0	0	-1	0,1248,1145,1249,1146	fail	1248,1136,0	1	0	0	1	1	dcd829473f4a9d275a5d7eb2491265eb0819159fcda5d54b514a08e9fc6c367e	dcd829473f4a9d275a5d7eb2491265eb0819159fcda5d54b514a08e9fc6c367e	1710a106ba834987dd6d34702a45f3a1d5ee09bb8564f91a07de37f2dab46945	1710a106ba834987dd6d34702a45f3a1d5ee09bb8564f91a07de37f2dab46945	output/scratch-3-16/key_18/outcome.json
19	0	1248	1147	288	0	0	0	0	0	0	0	-1	0,1248,1147,1249,1148	fail	1248,1136,0	2	0	0	1	1	03f2919c8b88925806a038af609ebc167759b0071e7bb31bf062ab09458e4b0b	03f2919c8b88925806a038af609ebc167759b0071e7bb31bf062ab09458e4b0b	b23bb0a26cc93bcd76013c724301be0938d469009ec03cdf4e0a31bb82ee4c88	b23bb0a26cc93bcd76013c724301be0938d469009ec03cdf4e0a31bb82ee4c88	output/scratch-3-16/key_19/outcome.json
20	0	1248	1154	288	0	0	0	0	0	0	0	-1	0,1248,1154,1249,1155	fail	1248,1196,5	2	0	0	1	1	f5cf54413c1b77208bf74533ef3ba56f5885a9a24138d6c774cbf626bd576e0e	f5cf54413c1b77208bf74533ef3ba56f5885a9a24138d6c774cbf626bd576e0e	b8ecc0a1cc0c3754d6823f5dc6b17aadcdbd8da2643cb963aec94ea28728e3ad	b8ecc0a1cc0c3754d6823f5dc6b17aadcdbd8da2643cb963aec94ea28728e3ad	output/scratch-3-16/key_20/outcome.json
21	0	1248	1240	288	0	0	0	0	0	0	0	-1	0,1248,1240,1249,1241	fail	1248,1196,5	1	0	0	1	1	0238e5d4df17cd12b9fbf4cba2b31def93efb927167f1c95d0865912e56643e3	0238e5d4df17cd12b9fbf4cba2b31def93efb927167f1c95d0865912e56643e3	c0a6ddfcbb625e8b588a65ad592c02b0593b82735026add958fbe6c232d12244	c0a6ddfcbb625e8b588a65ad592c02b0593b82735026add958fbe6c232d12244	output/scratch-3-16/key_21/outcome.json
22	0	1248	1279	288	0	0	0	0	0	0	0	-1	0,1248,1279,1249,1280	fail	1248,1284,0	1	0	0	1	1	147dc675849a69f9e722e4fdd0374ab97401ff87013ee7d0ceb72849b4fcf8f9	147dc675849a69f9e722e4fdd0374ab97401ff87013ee7d0ceb72849b4fcf8f9	f4ecc10c0706723fb96429051ff211c2b5c3ba96b32ec0557dffdca267f1c574	f4ecc10c0706723fb96429051ff211c2b5c3ba96b32ec0557dffdca267f1c574	output/scratch-3-16/key_22/outcome.json
23	0	1248	1281	288	0	0	0	0	0	0	0	-1	0,1248,1281,1249,1282	fail	1248,1284,0	2	0	0	1	1	751a864ac85e07b00730da5a163e8c46d4954461645a528bbea63eb7b0802b99	751a864ac85e07b00730da5a163e8c46d4954461645a528bbea63eb7b0802b99	537ecab468b6897e0973dabe579f54e1f97dcc8f617b1a7cab0eb9f60aa3b449	537ecab468b6897e0973dabe579f54e1f97dcc8f617b1a7cab0eb9f60aa3b449	output/scratch-3-16/key_23/outcome.json
24	0	1248	1283	288	0	0	0	0	0	0	0	-1	0,1248,1283,1249,1284	fail	1248,1284,0	2	0	0	1	1	ea76fc498d252f0314f04f5383d246087a441cb91f2194303f346c46c6f50b45	ea76fc498d252f0314f04f5383d246087a441cb91f2194303f346c46c6f50b45	220610999c1d3fa3e0e877118b903ef11a146183bef5413b31725d628bf87cf3	220610999c1d3fa3e0e877118b903ef11a146183bef5413b31725d628bf87cf3	output/scratch-3-16/key_24/outcome.json
25	0	1248	1285	288	0	0	0	0	0	0	0	-1	0,1248,1285,1249,1286	fail	1248,1284,0	2	0	0	1	1	c200a0586b72f4aa5d285358a0a5d49debc784b95207f1d267b6bb9df3cda0cc	c200a0586b72f4aa5d285358a0a5d49debc784b95207f1d267b6bb9df3cda0cc	19885cc4100c4e62cbf9cda5e1aabcd9d03f7c43e96406692197d76db12db4d9	19885cc4100c4e62cbf9cda5e1aabcd9d03f7c43e96406692197d76db12db4d9	output/scratch-3-16/key_25/outcome.json
26	0	1248	1296	288	0	0	0	0	0	0	0	-1	0,1248,1296,1249,1297	fail	1248,1313,0	2	0	0	1	1	91aed9d00bbae45d0b13144e91739e54fce7ed0d9e9a5eb89679d06d874030d7	91aed9d00bbae45d0b13144e91739e54fce7ed0d9e9a5eb89679d06d874030d7	c81d6bcce03a0b1b8927edf3c4b2219d5189c0bbfccf1299b75a024eaf5e96b0	c81d6bcce03a0b1b8927edf3c4b2219d5189c0bbfccf1299b75a024eaf5e96b0	output/scratch-3-16/key_26/outcome.json
27	0	1248	1298	288	0	0	0	0	0	0	0	-1	0,1248,1298,1249,1299	fail	1248,1313,0	2	0	0	1	1	085b407cff81310aeb909f36348445260a1ecffa999bea8aa5c6e007fb161108	085b407cff81310aeb909f36348445260a1ecffa999bea8aa5c6e007fb161108	18c7c11332069edd675c19d82bd9ac7b287f7935e845c7128edaffdb994e9406	18c7c11332069edd675c19d82bd9ac7b287f7935e845c7128edaffdb994e9406	output/scratch-3-16/key_27/outcome.json
28	0	1248	1301	288	0	0	0	0	0	0	0	-1	0,1248,1301,1249,1302	fail	1248,1313,0	2	0	0	1	1	ad96dc89d8dc7cfff4e5f8c146c6e57a2b53388922292a8d5aba399925bf1dec	ad96dc89d8dc7cfff4e5f8c146c6e57a2b53388922292a8d5aba399925bf1dec	279870aca44fde3af0538c3d193816da28bfa2a777ade23a49a6f76ba15b9f0c	279870aca44fde3af0538c3d193816da28bfa2a777ade23a49a6f76ba15b9f0c	output/scratch-3-16/key_28/outcome.json
29	0	1248	1314	288	0	0	0	0	0	0	0	-1	0,1248,1314,1249,1315	fail	1248,1313,0	2	0	0	1	1	b90b5a23717b0c1767766489fc59e886f0aad37cae956085073e24872600ab78	b90b5a23717b0c1767766489fc59e886f0aad37cae956085073e24872600ab78	876d4d441f9f51e1423d3ba26eee22c98ca107d92ec2589559ce9fb93c5fcd4a	876d4d441f9f51e1423d3ba26eee22c98ca107d92ec2589559ce9fb93c5fcd4a	output/scratch-3-16/key_29/outcome.json
30	0	1248	1352	288	0	0	0	0	0	0	0	-1	0,1248,1352,1249,1353	fail	1248,1364,0	1	0	0	1	1	f6021ad239af0061c93d1c3a67fb70b8900bc1c8ac774442475ddee18c215b1f	f6021ad239af0061c93d1c3a67fb70b8900bc1c8ac774442475ddee18c215b1f	c2e7911e9fd3ff199ad2d9089083549fc49824d65716ef668239a88260ccf4ec	c2e7911e9fd3ff199ad2d9089083549fc49824d65716ef668239a88260ccf4ec	output/scratch-3-16/key_30/outcome.json
31	0	1248	1355	288	0	0	0	0	0	0	0	-1	0,1248,1355,1249,1356	fail	1248,1364,0	2	0	0	1	1	99786d8e26a0b3e677f1cf75a312094acd4fc19d6f7ccc611832f656d3e9c7ec	99786d8e26a0b3e677f1cf75a312094acd4fc19d6f7ccc611832f656d3e9c7ec	b7b0dbed817d06c54d0253b708706ddff9dbd7ee2831464583ed354c85e94ca2	b7b0dbed817d06c54d0253b708706ddff9dbd7ee2831464583ed354c85e94ca2	output/scratch-3-16/key_31/outcome.json
32	0	1248	1357	288	0	0	0	0	0	0	0	-1	0,1248,1357,1249,1358	fail	1248,1364,0	2	0	0	1	1	91dfe43c2bda4377bb189238dde50b653eac43cc0e823239fba1d63429856136	91dfe43c2bda4377bb189238dde50b653eac43cc0e823239fba1d63429856136	19b214202a523bf12a9f7d2555605668fc97c7ff0f4ec79124e236489509e70b	19b214202a523bf12a9f7d2555605668fc97c7ff0f4ec79124e236489509e70b	output/scratch-3-16/key_32/outcome.json
33	0	1248	1359	288	0	0	0	0	0	0	0	-1	0,1248,1359,1249,1360	fail	1248,1364,0	2	0	0	1	1	603e85bf28cdc7bcf48c73ad9ebf6fe10148b195b6b88c6a757adc7b96bdaacf	603e85bf28cdc7bcf48c73ad9ebf6fe10148b195b6b88c6a757adc7b96bdaacf	81c1fc699b33a39fbcdc5f59304aa610b6ff002f6c2ab344c7caef1d63dc64a8	81c1fc699b33a39fbcdc5f59304aa610b6ff002f6c2ab344c7caef1d63dc64a8	output/scratch-3-16/key_33/outcome.json
34	0	1248	1393	288	0	0	0	0	0	0	0	-1	0,1248,1393,1249,1394	fail	1248,1397,0	2	0	0	1	1	e9e17b7a1f37aff8e3f80bf3360c2e4fe7d4b466350c04f4434bd716010ce88d	e9e17b7a1f37aff8e3f80bf3360c2e4fe7d4b466350c04f4434bd716010ce88d	585baa8ff7afba78c83dcad97fbeeb1421af4a494d02cb854c13ee8b11cda851	585baa8ff7afba78c83dcad97fbeeb1421af4a494d02cb854c13ee8b11cda851	output/scratch-3-16/key_34/outcome.json
35	0	1248	1396	288	0	0	0	0	0	0	0	-1	0,1248,1396,1249,1397	fail	1248,1397,0	2	0	0	1	1	e8ee95d0ea8916b62bd4a3fd820144ce7e8c4fb48e74a033b5ccc8669eee9851	e8ee95d0ea8916b62bd4a3fd820144ce7e8c4fb48e74a033b5ccc8669eee9851	862ef3aa60b60a91c492fee66626b63bbc19de1989e6cbc71619bfd42ca91d59	862ef3aa60b60a91c492fee66626b63bbc19de1989e6cbc71619bfd42ca91d59	output/scratch-3-16/key_35/outcome.json
36	0	1248	1404	288	0	0	0	0	0	0	0	-1	0,1248,1404,1249,1405	fail	1248,1444,0	2	0	0	1	1	1933a7a6eec884de1b8f14e86d674beaf4bfb9fe93ad5c339d472934503b9034	1933a7a6eec884de1b8f14e86d674beaf4bfb9fe93ad5c339d472934503b9034	1ce957c852b70b6c8152ee6c679d4e476b82ab72b9aa45abf6e27b14ae83b327	1ce957c852b70b6c8152ee6c679d4e476b82ab72b9aa45abf6e27b14ae83b327	output/scratch-3-16/key_36/outcome.json
37	0	1248	1406	288	0	0	0	0	0	0	0	-1	0,1248,1406,1249,1407	fail	1248,1444,0	2	0	0	1	1	d44ebd48dd100fd0f0c825bf661f2cdbf23acdbf3df38956cb2c611250731685	d44ebd48dd100fd0f0c825bf661f2cdbf23acdbf3df38956cb2c611250731685	f0c39fc4133bef2e03d04ab884ae9cd9f97a1fbb50ebe743dfed06df81b041af	f0c39fc4133bef2e03d04ab884ae9cd9f97a1fbb50ebe743dfed06df81b041af	output/scratch-3-16/key_37/outcome.json
38	0	1248	1409	288	0	0	0	0	0	0	0	-1	0,1248,1409,1249,1410	fail	1248,1444,0	2	0	0	1	1	577ab0ecb650b63add1b1b7f2db3931a922cdf916e2cf1e9992fbc41b8f1eff6	577ab0ecb650b63add1b1b7f2db3931a922cdf916e2cf1e9992fbc41b8f1eff6	0a86e1d9f99075521a8e66283453a8a9df11969b81133371d045442dcf19c36a	0a86e1d9f99075521a8e66283453a8a9df11969b81133371d045442dcf19c36a	output/scratch-3-16/key_38/outcome.json
39	0	1248	1411	288	0	0	0	0	0	0	0	-1	0,1248,1411,1249,1412	fail	1248,1444,0	2	0	0	1	1	3032887502eaeb7849dccee07a503c9851cfbe6e4cb4d8c9892008a50c43b255	3032887502eaeb7849dccee07a503c9851cfbe6e4cb4d8c9892008a50c43b255	86292bf86bb61c6102cc503a8bb32f20e7abcaf6e8914778d6e25408d6c8bf67	86292bf86bb61c6102cc503a8bb32f20e7abcaf6e8914778d6e25408d6c8bf67	output/scratch-3-16/key_39/outcome.json
40	0	1248	1413	288	0	0	0	0	0	0	0	-1	0,1248,1413,1249,1414	fail	1248,1444,0	2	0	0	1	1	0a1219853c1e56405db84b90ce8d19dfc7d5353a9f2fc1c503ddd232c081c6fa	0a1219853c1e56405db84b90ce8d19dfc7d5353a9f2fc1c503ddd232c081c6fa	796c6341b8d65be7132e608bfbcdeebc83393e25d635cd16f94926004aec8962	796c6341b8d65be7132e608bfbcdeebc83393e25d635cd16f94926004aec8962	output/scratch-3-16/key_40/outcome.json
41	0	1248	1417	288	0	0	0	0	0	0	0	-1	0,1248,1417,1249,1418	fail	1248,1444,0	2	0	0	1	1	7f3b01c7159462d414ac9db84b7d9195c47c24fdc3b9b222d1fae982f8a4c32d	7f3b01c7159462d414ac9db84b7d9195c47c24fdc3b9b222d1fae982f8a4c32d	a4b77e0cd0fb52dd86f3cd78d6c8e266284d103d53e165960c7d63fd78a99dc5	a4b77e0cd0fb52dd86f3cd78d6c8e266284d103d53e165960c7d63fd78a99dc5	output/scratch-3-16/key_41/outcome.json
42	0	1248	1432	288	0	0	0	0	0	0	0	-1	0,1248,1432,1249,1433	fail	1248,1444,0	2	0	0	1	1	17d7551cb1497423bb954f0ea65553261a46805c976087a59bbe691fa5469761	17d7551cb1497423bb954f0ea65553261a46805c976087a59bbe691fa5469761	2a37c7d382002680b55c2219a9334c4d83154e521d05ea5d0205eb46299e2e9a	2a37c7d382002680b55c2219a9334c4d83154e521d05ea5d0205eb46299e2e9a	output/scratch-3-16/key_42/outcome.json
43	0	1248	1435	288	0	0	0	0	0	0	0	-1	0,1248,1435,1249,1436	fail	1248,1444,0	2	0	0	1	1	8a5364dd84bd21b77f8e3aa5d1ccba50ca3c548254ab45f6acf3a3195d2e9719	8a5364dd84bd21b77f8e3aa5d1ccba50ca3c548254ab45f6acf3a3195d2e9719	7577b5546c2bb2eca2f769e4b8966b2f0b868facc27c5f6a7e3b3d09f1c50f9c	7577b5546c2bb2eca2f769e4b8966b2f0b868facc27c5f6a7e3b3d09f1c50f9c	output/scratch-3-16/key_43/outcome.json
44	0	1248	1437	288	0	0	0	0	0	0	0	-1	0,1248,1437,1249,1438	fail	1248,1444,0	2	0	0	1	1	143a0a236e0b7c35bd8e051be039ea353fb3752dfa92d1329a4f872aa1cf7e13	143a0a236e0b7c35bd8e051be039ea353fb3752dfa92d1329a4f872aa1cf7e13	ac395b69b7459dbdcfb31972ff966d801e1d8a078db5842420340672a07840e2	ac395b69b7459dbdcfb31972ff966d801e1d8a078db5842420340672a07840e2	output/scratch-3-16/key_44/outcome.json
45	0	1248	1465	288	0	0	0	0	0	0	0	-1	0,1248,1465,1249,1466	fail	1248,1444,0	1	0	0	1	1	880a3be0d208a2f0bca7a95826b5172b4f3213b9ac4835167d6a053b59f121f8	880a3be0d208a2f0bca7a95826b5172b4f3213b9ac4835167d6a053b59f121f8	2686109be7134a7b52292286389a6a7b0a27e7847f0aa859ca81c5308f611753	2686109be7134a7b52292286389a6a7b0a27e7847f0aa859ca81c5308f611753	output/scratch-3-16/key_45/outcome.json
46	0	1248	1467	288	0	0	0	0	0	0	0	-1	0,1248,1467,1249,1468	fail	1248,1444,0	2	0	0	1	1	83d9f57c766ad29f4c7e5fc6edd1779d1fa653159aaa911c3f8845530f9187e6	83d9f57c766ad29f4c7e5fc6edd1779d1fa653159aaa911c3f8845530f9187e6	bef7f88c60cd50096e3ed5e47489e5de839671ec328a2b2481a6a8840b104339	bef7f88c60cd50096e3ed5e47489e5de839671ec328a2b2481a6a8840b104339	output/scratch-3-16/key_46/outcome.json
47	0	1248	1469	288	0	0	0	0	0	0	0	-1	0,1248,1469,1249,1470	fail	1248,1444,0	2	0	0	1	1	9b3ba9695487161828144eca52cd5fc2c45ad8ca4e0344fc209a555ad6a278f3	9b3ba9695487161828144eca52cd5fc2c45ad8ca4e0344fc209a555ad6a278f3	9d734390a761a35a7b434350eec83dc40eac955aeae68ee07f2f6a808d3389f4	9d734390a761a35a7b434350eec83dc40eac955aeae68ee07f2f6a808d3389f4	output/scratch-3-16/key_47/outcome.json
48	0	1248	1471	288	0	0	0	0	0	0	0	-1	0,1248,1471,1249,1472	fail	1248,1444,0	2	0	0	1	1	9f36dea7c6b7456b2babf23461afcd33d59fac42685c4c20dd07e0cdbe149016	9f36dea7c6b7456b2babf23461afcd33d59fac42685c4c20dd07e0cdbe149016	4f1d2c1f4794ea8e505df4ec4caa5a4776b10e681655162e5b7905b1dbfdadec	4f1d2c1f4794ea8e505df4ec4caa5a4776b10e681655162e5b7905b1dbfdadec	output/scratch-3-16/key_48/outcome.json
49	0	1248	1473	288	0	0	0	0	0	0	0	-1	0,1248,1473,1249,1474	fail	1248,1444,0	2	0	0	1	1	9e28fe5c4ee2e01d00367cc1886119c40d23b42a613abe98d44cadad0dac6c1c	9e28fe5c4ee2e01d00367cc1886119c40d23b42a613abe98d44cadad0dac6c1c	3f6cc976682dc248595d85cfeccc594c3b7346a564743da22e107a16ed7c7617	3f6cc976682dc248595d85cfeccc594c3b7346a564743da22e107a16ed7c7617	output/scratch-3-16/key_49/outcome.json
50	0	1248	1476	288	0	0	0	0	0	0	0	-1	0,1248,1476,1249,1477	fail	1248,1444,0	1	0	0	1	1	fe80878727fdf72614c99e6f030f69158b495f5d8f403e0b0db175ecc2c38b55	fe80878727fdf72614c99e6f030f69158b495f5d8f403e0b0db175ecc2c38b55	b69aa417ca4d060d41597d7d74912ecf8a3e84ec0f9418c1b508535b52f480df	b69aa417ca4d060d41597d7d74912ecf8a3e84ec0f9418c1b508535b52f480df	output/scratch-3-16/key_50/outcome.json
51	0	1248	1493	288	0	0	0	0	0	0	0	-1	0,1248,1493,1249,1494	fail	1248,1494,0	1	0	0	1	1	da964de455c0094aedc6497976b62f8f3079325f55675411e0dd368e9db30e8f	da964de455c0094aedc6497976b62f8f3079325f55675411e0dd368e9db30e8f	6c913aecf55d21dd2ca00b8e7728e4047a73f75f0ae5fed9c0437b341cdf078b	6c913aecf55d21dd2ca00b8e7728e4047a73f75f0ae5fed9c0437b341cdf078b	output/scratch-3-16/key_51/outcome.json
52	0	1248	1504	288	0	0	0	0	0	0	0	-1	0,1248,1504,1249,1505	fail	1248,1513,0	1	0	0	1	1	a851026ebba7648c5602e527b58894412014dd59efa9dde68eed9e0ba0551049	a851026ebba7648c5602e527b58894412014dd59efa9dde68eed9e0ba0551049	dbea1717c90a80d1604399d70c353932639af110d29d350fdcf942711881c8d1	dbea1717c90a80d1604399d70c353932639af110d29d350fdcf942711881c8d1	output/scratch-3-16/key_52/outcome.json
53	0	1248	1506	288	0	0	0	0	0	0	0	-1	0,1248,1506,1249,1507	fail	1248,1513,0	1	0	0	1	1	c242e3fb3e112938baa1a98336047a306f4768275e60263af611d8ae962116c4	c242e3fb3e112938baa1a98336047a306f4768275e60263af611d8ae962116c4	0bbf3eb79ac24f880b6d0a09c0703aadd6121592df3f39bd7dfb2ceb6bf43156	0bbf3eb79ac24f880b6d0a09c0703aadd6121592df3f39bd7dfb2ceb6bf43156	output/scratch-3-16/key_53/outcome.json
54	0	1248	1517	288	0	0	0	0	0	0	0	-1	0,1248,1517,1249,1518	fail	1248,1513,0	2	0	0	1	1	6fb11e6ea65876cc4d0cfbd533a88a9af82f075fad2fee9777a8769dda21d8eb	6fb11e6ea65876cc4d0cfbd533a88a9af82f075fad2fee9777a8769dda21d8eb	20bc92995b79fe4c953ef79e47231b3a241d4d5a72da94ecabe2104d8b1da2d6	20bc92995b79fe4c953ef79e47231b3a241d4d5a72da94ecabe2104d8b1da2d6	output/scratch-3-16/key_54/outcome.json
55	0	1248	1519	288	0	0	0	0	0	0	0	-1	0,1248,1519,1249,1520	fail	1248,1513,0	2	0	0	1	1	42912df5a10b74c1b88053adf9baadcb9b4a791180fceee984072a6f37edb443	42912df5a10b74c1b88053adf9baadcb9b4a791180fceee984072a6f37edb443	536af139c57cffd097cc38966dbf5371984b83d81206a6afede5f16f5f0fab97	536af139c57cffd097cc38966dbf5371984b83d81206a6afede5f16f5f0fab97	output/scratch-3-16/key_55/outcome.json
56	0	1248	1521	288	0	0	0	0	0	0	0	-1	0,1248,1521,1249,1522	fail	1248,1513,0	2	0	0	1	1	9c80c59442ecea3de7dc91a316de9f3ee5db4131ca1f4c5c6982bbca82c4cc35	9c80c59442ecea3de7dc91a316de9f3ee5db4131ca1f4c5c6982bbca82c4cc35	4e3690baf01d4ecf6d7f9904635c5230a17cf1c29a7c79e0f9d49a1c14a4b21f	4e3690baf01d4ecf6d7f9904635c5230a17cf1c29a7c79e0f9d49a1c14a4b21f	output/scratch-3-16/key_56/outcome.json
57	0	1248	1523	288	0	0	0	0	0	0	0	-1	0,1248,1523,1249,1524	fail	1248,1513,0	1	0	0	1	1	b897f8d96a97a4011b9fc235a96c392edb24d29af0e28811c64b26aea0003ccd	b897f8d96a97a4011b9fc235a96c392edb24d29af0e28811c64b26aea0003ccd	5cc407be364efe36cbda13ff08d3b22c9fe3d9995791656b4c7230ec2c77c287	5cc407be364efe36cbda13ff08d3b22c9fe3d9995791656b4c7230ec2c77c287	output/scratch-3-16/key_57/outcome.json
58	0	1248	1525	288	0	0	0	0	0	0	0	-1	0,1248,1525,1249,1526	fail	1248,1536,0	2	0	0	1	1	5a49a297321ae73e302c65a69c487b4795e00f0f74479d1ee2491b6a0a00a8a9	5a49a297321ae73e302c65a69c487b4795e00f0f74479d1ee2491b6a0a00a8a9	d79f5482f28bb4b61659391a488f299deac720e8df80c5de1a4917f7ac5aa1e4	d79f5482f28bb4b61659391a488f299deac720e8df80c5de1a4917f7ac5aa1e4	output/scratch-3-16/key_58/outcome.json
59	0	1248	1527	288	0	0	0	0	0	0	0	-1	0,1248,1527,1249,1528	fail	1248,1536,0	2	0	0	1	1	e9deb9f5e67e6994f54cd132cd2b55e0be1994c30e48953f9b3ed30f411ed388	e9deb9f5e67e6994f54cd132cd2b55e0be1994c30e48953f9b3ed30f411ed388	46d31419533dd9f9ce59e8f13d669b53c0d4af8ec4ab2c0d2f271ddead3848d0	46d31419533dd9f9ce59e8f13d669b53c0d4af8ec4ab2c0d2f271ddead3848d0	output/scratch-3-16/key_59/outcome.json
60	0	1248	1530	288	0	0	0	0	0	0	0	-1	0,1248,1530,1249,1531	fail	1248,1536,0	2	0	0	1	1	a9386df366bccef6cda596b7408baf186ef7adcb66dc22c0eebac09727851e29	a9386df366bccef6cda596b7408baf186ef7adcb66dc22c0eebac09727851e29	64755792cfe02218766772a78c714c588f955da01278b9d4daa5e184cc7d9ef2	64755792cfe02218766772a78c714c588f955da01278b9d4daa5e184cc7d9ef2	output/scratch-3-16/key_60/outcome.json
61	0	1248	1532	288	0	0	0	0	0	0	0	-1	0,1248,1532,1249,1533	fail	1248,1536,0	2	0	0	1	1	b9e1aa9c407f3056140849c4fa291bed8042bf966bbf304be610819dd4bdb267	b9e1aa9c407f3056140849c4fa291bed8042bf966bbf304be610819dd4bdb267	6c36319b9e31ed3aceeb05ea736737b462acf20ea137fc17103c6f738ddd24d5	6c36319b9e31ed3aceeb05ea736737b462acf20ea137fc17103c6f738ddd24d5	output/scratch-3-16/key_61/outcome.json
62	0	1248	1540	288	0	0	0	0	0	0	0	-1	0,1248,1540,1249,1541	fail	1248,1536,0	1	0	0	1	1	5ed3880426ab9d23b4b471a518efaef074edfe93d1cb55f06ab391317d38a240	5ed3880426ab9d23b4b471a518efaef074edfe93d1cb55f06ab391317d38a240	41515858547d91e5b22ffbb32c5e2c69c02308b4322084a84db17f81c6fc5774	41515858547d91e5b22ffbb32c5e2c69c02308b4322084a84db17f81c6fc5774	output/scratch-3-16/key_62/outcome.json
63	0	1248	1543	288	0	0	0	0	0	0	0	-1	0,1248,1543,1249,1544	fail	1248,1536,0	1	0	0	1	1	7a58c14d5b23890a3663a4c0e1a3e325b627aec3a9ee0ca249cec3e4df6b1c15	7a58c14d5b23890a3663a4c0e1a3e325b627aec3a9ee0ca249cec3e4df6b1c15	eb05f81f24626cd389a94f656364f022e62319ad9768a7e47d979bf2e21d5efb	eb05f81f24626cd389a94f656364f022e62319ad9768a7e47d979bf2e21d5efb	output/scratch-3-16/key_63/outcome.json
64	0	1248	1571	288	0	0	0	0	0	0	0	-1	0,1248,1571,1249,1572	fail	1248,1572,0	2	0	0	1	1	9b5459aba4612dcdd4877584a312c41ca078d3aecca5665e3267cadf43e760e4	9b5459aba4612dcdd4877584a312c41ca078d3aecca5665e3267cadf43e760e4	7789bd602fe50bab8a6729b59d884302d27b5ab2c706f2f21c0ca9fa41de785e	7789bd602fe50bab8a6729b59d884302d27b5ab2c706f2f21c0ca9fa41de785e	output/scratch-3-16/key_64/outcome.json
65	0	1248	1573	288	0	0	0	0	0	0	0	-1	0,1248,1573,1249,1574	fail	1248,1572,0	2	0	0	1	1	cdd14a016683b229f4d1b5ed26db79690f787de5ae5d3dc42e160b5d26db9cbf	cdd14a016683b229f4d1b5ed26db79690f787de5ae5d3dc42e160b5d26db9cbf	f47a0147fc834b7323d7177ee623d197f7bfd808941880f756643c845bee9b3a	f47a0147fc834b7323d7177ee623d197f7bfd808941880f756643c845bee9b3a	output/scratch-3-16/key_65/outcome.json
66	0	1248	1601	288	0	0	0	0	0	0	0	-1	0,1248,1601,1249,1602	fail	1248,1608,0	1	0	0	1	1	2a6cdeba1d885f10cebb2b2e49a678c266442c98f6841fd91ef53bf73aae81fb	2a6cdeba1d885f10cebb2b2e49a678c266442c98f6841fd91ef53bf73aae81fb	d3d2f3a417431e057e554aa0fb3b0a1647864732da2062d6f9fafde7be59c634	d3d2f3a417431e057e554aa0fb3b0a1647864732da2062d6f9fafde7be59c634	output/scratch-3-16/key_66/outcome.json
67	0	1248	1674	288	0	0	0	0	0	0	0	-1	0,1248,1674,1249,1675	fail	1248,1671,0	1	0	0	1	1	9577f3766269d9ed4b4a3a9b396e18d8648867ae049c1d4290d16bb6305f29d8	9577f3766269d9ed4b4a3a9b396e18d8648867ae049c1d4290d16bb6305f29d8	bf59bf47354f61105cb277109c81d0bb28ec199c646bae0d537ccc0ecd9def3b	bf59bf47354f61105cb277109c81d0bb28ec199c646bae0d537ccc0ecd9def3b	output/scratch-3-16/key_67/outcome.json
68	0	1285	1527	288	0	0	0	0	0	0	0	-1	0,1285,1527,1286,1528	fail	1291,1527,0	1	0	0	1	1	7f37f1f34c1fb7998600ce8cfb259598b5fcfbc98b7103e3c19440fece323de6	7f37f1f34c1fb7998600ce8cfb259598b5fcfbc98b7103e3c19440fece323de6	ae35c4bc1402574189f614b242656d35d12819f675028bea8968aeaf71b50d86	ae35c4bc1402574189f614b242656d35d12819f675028bea8968aeaf71b50d86	output/scratch-3-16/key_68/outcome.json
69	0	1287	1527	288	0	0	0	0	0	0	0	-1	0,1287,1527,1288,1528	fail	1291,1527,0	1	0	0	1	1	7e6ba0275bccb47b060d96a2e4941a40d807b1f179d4b2941190404edd018580	7e6ba0275bccb47b060d96a2e4941a40d807b1f179d4b2941190404edd018580	0dc425abbf60253c7e25df5c704ae2d65b93a99d4031eedcdb2509c983fc554d	0dc425abbf60253c7e25df5c704ae2d65b93a99d4031eedcdb2509c983fc554d	output/scratch-3-16/key_69/outcome.json
70	0	1290	1527	288	0	0	0	0	0	0	0	-1	0,1290,1527,1291,1528	fail	1291,1527,0	1	0	0	1	1	95dd6aaec0a751e6fd9282f0148b3c138b02071ecbe63cecf33622fc6aedf5fd	95dd6aaec0a751e6fd9282f0148b3c138b02071ecbe63cecf33622fc6aedf5fd	0cbdef05378fd2c3772b651e45a9404022f050216831d00c921ff0b15c4018d8	0cbdef05378fd2c3772b651e45a9404022f050216831d00c921ff0b15c4018d8	output/scratch-3-16/key_70/outcome.json
71	0	1292	1527	288	0	0	0	0	0	0	0	-1	0,1292,1527,1293,1528	fail	1291,1527,0	1	0	0	1	1	e0e220b0f31b81d1a032d1aaaa774af56245589f1b45099666a41361984a4f25	e0e220b0f31b81d1a032d1aaaa774af56245589f1b45099666a41361984a4f25	8ca5d85a0b5fc5818f326190b19717beebcac230e5f150ebeb9a916d0b43072b	8ca5d85a0b5fc5818f326190b19717beebcac230e5f150ebeb9a916d0b43072b	output/scratch-3-16/key_71/outcome.json
72	0	1294	1527	288	0	0	0	0	0	0	0	-1	0,1294,1527,1295,1528	fail	1291,1527,0	1	0	0	1	1	f6a93e77086deab0e2416f3d7d9760029431c839a2336e513c94ac4996a7ed36	f6a93e77086deab0e2416f3d7d9760029431c839a2336e513c94ac4996a7ed36	d92807a2996106b8a4c5d73849d61ae605f0220170d74134c67cacddca3967e8	d92807a2996106b8a4c5d73849d61ae605f0220170d74134c67cacddca3967e8	output/scratch-3-16/key_72/outcome.json
73	0	1295	1527	288	0	0	0	0	0	0	0	-1	0,1295,1527,1296,1528	fail	1291,1527,0	2	0	0	1	1	c8fcd4401328675c608312f957dd5ed4ea28bf57a269e9b0007a710648077dfe	c8fcd4401328675c608312f957dd5ed4ea28bf57a269e9b0007a710648077dfe	b60d20ccf8f9d99f1b01a21ba265894892721627dcaf63bbef2ebfbb31b9c850	b60d20ccf8f9d99f1b01a21ba265894892721627dcaf63bbef2ebfbb31b9c850	output/scratch-3-16/key_73/outcome.json
74	0	1296	1527	288	0	0	0	0	0	0	0	-1	0,1296,1527,1297,1528	fail	1291,1527,0	1	0	0	1	1	9eb10328adc0050429865c4fa344a0039e1cc06ba6275ae621be6f871cd8a28a	9eb10328adc0050429865c4fa344a0039e1cc06ba6275ae621be6f871cd8a28a	8184cc602ad9018d88b3dc730d7a1105c22094f7bbffa6c4da784ae921267a7a	8184cc602ad9018d88b3dc730d7a1105c22094f7bbffa6c4da784ae921267a7a	output/scratch-3-16/key_74/outcome.json
75	0	1298	1527	288	0	0	0	0	0	0	0	-1	0,1298,1527,1299,1528	fail	1291,1527,0	1	0	0	1	1	fe17f404303f0ac60ead8ec51c3ce9ea7849ae473ef464ba661ab27eca909eaf	fe17f404303f0ac60ead8ec51c3ce9ea7849ae473ef464ba661ab27eca909eaf	96957026c0a6533c5a57fe9e2563ffdacddfaf4e84f8efe1ae64ba61ad8e8809	96957026c0a6533c5a57fe9e2563ffdacddfaf4e84f8efe1ae64ba61ad8e8809	output/scratch-3-16/key_75/outcome.json
76	0	1332	1236	291	0	0	0	0	0	0	0	-1	0,1332,1236,1333,1237	fail	1331,1235,0	1	0	0	1	1	47d53b8760fd772112732d6f5924ff9654f867e8186bb4fdcc47cb8864e613f4	47d53b8760fd772112732d6f5924ff9654f867e8186bb4fdcc47cb8864e613f4	19a0883f5d7ab42db0ce0a138360c36056b0dde87fba9f9dc16b47ff8a5b194d	19a0883f5d7ab42db0ce0a138360c36056b0dde87fba9f9dc16b47ff8a5b194d	output/scratch-3-16/key_76/outcome.json
77	0	1345	1152	288	0	0	0	0	0	0	0	-1	0,1345,1152,1346,1153	fail	1360,1152,0	1	0	0	1	1	54076eb8d1d15d5796f60fdab7b6181fa3ba5034b6c7a33efb8ebfa49487b648	54076eb8d1d15d5796f60fdab7b6181fa3ba5034b6c7a33efb8ebfa49487b648	59b9fede5fba73a3fe2f2ff70ffc46d3806e3a96acf973a252e34065dc50007b	59b9fede5fba73a3fe2f2ff70ffc46d3806e3a96acf973a252e34065dc50007b	output/scratch-3-16/key_77/outcome.json
78	0	1350	1152	288	0	0	0	0	0	0	0	-1	0,1350,1152,1351,1153	fail	1360,1152,0	1	0	0	1	1	4158a3bf592e0203c9f51c94b1f8591206b0d5527935cbb8f1aa049a8c4e693c	4158a3bf592e0203c9f51c94b1f8591206b0d5527935cbb8f1aa049a8c4e693c	da5889b6a8b39ebece1000be47b33169a4c0e97e9bc5c495f18afa1fefb7a77c	da5889b6a8b39ebece1000be47b33169a4c0e97e9bc5c495f18afa1fefb7a77c	output/scratch-3-16/key_78/outcome.json
79	0	1360	1609	288	0	0	0	0	0	0	0	-1	0,1360,1609,1361,1610	fail	1360,1614,0	2	0	0	1	1	5931a39bdcee84b572a7fee318c25ac32056daa68be232c207ca433cf26f1ada	5931a39bdcee84b572a7fee318c25ac32056daa68be232c207ca433cf26f1ada	86d958b9debc1d1babab6c24ed24d9d624011990b102537610a007572ed08830	86d958b9debc1d1babab6c24ed24d9d624011990b102537610a007572ed08830	output/scratch-3-16/key_79/outcome.json
80	0	1364	1649	288	0	0	0	0	0	0	0	-1	0,1364,1649,1365,1650	fail	1367,1649,0	1	0	0	1	1	dd703bc26dc9b085f4e06f38bbb04e1a25658cb456fd1a58dd351c268a7c8f1a	dd703bc26dc9b085f4e06f38bbb04e1a25658cb456fd1a58dd351c268a7c8f1a	1e0c647a3d4e2a3da8e7a0b4144d7259495aad6289c1d12626347fead41612d5	1e0c647a3d4e2a3da8e7a0b4144d7259495aad6289c1d12626347fead41612d5	output/scratch-3-16/key_80/outcome.json
81	0	1401	1139	291	0	0	0	0	0	0	0	-1	0,1401,1139,1402,1140	fail	1402,1139,4	1	0	0	1	1	8891beb9b4c5756913e728316bb61beff450b8bd7e0b36b8b6a30608ecfb44d6	8891beb9b4c5756913e728316bb61beff450b8bd7e0b36b8b6a30608ecfb44d6	f8743b20f9e85db9706b4047cfa9e49f8455e3295e283c4d85b032dd1b72b1f8	f8743b20f9e85db9706b4047cfa9e49f8455e3295e283c4d85b032dd1b72b1f8	output/scratch-3-16/key_81/outcome.json
82	0	1404	1814	291	0	0	0	0	0	0	0	-1	0,1404,1814,1405,1815	fail	1406,1819,0	1	0	0	1	1	2a9d955ea185d081cb3342154384b25f5ea76fbdc64b84cc2d9806e03d1aa663	2a9d955ea185d081cb3342154384b25f5ea76fbdc64b84cc2d9806e03d1aa663	2a9d955ea185d081cb3342154384b25f5ea76fbdc64b84cc2d9806e03d1aa663	2a9d955ea185d081cb3342154384b25f5ea76fbdc64b84cc2d9806e03d1aa663	output/scratch-3-16/key_82/outcome.json
83	0	1505	1315	288	0	0	0	0	0	0	0	-1	0,1505,1315,1506,1316	fail	1509,1315,0	1	0	0	1	1	461f400b6d734ed0d5f4da6fa2cc74fa2d73e74a5a2059edfbf9bdfa67002f5c	461f400b6d734ed0d5f4da6fa2cc74fa2d73e74a5a2059edfbf9bdfa67002f5c	b7456a7c72a78b51689808a5ade97df689bfae75d1adad7221947638226b7907	b7456a7c72a78b51689808a5ade97df689bfae75d1adad7221947638226b7907	output/scratch-3-16/key_83/outcome.json
84	0	1512	1152	288	0	0	0	0	0	0	0	-1	0,1512,1152,1513,1153	fail	1494,1152,0;1523,1152,0	1	0	0	1	1	1c78352e529a6b0c7cd60e4ba94d36dedd11072b7ca5a8bea0b965fa2573972a	1c78352e529a6b0c7cd60e4ba94d36dedd11072b7ca5a8bea0b965fa2573972a	f718548287a16f9f252a55fe0dbf22f5e151d6c356cd0ceff673c7b1fbf16873	f718548287a16f9f252a55fe0dbf22f5e151d6c356cd0ceff673c7b1fbf16873	output/scratch-3-16/key_84/outcome.json
85	0	1544	1531	288	0	0	0	0	0	0	0	-1	0,1544,1531,1545,1532	fail	1544,1532,0	1	0	0	1	1	5d3163275d86597e728f60cd8dccf93a29d0cf5f49525829a3bebdfb29ffb31a	5d3163275d86597e728f60cd8dccf93a29d0cf5f49525829a3bebdfb29ffb31a	b5f37dff77d14c71ea22199d960d565c29977e8c1cd0e27ca6ce6db68427c02d	b5f37dff77d14c71ea22199d960d565c29977e8c1cd0e27ca6ce6db68427c02d	output/scratch-3-16/key_85/outcome.json
86	0	1695	699	288	0	0	0	0	0	0	0	-1	0,1695,699,1696,700	fail	1695,699,0	2	0	0	1	1	fc309d713c06f77007b5ab45f23a9a0e629e12694cea38552ec54c5cd93b04c9	fc309d713c06f77007b5ab45f23a9a0e629e12694cea38552ec54c5cd93b04c9	224967b2cd5c1c821a50135f3fe23e1d72cc1c76d367007d3fb6394b3bf1dc95	224967b2cd5c1c821a50135f3fe23e1d72cc1c76d367007d3fb6394b3bf1dc95	output/scratch-3-16/key_86/outcome.json
87	0	1846	1008	288	0	0	0	0	0	0	0	-1	0,1846,1008,1847,1009	fail	1842,1008,0	2	0	0	1	1	31dd6d3a492c8082fd74d70febb71a68599ac56e36cbf5b0ac9e7bda37265f4c	31dd6d3a492c8082fd74d70febb71a68599ac56e36cbf5b0ac9e7bda37265f4c	e629c6324a8f2c254b294a11aa468a7001a840c8ffdccd312a4964a53be932b8	e629c6324a8f2c254b294a11aa468a7001a840c8ffdccd312a4964a53be932b8	output/scratch-3-16/key_87/outcome.json
88	0	1915	1030	288	0	0	0	0	0	0	0	-1	0,1915,1030,1916,1031	fail	1914,1031,1	1	0	0	1	1	9d6ca87ff19d053d350fdab621af3d1bc3e713ebdfa4d3efad82ab0e205916cb	9d6ca87ff19d053d350fdab621af3d1bc3e713ebdfa4d3efad82ab0e205916cb	74a3cc6c158452b0b36883851cd7e791b6e370bf6461b393edc58e04fd538a00	74a3cc6c158452b0b36883851cd7e791b6e370bf6461b393edc58e04fd538a00	output/scratch-3-16/key_88/outcome.json
