dump_row	level	ix	iy	code	p0	p1	p2	p3	p4	p5	p6	shape	vert	rule_315	set	historic_188	changed_cell	cell_status	rule_317_predicted
0	0	1814	548	288	0	0	0	0	0	0	0	-1	-1	O05	shared	0	1	changed	NO_RULE
121	0	1793	647	578	0	0	0	0	0	0	0	-1	-1	O05	shared	0	1	changed	NO_RULE
125	0	1546	690	288	0	0	0	0	0	0	0	-1	-1	O05	shared	0	1	changed	NO_RULE
138	0	1695	699	288	0	0	0	0	0	0	0	-1	-1	O04	added	0	1	changed	NO_RULE
139	0	1783	701	288	0	0	0	0	0	0	0	-1	-1	O05	shared	0	1	changed	NO_RULE
174	0	1749	716	288	0	0	0	0	0	0	0	-1	-1	O05	shared	0	1	changed	NO_RULE
175	0	1806	731	291	0	0	0	0	0	0	0	-1	-1	O05	shared	0	1	changed	NO_RULE
203	0	1829	770	288	0	0	0	0	0	0	0	-1	-1	O05	shared	0	1	changed	NO_RULE
234	0	1860	866	288	0	0	0	0	0	0	0	-1	-1	O05	shared	0	1	changed	NO_RULE
246	0	834	886	321	0	0	0	0	0	0	0	-1	-1	O05	shared	0	1	changed	NO_RULE
259	0	1926	992	578	0	0	0	0	0	0	0	-1	-1	O05	shared	0	1	changed	NO_RULE
279	0	1892	1020	291	0	0	0	0	0	0	0	-1	-1	O05	shared	0	1	changed	NO_RULE
282	0	1915	1030	288	0	0	0	0	0	0	0	-1	-1	O04	added	0	1	changed	NO_RULE
283	0	1931	1038	288	0	0	0	0	0	0	0	-1	-1	O05	shared	0	1	changed	NO_RULE
297	0	1404	1072	578	0	0	0	0	0	0	0	-1	-1	O05	shared	0	1	changed	NO_RULE
317	0	1945	1110	578	0	0	0	0	0	0	0	-1	-1	O04	shared	0	1	changed	NO_RULE
321	0	1936	1118	578	0	0	0	0	0	0	0	-1	-1	O05	shared	0	1	changed	NO_RULE
335	0	1379	1138	288	0	0	0	0	0	0	0	-1	-1	O05	shared	0	1	changed	NO_RULE
509	0	1765	1269	578	0	0	0	0	0	0	0	-1	-1	O05	shared	0	1	changed	NO_RULE
510	0	1756	1270	578	0	0	0	0	0	0	0	-1	-1	O05	shared	0	1	changed	NO_RULE
511	0	1759	1270	578	0	0	0	0	0	0	0	-1	-1	O05	shared	0	1	changed	NO_RULE
513	0	1722	1275	288	0	0	0	0	0	0	0	-1	-1	O05	shared	0	1	changed	NO_RULE
516	0	1535	1279	288	0	0	0	0	0	0	0	-1	-1	O05	shared	0	1	changed	NO_RULE
523	0	1715	1291	288	0	0	0	0	0	0	0	-1	-1	O05	shared	0	1	changed	NO_RULE
526	0	1699	1296	288	0	0	0	0	0	0	0	-1	-1	O05	shared	0	1	changed	NO_RULE
563	0	1505	1315	288	0	0	0	0	0	0	0	-1	-1	O04	added	0	1	changed	NO_RULE
564	0	1636	1324	288	0	0	0	0	0	0	0	-1	-1	O05	shared	0	1	changed	NO_RULE
565	0	1637	1325	288	0	0	0	0	0	0	0	-1	-1	O05	shared	0	1	changed	NO_RULE
573	0	1574	1361	288	0	0	0	0	0	0	0	-1	-1	O05	shared	0	1	changed	NO_RULE
580	0	1596	1375	288	0	0	0	0	0	0	0	-1	-1	O05	shared	0	1	changed	NO_RULE
582	0	1545	1377	288	0	0	0	0	0	0	0	-1	-1	O05	shared	0	1	changed	NO_RULE
662	0	1413	1520	288	0	0	0	0	0	0	0	-1	-1	O05	shared	0	1	changed	NO_RULE
755	0	1248	1666	288	0	0	0	0	0	0	0	-1	-1	O05	shared	0	1	changed	NO_RULE
766	0	1313	1801	291	0	0	0	0	0	0	0	-1	-1	O05	shared	0	1	changed	NO_RULE
