# dump=output/scratch-3-03/dump; K1 diagnostic commit=1cf40f820df79e51174987f478f2618ec9c597b9 (phase record/history; manifest does not embed a commit); joined dump=output/scratch-3-08/dump_other
# actual pins are source-ring/source-name level per 3-07 attempt-3 amendment; below is requested native group-granularity candidate view, partial S02 attribution retained
kind	level	ix	iy	type	p0	p1	p2	p3	p4	p5	p6	shape	rows
background_boundary	0	789	1012	291	1685	0	0	0	0	0	0	4	111
background_boundary	0	789	1013	291	1717	0	0	0	0	0	0	0	61
background_boundary	0	794	1015	291	1786	0	0	0	0	0	0	0	30
background_boundary	0	794	1016	291	1818	0	0	0	0	0	0	2	13
background_boundary	0	794	1016	291	1818	0	0	0	0	0	0	3	97
background_boundary	0	794	1017	291	1850	0	0	0	0	0	0	4	108
background_boundary	0	795	1016	291	1819	0	0	0	0	0	0	1	116
background_boundary	0	799	995	291	1151	0	0	0	0	0	0	0	59
background_boundary	0	800	767	291	2016	0	0	0	0	0	0	43	130
background_boundary	0	800	770	291	64	0	0	0	0	0	0	0	80
background_boundary	0	800	782	291	448	0	0	0	0	0	0	25	129
background_boundary	0	800	783	291	480	0	0	0	0	0	0	41	126
background_boundary	0	800	995	291	1120	0	0	0	0	0	0	1	40
background_boundary	0	801	767	291	2017	0	0	0	0	0	0	108	113
background_boundary	0	801	768	291	1	0	0	0	0	0	0	135	109
background_boundary	0	801	768	291	1	0	0	0	0	0	0	136	78
background_boundary	0	801	770	291	65	0	0	0	0	0	0	2	111
background_boundary	0	801	770	291	65	0	0	0	0	0	0	531	112
background_boundary	0	801	771	291	97	0	0	0	0	0	0	65	122
background_boundary	0	801	774	291	193	0	0	0	0	0	0	46	117
background_boundary	0	801	941	291	1441	0	0	0	0	0	0	7	114
background_boundary	0	801	952	291	1793	0	0	0	0	0	0	2	119
background_boundary	0	801	1021	291	1953	0	0	0	0	0	0	7	117
background_boundary	0	801	1022	291	1985	0	0	0	0	0	0	0	123
background_boundary	0	802	757	291	1698	0	0	0	0	0	0	2	105
background_boundary	0	802	768	291	2	0	0	0	0	0	0	17	120
background_boundary	0	802	768	291	2	0	0	0	0	0	0	19	121
background_boundary	0	802	769	291	34	0	0	0	0	0	0	207	116
background_boundary	0	802	770	291	66	0	0	0	0	0	0	45	3
background_boundary	0	802	771	291	98	0	0	0	0	0	0	17	106
background_boundary	0	802	774	291	194	0	0	0	0	0	0	47	116
background_boundary	0	802	941	291	1442	0	0	0	0	0	0	5	76
background_boundary	0	802	941	291	1442	0	0	0	0	0	0	6	6
background_boundary	0	802	942	291	1474	0	0	0	0	0	0	3	78
background_boundary	0	802	952	291	1794	0	0	0	0	0	0	1	59
background_boundary	0	802	952	291	1794	0	0	0	0	0	0	3	54
background_boundary	0	803	754	291	1603	0	0	0	0	0	0	23	25
background_boundary	0	803	757	291	1699	0	0	0	0	0	0	3	122
background_boundary	0	803	767	291	2019	0	0	0	0	0	0	59	8
background_boundary	0	803	768	291	3	0	0	0	0	0	0	46	116
background_boundary	0	803	770	291	67	0	0	0	0	0	0	22	96
background_boundary	0	803	771	291	99	0	0	0	0	0	0	30	112
background_boundary	0	803	771	291	99	0	0	0	0	0	0	39	110
background_boundary	0	803	772	291	131	0	0	0	0	0	0	43	122
background_boundary	0	803	773	291	163	0	0	0	0	0	0	77	122
background_boundary	0	803	778	291	323	0	0	0	0	0	0	1	71
background_boundary	0	803	941	291	1443	0	0	0	0	0	0	3	125
background_boundary	0	803	942	291	1475	0	0	0	0	0	0	3	83
background_boundary	0	803	952	291	1795	0	0	0	0	0	0	12	83
background_boundary	0	804	754	291	1604	0	0	0	0	0	0	8	21
background_boundary	0	804	754	291	1604	0	0	0	0	0	0	18	117
background_boundary	0	804	755	291	1636	0	0	0	0	0	0	7	131
background_boundary	0	804	763	291	1892	0	0	0	0	0	0	3	41
background_boundary	0	804	764	291	1924	0	0	0	0	0	0	75	98
background_boundary	0	804	765	291	1956	0	0	0	0	0	0	0	113
background_boundary	0	804	766	291	1988	0	0	0	0	0	0	42	82
background_boundary	0	804	769	291	36	0	0	0	0	0	0	26	102
background_boundary	0	804	769	291	36	0	0	0	0	0	0	28	102
background_boundary	0	804	770	291	68	0	0	0	0	0	0	14	93
background_boundary	0	804	770	291	68	0	0	0	0	0	0	15	72
background_boundary	0	804	770	291	68	0	0	0	0	0	0	19	39
background_boundary	0	804	770	291	68	0	0	0	0	0	0	40	93
background_boundary	0	804	771	291	100	0	0	0	0	0	0	0	103
background_boundary	0	804	773	291	164	0	0	0	0	0	0	20	111
background_boundary	0	804	774	291	196	0	0	0	0	0	0	60	116
background_boundary	0	804	775	291	228	0	0	0	0	0	0	16	84
background_boundary	0	804	775	291	228	0	0	0	0	0	0	17	9
background_boundary	0	804	778	291	324	0	0	0	0	0	0	40	119
background_boundary	0	804	780	291	388	0	0	0	0	0	0	0	121
background_boundary	0	805	752	291	1541	0	0	0	0	0	0	1038	112
background_boundary	0	805	753	291	1573	0	0	0	0	0	0	303	42
background_boundary	0	805	753	291	1573	0	0	0	0	0	0	304	57
background_boundary	0	805	754	291	1605	0	0	0	0	0	0	18	29
background_boundary	0	805	763	291	1893	0	0	0	0	0	0	0	110
background_boundary	0	805	763	291	1893	0	0	0	0	0	0	9	110
background_boundary	0	805	764	291	1925	0	0	0	0	0	0	39	58
background_boundary	0	805	765	291	1957	0	0	0	0	0	0	43	82
background_boundary	0	805	766	291	1989	0	0	0	0	0	0	19	85
background_boundary	0	805	767	291	2021	0	0	0	0	0	0	40	106
background_boundary	0	805	768	291	5	0	0	0	0	0	0	29	105
background_boundary	0	805	771	291	101	0	0	0	0	0	0	35	41
background_boundary	0	805	771	291	101	0	0	0	0	0	0	43	103
background_boundary	0	805	772	291	133	0	0	0	0	0	0	37	118
background_boundary	0	805	775	291	229	0	0	0	0	0	0	45	113
background_boundary	0	805	775	291	229	0	0	0	0	0	0	52	113
background_boundary	0	805	776	291	261	0	0	0	0	0	0	63	108
background_boundary	0	805	779	291	357	0	0	0	0	0	0	5	85
background_boundary	0	805	780	291	389	0	0	0	0	0	0	3	117
background_boundary	0	805	780	291	389	0	0	0	0	0	0	6	116
background_boundary	0	806	760	291	1798	0	0	0	0	0	0	23	74
background_boundary	0	806	760	291	1798	0	0	0	0	0	0	24	8
background_boundary	0	806	765	291	1958	0	0	0	0	0	0	1	65
background_boundary	0	806	766	291	1990	0	0	0	0	0	0	29	43
background_boundary	0	806	767	291	2022	0	0	0	0	0	0	77	40
background_boundary	0	806	768	291	6	0	0	0	0	0	0	3	100
background_boundary	0	806	768	291	6	0	0	0	0	0	0	6	100
background_boundary	0	806	768	291	6	0	0	0	0	0	0	48	100
background_boundary	0	806	768	291	6	0	0	0	0	0	0	54	99
background_boundary	0	806	769	291	38	0	0	0	0	0	0	8	105
background_boundary	0	806	769	291	38	0	0	0	0	0	0	36	106
# TOTAL_GROUPS=26650	TOTAL_ROWS=1939931	SHOWN=100	TRUNCATED=yes	CODY_DECISION_REQUIRED=yes
