dump_row	R_polygon_count	mirror_emits	c_records	emitted_output_present	verdict	mechanism	key	proof_path
0	0	0	0	False	proven	no R polygon of the type	[0, 1814, 548, 288]	output/scratch-14/r_contribution/0.json
1	0	0	0	False	proven	no R polygon of the type	[0, 1709, 554, 291]	output/scratch-14/r_contribution/1.json
121	0	0	0	False	proven	no R polygon of the type	[0, 1793, 647, 578]	output/scratch-14/r_contribution/121.json
122	0	0	0	False	proven	no R polygon of the type	[0, 1608, 672, 288]	output/scratch-14/r_contribution/122.json
123	0	0	0	False	proven	no R polygon of the type	[0, 1703, 685, 288]	output/scratch-14/r_contribution/123.json
124	0	0	0	False	proven	no R polygon of the type	[0, 1694, 687, 288]	output/scratch-14/r_contribution/124.json
125	0	0	0	False	proven	no R polygon of the type	[0, 1546, 690, 288]	output/scratch-14/r_contribution/125.json
126	0	0	0	False	proven	no R polygon of the type	[0, 1716, 690, 291]	output/scratch-14/r_contribution/126.json
127	0	0	0	False	proven	no R polygon of the type	[0, 1690, 693, 291]	output/scratch-14/r_contribution/127.json
138	0	0	0	False	proven	no R polygon of the type	[0, 1695, 699, 288]	output/scratch-14/r_contribution/138.json
139	0	0	0	False	proven	no R polygon of the type	[0, 1783, 701, 288]	output/scratch-14/r_contribution/139.json
173	0	0	0	False	proven	no R polygon of the type	[0, 1581, 716, 288]	output/scratch-14/r_contribution/173.json
174	0	0	0	False	proven	no R polygon of the type	[0, 1749, 716, 288]	output/scratch-14/r_contribution/174.json
175	0	0	0	False	proven	no R polygon of the type	[0, 1806, 731, 291]	output/scratch-14/r_contribution/175.json
187	0	0	0	False	proven	no R polygon of the type	[0, 1852, 746, 288]	output/scratch-14/r_contribution/187.json
198	0	0	0	False	proven	no R polygon of the type	[0, 783, 760, 288]	output/scratch-14/r_contribution/198.json
199	0	0	0	False	proven	no R polygon of the type	[0, 1414, 764, 288]	output/scratch-14/r_contribution/199.json
200	0	0	0	False	proven	no R polygon of the type	[0, 1454, 766, 288]	output/scratch-14/r_contribution/200.json
201	0	0	0	False	proven	no R polygon of the type	[0, 1454, 767, 288]	output/scratch-14/r_contribution/201.json
202	0	0	0	False	proven	no R polygon of the type	[0, 1639, 767, 288]	output/scratch-14/r_contribution/202.json
203	0	0	0	False	proven	no R polygon of the type	[0, 1829, 770, 288]	output/scratch-14/r_contribution/203.json
204	0	0	0	False	proven	no R polygon of the type	[0, 1720, 774, 288]	output/scratch-14/r_contribution/204.json
205	0	0	0	False	proven	no R polygon of the type	[0, 962, 780, 291]	output/scratch-14/r_contribution/205.json
206	0	0	0	False	proven	no R polygon of the type	[0, 1063, 784, 288]	output/scratch-14/r_contribution/206.json
207	0	0	0	False	proven	no R polygon of the type	[0, 1608, 786, 288]	output/scratch-14/r_contribution/207.json
208	0	0	0	False	proven	no R polygon of the type	[0, 1063, 789, 288]	output/scratch-14/r_contribution/208.json
209	0	0	0	False	proven	no R polygon of the type	[0, 1570, 789, 288]	output/scratch-14/r_contribution/209.json
211	0	0	0	False	proven	no R polygon of the type	[0, 1075, 790, 288]	output/scratch-14/r_contribution/211.json
212	0	0	0	False	proven	no R polygon of the type	[0, 1723, 792, 288]	output/scratch-14/r_contribution/212.json
213	0	0	0	False	proven	no R polygon of the type	[0, 1780, 792, 288]	output/scratch-14/r_contribution/213.json
214	0	0	0	False	proven	no R polygon of the type	[0, 1063, 794, 288]	output/scratch-14/r_contribution/214.json
215	0	0	0	False	proven	no R polygon of the type	[0, 1075, 796, 288]	output/scratch-14/r_contribution/215.json
216	0	0	0	False	proven	no R polygon of the type	[0, 1469, 800, 288]	output/scratch-14/r_contribution/216.json
217	0	0	0	False	proven	no R polygon of the type	[0, 1705, 820, 288]	output/scratch-14/r_contribution/217.json
218	0	0	0	False	proven	no R polygon of the type	[0, 1531, 822, 288]	output/scratch-14/r_contribution/218.json
219	0	0	0	False	proven	no R polygon of the type	[0, 960, 832, 288]	output/scratch-14/r_contribution/219.json
220	0	0	0	False	proven	no R polygon of the type	[0, 1424, 832, 288]	output/scratch-14/r_contribution/220.json
221	0	0	0	False	proven	no R polygon of the type	[0, 960, 838, 288]	output/scratch-14/r_contribution/221.json
222	0	0	0	False	proven	no R polygon of the type	[0, 960, 843, 288]	output/scratch-14/r_contribution/222.json
223	0	0	0	False	proven	no R polygon of the type	[0, 1751, 845, 288]	output/scratch-14/r_contribution/223.json
224	0	0	0	False	proven	no R polygon of the type	[0, 793, 854, 288]	output/scratch-14/r_contribution/224.json
225	0	0	0	False	proven	no R polygon of the type	[0, 794, 854, 288]	output/scratch-14/r_contribution/225.json
226	0	0	0	False	proven	no R polygon of the type	[0, 795, 854, 288]	output/scratch-14/r_contribution/226.json
227	0	0	0	False	proven	no R polygon of the type	[0, 796, 855, 288]	output/scratch-14/r_contribution/227.json
228	0	0	0	False	proven	no R polygon of the type	[0, 960, 858, 288]	output/scratch-14/r_contribution/228.json
229	0	0	0	False	proven	no R polygon of the type	[0, 785, 859, 288]	output/scratch-14/r_contribution/229.json
230	0	0	0	False	proven	no R polygon of the type	[0, 787, 859, 288]	output/scratch-14/r_contribution/230.json
231	0	0	0	False	proven	no R polygon of the type	[0, 789, 859, 288]	output/scratch-14/r_contribution/231.json
232	0	0	0	False	proven	no R polygon of the type	[0, 791, 859, 288]	output/scratch-14/r_contribution/232.json
233	0	0	0	False	proven	no R polygon of the type	[0, 1435, 863, 288]	output/scratch-14/r_contribution/233.json
234	0	0	0	False	proven	no R polygon of the type	[0, 1860, 866, 288]	output/scratch-14/r_contribution/234.json
235	0	0	0	False	proven	no R polygon of the type	[0, 1364, 875, 288]	output/scratch-14/r_contribution/235.json
236	0	0	0	False	proven	no R polygon of the type	[0, 913, 876, 578]	output/scratch-14/r_contribution/236.json
237	0	0	0	False	proven	no R polygon of the type	[0, 784, 878, 288]	output/scratch-14/r_contribution/237.json
238	0	0	0	False	proven	no R polygon of the type	[0, 786, 878, 288]	output/scratch-14/r_contribution/238.json
239	0	0	0	False	proven	no R polygon of the type	[0, 787, 878, 288]	output/scratch-14/r_contribution/239.json
240	0	0	0	False	proven	no R polygon of the type	[0, 788, 878, 288]	output/scratch-14/r_contribution/240.json
241	0	0	0	False	proven	no R polygon of the type	[0, 789, 878, 288]	output/scratch-14/r_contribution/241.json
242	0	0	0	False	proven	no R polygon of the type	[0, 790, 878, 288]	output/scratch-14/r_contribution/242.json
243	0	0	0	False	proven	no R polygon of the type	[0, 1291, 880, 288]	output/scratch-14/r_contribution/243.json
244	0	0	0	False	proven	no R polygon of the type	[0, 1248, 883, 288]	output/scratch-14/r_contribution/244.json
245	0	0	0	False	proven	no R polygon of the type	[0, 1248, 885, 288]	output/scratch-14/r_contribution/245.json
247	0	0	0	False	proven	no R polygon of the type	[0, 931, 914, 288]	output/scratch-14/r_contribution/247.json
248	0	0	0	False	proven	no R polygon of the type	[0, 1788, 917, 291]	output/scratch-14/r_contribution/248.json
249	0	0	0	False	proven	no R polygon of the type	[0, 1248, 921, 288]	output/scratch-14/r_contribution/249.json
250	0	0	0	False	proven	no R polygon of the type	[0, 970, 923, 288]	output/scratch-14/r_contribution/250.json
251	0	0	0	False	proven	no R polygon of the type	[0, 1906, 945, 578]	output/scratch-14/r_contribution/251.json
253	0	0	0	False	proven	no R polygon of the type	[0, 1914, 949, 578]	output/scratch-14/r_contribution/253.json
254	0	0	0	False	proven	no R polygon of the type	[0, 1899, 958, 291]	output/scratch-14/r_contribution/254.json
255	0	0	0	False	proven	no R polygon of the type	[0, 993, 975, 288]	output/scratch-14/r_contribution/255.json
256	0	0	0	False	proven	no R polygon of the type	[0, 1907, 975, 291]	output/scratch-14/r_contribution/256.json
257	0	0	0	False	proven	no R polygon of the type	[0, 1823, 983, 288]	output/scratch-14/r_contribution/257.json
258	0	0	0	False	proven	no R polygon of the type	[0, 1925, 990, 578]	output/scratch-14/r_contribution/258.json
259	0	0	0	False	proven	no R polygon of the type	[0, 1926, 992, 578]	output/scratch-14/r_contribution/259.json
260	0	0	0	False	proven	no R polygon of the type	[0, 1903, 995, 291]	output/scratch-14/r_contribution/260.json
261	0	0	0	False	proven	no R polygon of the type	[0, 1846, 1008, 288]	output/scratch-14/r_contribution/261.json
279	0	0	0	False	proven	no R polygon of the type	[0, 1892, 1020, 291]	output/scratch-14/r_contribution/279.json
280	0	0	0	False	proven	no R polygon of the type	[0, 1975, 1021, 291]	output/scratch-14/r_contribution/280.json
281	0	0	0	False	proven	no R polygon of the type	[0, 1038, 1026, 288]	output/scratch-14/r_contribution/281.json
282	0	0	0	False	proven	no R polygon of the type	[0, 1915, 1030, 288]	output/scratch-14/r_contribution/282.json
283	0	0	0	False	proven	no R polygon of the type	[0, 1931, 1038, 288]	output/scratch-14/r_contribution/283.json
284	0	0	0	False	proven	no R polygon of the type	[0, 1411, 1044, 288]	output/scratch-14/r_contribution/284.json
285	0	0	0	False	proven	no R polygon of the type	[0, 1041, 1047, 288]	output/scratch-14/r_contribution/285.json
286	0	0	0	False	proven	no R polygon of the type	[0, 1751, 1047, 288]	output/scratch-14/r_contribution/286.json
287	0	0	0	False	proven	no R polygon of the type	[0, 738, 1051, 288]	output/scratch-14/r_contribution/287.json
288	0	0	0	False	proven	no R polygon of the type	[0, 1248, 1052, 288]	output/scratch-14/r_contribution/288.json
289	0	0	0	False	proven	no R polygon of the type	[0, 1248, 1054, 288]	output/scratch-14/r_contribution/289.json
290	0	0	0	False	proven	no R polygon of the type	[0, 1412, 1056, 288]	output/scratch-14/r_contribution/290.json
291	0	0	0	False	proven	no R polygon of the type	[0, 1248, 1057, 288]	output/scratch-14/r_contribution/291.json
292	0	0	0	False	proven	no R polygon of the type	[0, 1248, 1061, 288]	output/scratch-14/r_contribution/292.json
293	0	0	0	False	proven	no R polygon of the type	[0, 1248, 1063, 288]	output/scratch-14/r_contribution/293.json
294	0	0	0	False	proven	no R polygon of the type	[0, 1248, 1065, 288]	output/scratch-14/r_contribution/294.json
295	0	0	0	False	proven	no R polygon of the type	[0, 1248, 1067, 288]	output/scratch-14/r_contribution/295.json
296	0	0	0	False	proven	no R polygon of the type	[0, 1248, 1070, 288]	output/scratch-14/r_contribution/296.json
297	0	0	0	False	proven	no R polygon of the type	[0, 1404, 1072, 578]	output/scratch-14/r_contribution/297.json
298	0	0	0	False	proven	no R polygon of the type	[0, 1248, 1074, 288]	output/scratch-14/r_contribution/298.json
299	0	0	0	False	proven	no R polygon of the type	[0, 979, 1075, 288]	output/scratch-14/r_contribution/299.json
300	0	0	0	False	proven	no R polygon of the type	[0, 1248, 1076, 288]	output/scratch-14/r_contribution/300.json
301	0	0	0	False	proven	no R polygon of the type	[0, 1248, 1078, 288]	output/scratch-14/r_contribution/301.json
302	0	0	0	False	proven	no R polygon of the type	[0, 1248, 1083, 288]	output/scratch-14/r_contribution/302.json
303	0	0	0	False	proven	no R polygon of the type	[0, 1248, 1085, 288]	output/scratch-14/r_contribution/303.json
304	0	0	0	False	proven	no R polygon of the type	[0, 1248, 1087, 288]	output/scratch-14/r_contribution/304.json
305	0	0	0	False	proven	no R polygon of the type	[0, 1396, 1087, 288]	output/scratch-14/r_contribution/305.json
306	0	0	0	False	proven	no R polygon of the type	[0, 1248, 1089, 288]	output/scratch-14/r_contribution/306.json
307	0	0	0	False	proven	no R polygon of the type	[0, 1248, 1091, 288]	output/scratch-14/r_contribution/307.json
308	0	0	0	False	proven	no R polygon of the type	[0, 1248, 1093, 288]	output/scratch-14/r_contribution/308.json
309	0	0	0	False	proven	no R polygon of the type	[0, 1248, 1095, 288]	output/scratch-14/r_contribution/309.json
310	0	0	0	False	proven	no R polygon of the type	[0, 1248, 1098, 288]	output/scratch-14/r_contribution/310.json
311	0	0	0	False	proven	no R polygon of the type	[0, 1248, 1100, 288]	output/scratch-14/r_contribution/311.json
312	0	0	0	False	proven	no R polygon of the type	[0, 1248, 1102, 288]	output/scratch-14/r_contribution/312.json
313	0	0	0	False	proven	no R polygon of the type	[0, 1248, 1104, 288]	output/scratch-14/r_contribution/313.json
314	0	0	0	False	proven	no R polygon of the type	[0, 1787, 1104, 288]	output/scratch-14/r_contribution/314.json
315	0	0	0	False	proven	no R polygon of the type	[0, 1248, 1106, 288]	output/scratch-14/r_contribution/315.json
316	0	0	0	False	proven	no R polygon of the type	[0, 1248, 1108, 288]	output/scratch-14/r_contribution/316.json
317	0	0	0	False	proven	no R polygon of the type	[0, 1945, 1110, 578]	output/scratch-14/r_contribution/317.json
318	0	0	0	False	proven	no R polygon of the type	[0, 1248, 1111, 288]	output/scratch-14/r_contribution/318.json
319	0	0	0	False	proven	no R polygon of the type	[0, 1248, 1113, 288]	output/scratch-14/r_contribution/319.json
320	0	0	0	False	proven	no R polygon of the type	[0, 1248, 1117, 288]	output/scratch-14/r_contribution/320.json
321	0	0	0	False	proven	no R polygon of the type	[0, 1936, 1118, 578]	output/scratch-14/r_contribution/321.json
322	0	0	0	False	proven	no R polygon of the type	[0, 966, 1121, 288]	output/scratch-14/r_contribution/322.json
323	0	0	0	False	proven	no R polygon of the type	[0, 1248, 1121, 288]	output/scratch-14/r_contribution/323.json
324	0	0	0	False	proven	no R polygon of the type	[0, 1109, 1122, 288]	output/scratch-14/r_contribution/324.json
325	0	0	0	False	proven	no R polygon of the type	[0, 1248, 1124, 288]	output/scratch-14/r_contribution/325.json
326	0	0	0	False	proven	no R polygon of the type	[0, 1348, 1125, 288]	output/scratch-14/r_contribution/326.json
327	0	0	0	False	proven	no R polygon of the type	[0, 1248, 1126, 288]	output/scratch-14/r_contribution/327.json
328	0	0	0	False	proven	no R polygon of the type	[0, 1109, 1127, 288]	output/scratch-14/r_contribution/328.json
329	0	0	0	False	proven	no R polygon of the type	[0, 1248, 1128, 288]	output/scratch-14/r_contribution/329.json
330	0	0	0	False	proven	no R polygon of the type	[0, 1248, 1130, 288]	output/scratch-14/r_contribution/330.json
331	0	0	0	False	proven	no R polygon of the type	[0, 1248, 1132, 288]	output/scratch-14/r_contribution/331.json
332	0	0	0	False	proven	no R polygon of the type	[0, 1109, 1133, 288]	output/scratch-14/r_contribution/332.json
333	0	0	0	False	proven	no R polygon of the type	[0, 1248, 1134, 288]	output/scratch-14/r_contribution/333.json
334	0	0	0	False	proven	no R polygon of the type	[0, 1248, 1136, 288]	output/scratch-14/r_contribution/334.json
336	0	0	0	False	proven	no R polygon of the type	[0, 1109, 1139, 288]	output/scratch-14/r_contribution/336.json
337	0	0	0	False	proven	no R polygon of the type	[0, 1401, 1139, 291]	output/scratch-14/r_contribution/337.json
338	0	0	0	False	proven	no R polygon of the type	[0, 1248, 1141, 288]	output/scratch-14/r_contribution/338.json
346	0	0	0	False	proven	no R polygon of the type	[0, 1600, 1142, 291]	output/scratch-14/r_contribution/346.json
347	0	0	0	False	proven	no R polygon of the type	[0, 1248, 1143, 288]	output/scratch-14/r_contribution/347.json
348	0	0	0	False	proven	no R polygon of the type	[0, 1352, 1144, 288]	output/scratch-14/r_contribution/348.json
349	0	0	0	False	proven	no R polygon of the type	[0, 1248, 1145, 288]	output/scratch-14/r_contribution/349.json
350	0	0	0	False	proven	no R polygon of the type	[0, 1248, 1147, 288]	output/scratch-14/r_contribution/350.json
351	0	0	0	False	proven	no R polygon of the type	[0, 1248, 1149, 288]	output/scratch-14/r_contribution/351.json
352	0	0	0	False	proven	no R polygon of the type	[0, 1321, 1152, 288]	output/scratch-14/r_contribution/352.json
353	0	0	0	False	proven	no R polygon of the type	[0, 1322, 1152, 288]	output/scratch-14/r_contribution/353.json
354	0	0	0	False	proven	no R polygon of the type	[0, 1345, 1152, 288]	output/scratch-14/r_contribution/354.json
355	0	0	0	False	proven	no R polygon of the type	[0, 1348, 1152, 288]	output/scratch-14/r_contribution/355.json
356	0	0	0	False	proven	no R polygon of the type	[0, 1350, 1152, 288]	output/scratch-14/r_contribution/356.json
357	0	0	0	False	proven	no R polygon of the type	[0, 1371, 1152, 288]	output/scratch-14/r_contribution/357.json
358	0	0	0	False	proven	no R polygon of the type	[0, 1374, 1152, 288]	output/scratch-14/r_contribution/358.json
359	0	0	0	False	proven	no R polygon of the type	[0, 1377, 1152, 288]	output/scratch-14/r_contribution/359.json
360	0	0	0	False	proven	no R polygon of the type	[0, 1512, 1152, 288]	output/scratch-14/r_contribution/360.json
361	0	0	0	False	proven	no R polygon of the type	[0, 1248, 1154, 288]	output/scratch-14/r_contribution/361.json
362	0	0	0	False	proven	no R polygon of the type	[0, 1248, 1156, 288]	output/scratch-14/r_contribution/362.json
363	0	0	0	False	proven	no R polygon of the type	[0, 1248, 1158, 288]	output/scratch-14/r_contribution/363.json
364	0	0	0	False	proven	no R polygon of the type	[0, 1214, 1159, 291]	output/scratch-14/r_contribution/364.json
365	0	0	0	False	proven	no R polygon of the type	[0, 1248, 1160, 288]	output/scratch-14/r_contribution/365.json
366	0	0	0	False	proven	no R polygon of the type	[0, 1248, 1162, 288]	output/scratch-14/r_contribution/366.json
367	0	0	0	False	proven	no R polygon of the type	[0, 1248, 1165, 288]	output/scratch-14/r_contribution/367.json
368	0	0	0	False	proven	no R polygon of the type	[0, 1248, 1167, 288]	output/scratch-14/r_contribution/368.json
369	0	0	0	False	proven	no R polygon of the type	[0, 1248, 1169, 288]	output/scratch-14/r_contribution/369.json
370	0	0	0	False	proven	no R polygon of the type	[0, 991, 1170, 291]	output/scratch-14/r_contribution/370.json
371	0	0	0	False	proven	no R polygon of the type	[0, 1248, 1171, 288]	output/scratch-14/r_contribution/371.json
372	0	0	0	False	proven	no R polygon of the type	[0, 992, 1172, 291]	output/scratch-14/r_contribution/372.json
373	0	0	0	False	proven	no R polygon of the type	[0, 1248, 1173, 288]	output/scratch-14/r_contribution/373.json
374	0	0	0	False	proven	no R polygon of the type	[0, 1248, 1175, 288]	output/scratch-14/r_contribution/374.json
375	0	0	0	False	proven	no R polygon of the type	[0, 1491, 1176, 288]	output/scratch-14/r_contribution/375.json
376	0	0	0	False	proven	no R polygon of the type	[0, 1248, 1177, 288]	output/scratch-14/r_contribution/376.json
377	0	0	0	False	proven	no R polygon of the type	[0, 1248, 1180, 288]	output/scratch-14/r_contribution/377.json
378	0	0	0	False	proven	no R polygon of the type	[0, 1248, 1182, 288]	output/scratch-14/r_contribution/378.json
379	0	0	0	False	proven	no R polygon of the type	[0, 916, 1183, 288]	output/scratch-14/r_contribution/379.json
380	0	0	0	False	proven	no R polygon of the type	[0, 1248, 1184, 288]	output/scratch-14/r_contribution/380.json
381	0	0	0	False	proven	no R polygon of the type	[0, 1248, 1186, 288]	output/scratch-14/r_contribution/381.json
382	0	0	0	False	proven	no R polygon of the type	[0, 1248, 1188, 288]	output/scratch-14/r_contribution/382.json
383	0	0	0	False	proven	no R polygon of the type	[0, 1248, 1195, 288]	output/scratch-14/r_contribution/383.json
384	0	0	0	False	proven	no R polygon of the type	[0, 1248, 1197, 288]	output/scratch-14/r_contribution/384.json
385	0	0	0	False	proven	no R polygon of the type	[0, 1009, 1198, 291]	output/scratch-14/r_contribution/385.json
386	0	0	0	False	proven	no R polygon of the type	[0, 1248, 1199, 288]	output/scratch-14/r_contribution/386.json
387	0	0	0	False	proven	no R polygon of the type	[0, 1248, 1203, 288]	output/scratch-14/r_contribution/387.json
388	0	0	0	False	proven	no R polygon of the type	[0, 1248, 1206, 288]	output/scratch-14/r_contribution/388.json
389	0	0	0	False	proven	no R polygon of the type	[0, 1248, 1208, 288]	output/scratch-14/r_contribution/389.json
390	0	0	0	False	proven	no R polygon of the type	[0, 900, 1209, 288]	output/scratch-14/r_contribution/390.json
391	0	0	0	False	proven	no R polygon of the type	[0, 1248, 1210, 288]	output/scratch-14/r_contribution/391.json
392	0	0	0	False	proven	no R polygon of the type	[0, 1248, 1214, 288]	output/scratch-14/r_contribution/392.json
393	0	0	0	False	proven	no R polygon of the type	[0, 1248, 1216, 288]	output/scratch-14/r_contribution/393.json
394	0	0	0	False	proven	no R polygon of the type	[0, 1248, 1219, 288]	output/scratch-14/r_contribution/394.json
395	0	0	0	False	proven	no R polygon of the type	[0, 1248, 1223, 288]	output/scratch-14/r_contribution/395.json
481	0	0	0	False	proven	no R polygon of the type	[0, 906, 1225, 291]	output/scratch-14/r_contribution/481.json
482	0	0	0	False	proven	no R polygon of the type	[0, 1248, 1225, 288]	output/scratch-14/r_contribution/482.json
483	0	0	0	False	proven	no R polygon of the type	[0, 1248, 1227, 288]	output/scratch-14/r_contribution/483.json
484	0	0	0	False	proven	no R polygon of the type	[0, 1248, 1229, 288]	output/scratch-14/r_contribution/484.json
485	0	0	0	False	proven	no R polygon of the type	[0, 1248, 1231, 288]	output/scratch-14/r_contribution/485.json
486	0	0	0	False	proven	no R polygon of the type	[0, 1248, 1234, 288]	output/scratch-14/r_contribution/486.json
487	0	0	0	False	proven	no R polygon of the type	[0, 1248, 1236, 288]	output/scratch-14/r_contribution/487.json
488	0	0	0	False	proven	no R polygon of the type	[0, 1332, 1236, 291]	output/scratch-14/r_contribution/488.json
489	0	0	0	False	proven	no R polygon of the type	[0, 1248, 1238, 288]	output/scratch-14/r_contribution/489.json
490	0	0	0	False	proven	no R polygon of the type	[0, 1248, 1240, 288]	output/scratch-14/r_contribution/490.json
491	0	0	0	False	proven	no R polygon of the type	[0, 1248, 1242, 288]	output/scratch-14/r_contribution/491.json
492	0	0	0	False	proven	no R polygon of the type	[0, 1248, 1244, 288]	output/scratch-14/r_contribution/492.json
493	0	0	0	False	proven	no R polygon of the type	[0, 1248, 1247, 288]	output/scratch-14/r_contribution/493.json
494	0	0	0	False	proven	no R polygon of the type	[0, 1248, 1249, 288]	output/scratch-14/r_contribution/494.json
495	0	0	0	False	proven	no R polygon of the type	[0, 1248, 1251, 288]	output/scratch-14/r_contribution/495.json
496	0	0	0	False	proven	no R polygon of the type	[0, 1248, 1253, 288]	output/scratch-14/r_contribution/496.json
497	0	0	0	False	proven	no R polygon of the type	[0, 1248, 1255, 288]	output/scratch-14/r_contribution/497.json
498	0	0	0	False	proven	no R polygon of the type	[0, 1109, 1257, 288]	output/scratch-14/r_contribution/498.json
499	0	0	0	False	proven	no R polygon of the type	[0, 1248, 1257, 288]	output/scratch-14/r_contribution/499.json
500	0	0	0	False	proven	no R polygon of the type	[0, 1596, 1259, 291]	output/scratch-14/r_contribution/500.json
501	0	0	0	False	proven	no R polygon of the type	[0, 1248, 1260, 288]	output/scratch-14/r_contribution/501.json
502	0	0	0	False	proven	no R polygon of the type	[0, 1248, 1262, 288]	output/scratch-14/r_contribution/502.json
503	0	0	0	False	proven	no R polygon of the type	[0, 1109, 1263, 288]	output/scratch-14/r_contribution/503.json
504	0	0	0	False	proven	no R polygon of the type	[0, 1278, 1263, 288]	output/scratch-14/r_contribution/504.json
505	0	0	0	False	proven	no R polygon of the type	[0, 1248, 1264, 288]	output/scratch-14/r_contribution/505.json
506	0	0	0	False	proven	no R polygon of the type	[0, 1248, 1266, 288]	output/scratch-14/r_contribution/506.json
507	0	0	0	False	proven	no R polygon of the type	[0, 1109, 1268, 288]	output/scratch-14/r_contribution/507.json
508	0	0	0	False	proven	no R polygon of the type	[0, 1841, 1268, 578]	output/scratch-14/r_contribution/508.json
509	0	0	0	False	proven	no R polygon of the type	[0, 1765, 1269, 578]	output/scratch-14/r_contribution/509.json
510	0	0	0	False	proven	no R polygon of the type	[0, 1756, 1270, 578]	output/scratch-14/r_contribution/510.json
511	0	0	0	False	proven	no R polygon of the type	[0, 1759, 1270, 578]	output/scratch-14/r_contribution/511.json
512	0	0	0	False	proven	no R polygon of the type	[0, 1712, 1274, 288]	output/scratch-14/r_contribution/512.json
513	0	0	0	False	proven	no R polygon of the type	[0, 1722, 1275, 288]	output/scratch-14/r_contribution/513.json
514	0	0	0	False	proven	no R polygon of the type	[0, 1248, 1277, 288]	output/scratch-14/r_contribution/514.json
515	0	0	0	False	proven	no R polygon of the type	[0, 1248, 1279, 288]	output/scratch-14/r_contribution/515.json
516	0	0	0	False	proven	no R polygon of the type	[0, 1535, 1279, 288]	output/scratch-14/r_contribution/516.json
517	0	0	0	False	proven	no R polygon of the type	[0, 1777, 1279, 291]	output/scratch-14/r_contribution/517.json
518	0	0	0	False	proven	no R polygon of the type	[0, 1248, 1281, 288]	output/scratch-14/r_contribution/518.json
519	0	0	0	False	proven	no R polygon of the type	[0, 1401, 1281, 288]	output/scratch-14/r_contribution/519.json
520	0	0	0	False	proven	no R polygon of the type	[0, 1248, 1283, 288]	output/scratch-14/r_contribution/520.json
521	0	0	0	False	proven	no R polygon of the type	[0, 1248, 1285, 288]	output/scratch-14/r_contribution/521.json
522	0	0	0	False	proven	no R polygon of the type	[0, 1248, 1290, 288]	output/scratch-14/r_contribution/522.json
523	0	0	0	False	proven	no R polygon of the type	[0, 1715, 1291, 288]	output/scratch-14/r_contribution/523.json
524	0	0	0	False	proven	no R polygon of the type	[0, 1248, 1292, 288]	output/scratch-14/r_contribution/524.json
525	0	0	0	False	proven	no R polygon of the type	[0, 1248, 1296, 288]	output/scratch-14/r_contribution/525.json
526	0	0	0	False	proven	no R polygon of the type	[0, 1699, 1296, 288]	output/scratch-14/r_contribution/526.json
527	0	0	0	False	proven	no R polygon of the type	[0, 1248, 1298, 288]	output/scratch-14/r_contribution/527.json
528	0	0	0	False	proven	no R polygon of the type	[0, 1248, 1301, 288]	output/scratch-14/r_contribution/528.json
529	0	0	0	False	proven	no R polygon of the type	[0, 1248, 1303, 288]	output/scratch-14/r_contribution/529.json
530	0	0	0	False	proven	no R polygon of the type	[0, 1248, 1305, 288]	output/scratch-14/r_contribution/530.json
531	0	0	0	False	proven	no R polygon of the type	[0, 1248, 1307, 288]	output/scratch-14/r_contribution/531.json
532	0	0	0	False	proven	no R polygon of the type	[0, 1248, 1309, 288]	output/scratch-14/r_contribution/532.json
533	0	0	0	False	proven	no R polygon of the type	[0, 1248, 1311, 288]	output/scratch-14/r_contribution/533.json
562	0	0	0	False	proven	no R polygon of the type	[0, 1248, 1314, 288]	output/scratch-14/r_contribution/562.json
563	0	0	0	False	proven	no R polygon of the type	[0, 1505, 1315, 288]	output/scratch-14/r_contribution/563.json
564	0	0	0	False	proven	no R polygon of the type	[0, 1636, 1324, 288]	output/scratch-14/r_contribution/564.json
565	0	0	0	False	proven	no R polygon of the type	[0, 1637, 1325, 288]	output/scratch-14/r_contribution/565.json
566	0	0	0	False	proven	no R polygon of the type	[0, 1192, 1333, 288]	output/scratch-14/r_contribution/566.json
568	0	0	0	False	proven	no R polygon of the type	[0, 1248, 1352, 288]	output/scratch-14/r_contribution/568.json
569	0	0	0	False	proven	no R polygon of the type	[0, 1248, 1355, 288]	output/scratch-14/r_contribution/569.json
570	0	0	0	False	proven	no R polygon of the type	[0, 1248, 1357, 288]	output/scratch-14/r_contribution/570.json
571	0	0	0	False	proven	no R polygon of the type	[0, 1248, 1359, 288]	output/scratch-14/r_contribution/571.json
572	0	0	0	False	proven	no R polygon of the type	[0, 1248, 1361, 288]	output/scratch-14/r_contribution/572.json
573	0	0	0	False	proven	no R polygon of the type	[0, 1574, 1361, 288]	output/scratch-14/r_contribution/573.json
574	0	0	0	False	proven	no R polygon of the type	[0, 1248, 1363, 288]	output/scratch-14/r_contribution/574.json
575	0	0	0	False	proven	no R polygon of the type	[0, 1248, 1365, 288]	output/scratch-14/r_contribution/575.json
576	0	0	0	False	proven	no R polygon of the type	[0, 1248, 1368, 288]	output/scratch-14/r_contribution/576.json
577	0	0	0	False	proven	no R polygon of the type	[0, 1248, 1370, 288]	output/scratch-14/r_contribution/577.json
578	0	0	0	False	proven	no R polygon of the type	[0, 1248, 1372, 288]	output/scratch-14/r_contribution/578.json
579	0	0	0	False	proven	no R polygon of the type	[0, 1248, 1374, 288]	output/scratch-14/r_contribution/579.json
580	0	0	0	False	proven	no R polygon of the type	[0, 1596, 1375, 288]	output/scratch-14/r_contribution/580.json
581	0	0	0	False	proven	no R polygon of the type	[0, 1248, 1376, 288]	output/scratch-14/r_contribution/581.json
582	0	0	0	False	proven	no R polygon of the type	[0, 1545, 1377, 288]	output/scratch-14/r_contribution/582.json
583	0	0	0	False	proven	no R polygon of the type	[0, 1248, 1378, 288]	output/scratch-14/r_contribution/583.json
584	0	0	0	False	proven	no R polygon of the type	[0, 1607, 1382, 288]	output/scratch-14/r_contribution/584.json
585	0	0	0	False	proven	no R polygon of the type	[0, 1248, 1383, 288]	output/scratch-14/r_contribution/585.json
586	0	0	0	False	proven	no R polygon of the type	[0, 1745, 1385, 288]	output/scratch-14/r_contribution/586.json
587	0	0	0	False	proven	no R polygon of the type	[0, 1248, 1387, 288]	output/scratch-14/r_contribution/587.json
588	0	0	0	False	proven	no R polygon of the type	[0, 1248, 1389, 288]	output/scratch-14/r_contribution/588.json
589	0	0	0	False	proven	no R polygon of the type	[0, 1248, 1391, 288]	output/scratch-14/r_contribution/589.json
590	0	0	0	False	proven	no R polygon of the type	[0, 1152, 1392, 288]	output/scratch-14/r_contribution/590.json
591	0	0	0	False	proven	no R polygon of the type	[0, 1248, 1393, 288]	output/scratch-14/r_contribution/591.json
592	0	0	0	False	proven	no R polygon of the type	[0, 1248, 1396, 288]	output/scratch-14/r_contribution/592.json
593	0	0	0	False	proven	no R polygon of the type	[0, 1248, 1398, 288]	output/scratch-14/r_contribution/593.json
594	0	0	0	False	proven	no R polygon of the type	[0, 1248, 1400, 288]	output/scratch-14/r_contribution/594.json
595	0	0	0	False	proven	no R polygon of the type	[0, 918, 1401, 288]	output/scratch-14/r_contribution/595.json
596	0	0	0	False	proven	no R polygon of the type	[0, 1248, 1402, 288]	output/scratch-14/r_contribution/596.json
597	0	0	0	False	proven	no R polygon of the type	[0, 1248, 1404, 288]	output/scratch-14/r_contribution/597.json
600	0	0	0	False	proven	no R polygon of the type	[0, 1248, 1406, 288]	output/scratch-14/r_contribution/600.json
601	0	0	0	False	proven	no R polygon of the type	[0, 1248, 1409, 288]	output/scratch-14/r_contribution/601.json
602	0	0	0	False	proven	no R polygon of the type	[0, 1248, 1411, 288]	output/scratch-14/r_contribution/602.json
603	0	0	0	False	proven	no R polygon of the type	[0, 1248, 1413, 288]	output/scratch-14/r_contribution/603.json
604	0	0	0	False	proven	no R polygon of the type	[0, 1248, 1417, 288]	output/scratch-14/r_contribution/604.json
605	0	0	0	False	proven	no R polygon of the type	[0, 1696, 1424, 288]	output/scratch-14/r_contribution/605.json
606	0	0	0	False	proven	no R polygon of the type	[0, 1677, 1427, 288]	output/scratch-14/r_contribution/606.json
607	0	0	0	False	proven	no R polygon of the type	[0, 962, 1432, 288]	output/scratch-14/r_contribution/607.json
608	0	0	0	False	proven	no R polygon of the type	[0, 1248, 1432, 288]	output/scratch-14/r_contribution/608.json
609	0	0	0	False	proven	no R polygon of the type	[0, 1248, 1435, 288]	output/scratch-14/r_contribution/609.json
610	0	0	0	False	proven	no R polygon of the type	[0, 1248, 1437, 288]	output/scratch-14/r_contribution/610.json
611	0	0	0	False	proven	no R polygon of the type	[0, 1002, 1460, 288]	output/scratch-14/r_contribution/611.json
612	0	0	0	False	proven	no R polygon of the type	[0, 1248, 1463, 288]	output/scratch-14/r_contribution/612.json
613	0	0	0	False	proven	no R polygon of the type	[0, 1248, 1465, 288]	output/scratch-14/r_contribution/613.json
614	0	0	0	False	proven	no R polygon of the type	[0, 1248, 1467, 288]	output/scratch-14/r_contribution/614.json
615	0	0	0	False	proven	no R polygon of the type	[0, 1248, 1469, 288]	output/scratch-14/r_contribution/615.json
616	0	0	0	False	proven	no R polygon of the type	[0, 1248, 1471, 288]	output/scratch-14/r_contribution/616.json
628	0	0	0	False	proven	no R polygon of the type	[0, 1248, 1473, 288]	output/scratch-14/r_contribution/628.json
629	0	0	0	False	proven	no R polygon of the type	[0, 1248, 1476, 288]	output/scratch-14/r_contribution/629.json
630	0	0	0	False	proven	no R polygon of the type	[0, 1248, 1478, 288]	output/scratch-14/r_contribution/630.json
631	0	0	0	False	proven	no R polygon of the type	[0, 1248, 1480, 288]	output/scratch-14/r_contribution/631.json
632	0	0	0	False	proven	no R polygon of the type	[0, 1152, 1484, 288]	output/scratch-14/r_contribution/632.json
633	0	0	0	False	proven	no R polygon of the type	[0, 1248, 1484, 288]	output/scratch-14/r_contribution/633.json
634	0	0	0	False	proven	no R polygon of the type	[0, 1248, 1486, 288]	output/scratch-14/r_contribution/634.json
635	0	0	0	False	proven	no R polygon of the type	[0, 1407, 1488, 288]	output/scratch-14/r_contribution/635.json
636	0	0	0	False	proven	no R polygon of the type	[0, 1248, 1489, 288]	output/scratch-14/r_contribution/636.json
637	0	0	0	False	proven	no R polygon of the type	[0, 1152, 1490, 288]	output/scratch-14/r_contribution/637.json
638	0	0	0	False	proven	no R polygon of the type	[0, 1248, 1491, 288]	output/scratch-14/r_contribution/638.json
639	0	0	0	False	proven	no R polygon of the type	[0, 1248, 1493, 288]	output/scratch-14/r_contribution/639.json
640	0	0	0	False	proven	no R polygon of the type	[0, 1407, 1493, 288]	output/scratch-14/r_contribution/640.json
641	0	0	0	False	proven	no R polygon of the type	[0, 1248, 1495, 288]	output/scratch-14/r_contribution/641.json
642	0	0	0	False	proven	no R polygon of the type	[0, 1152, 1496, 288]	output/scratch-14/r_contribution/642.json
643	0	0	0	False	proven	no R polygon of the type	[0, 1248, 1497, 288]	output/scratch-14/r_contribution/643.json
644	0	0	0	False	proven	no R polygon of the type	[0, 1407, 1497, 288]	output/scratch-14/r_contribution/644.json
645	0	0	0	False	proven	no R polygon of the type	[0, 1248, 1499, 288]	output/scratch-14/r_contribution/645.json
646	0	0	0	False	proven	no R polygon of the type	[0, 1248, 1502, 288]	output/scratch-14/r_contribution/646.json
647	0	0	0	False	proven	no R polygon of the type	[0, 1438, 1503, 288]	output/scratch-14/r_contribution/647.json
648	0	0	0	False	proven	no R polygon of the type	[0, 1248, 1504, 288]	output/scratch-14/r_contribution/648.json
649	0	0	0	False	proven	no R polygon of the type	[0, 1248, 1506, 288]	output/scratch-14/r_contribution/649.json
650	0	0	0	False	proven	no R polygon of the type	[0, 1575, 1506, 288]	output/scratch-14/r_contribution/650.json
651	0	0	0	False	proven	no R polygon of the type	[0, 1283, 1507, 288]	output/scratch-14/r_contribution/651.json
652	0	0	0	False	proven	no R polygon of the type	[0, 1416, 1507, 288]	output/scratch-14/r_contribution/652.json
653	0	0	0	False	proven	no R polygon of the type	[0, 1248, 1508, 288]	output/scratch-14/r_contribution/653.json
654	0	0	0	False	proven	no R polygon of the type	[0, 1248, 1510, 288]	output/scratch-14/r_contribution/654.json
655	0	0	0	False	proven	no R polygon of the type	[0, 1248, 1512, 288]	output/scratch-14/r_contribution/655.json
656	0	0	0	False	proven	no R polygon of the type	[0, 1706, 1512, 288]	output/scratch-14/r_contribution/656.json
657	0	0	0	False	proven	no R polygon of the type	[0, 1283, 1513, 288]	output/scratch-14/r_contribution/657.json
658	0	0	0	False	proven	no R polygon of the type	[0, 1248, 1514, 288]	output/scratch-14/r_contribution/658.json
659	0	0	0	False	proven	no R polygon of the type	[0, 1248, 1517, 288]	output/scratch-14/r_contribution/659.json
660	0	0	0	False	proven	no R polygon of the type	[0, 1283, 1518, 288]	output/scratch-14/r_contribution/660.json
661	0	0	0	False	proven	no R polygon of the type	[0, 1248, 1519, 288]	output/scratch-14/r_contribution/661.json
662	0	0	0	False	proven	no R polygon of the type	[0, 1413, 1520, 288]	output/scratch-14/r_contribution/662.json
663	0	0	0	False	proven	no R polygon of the type	[0, 1248, 1521, 288]	output/scratch-14/r_contribution/663.json
664	0	0	0	False	proven	no R polygon of the type	[0, 1248, 1523, 288]	output/scratch-14/r_contribution/664.json
665	0	0	0	False	proven	no R polygon of the type	[0, 1283, 1524, 288]	output/scratch-14/r_contribution/665.json
666	0	0	0	False	proven	no R polygon of the type	[0, 1300, 1524, 288]	output/scratch-14/r_contribution/666.json
667	0	0	0	False	proven	no R polygon of the type	[0, 1248, 1525, 288]	output/scratch-14/r_contribution/667.json
668	0	0	0	False	proven	no R polygon of the type	[0, 1248, 1527, 288]	output/scratch-14/r_contribution/668.json
669	0	0	0	False	proven	no R polygon of the type	[0, 1285, 1527, 288]	output/scratch-14/r_contribution/669.json
670	0	0	0	False	proven	no R polygon of the type	[0, 1287, 1527, 288]	output/scratch-14/r_contribution/670.json
671	0	0	0	False	proven	no R polygon of the type	[0, 1288, 1527, 288]	output/scratch-14/r_contribution/671.json
672	0	0	0	False	proven	no R polygon of the type	[0, 1290, 1527, 288]	output/scratch-14/r_contribution/672.json
673	0	0	0	False	proven	no R polygon of the type	[0, 1292, 1527, 288]	output/scratch-14/r_contribution/673.json
674	0	0	0	False	proven	no R polygon of the type	[0, 1294, 1527, 288]	output/scratch-14/r_contribution/674.json
675	0	0	0	False	proven	no R polygon of the type	[0, 1295, 1527, 288]	output/scratch-14/r_contribution/675.json
676	0	0	0	False	proven	no R polygon of the type	[0, 1296, 1527, 288]	output/scratch-14/r_contribution/676.json
677	0	0	0	False	proven	no R polygon of the type	[0, 1298, 1527, 288]	output/scratch-14/r_contribution/677.json
678	0	0	0	False	proven	no R polygon of the type	[0, 1299, 1527, 288]	output/scratch-14/r_contribution/678.json
679	0	0	0	False	proven	no R polygon of the type	[0, 1448, 1527, 288]	output/scratch-14/r_contribution/679.json
680	0	0	0	False	proven	no R polygon of the type	[0, 1248, 1530, 288]	output/scratch-14/r_contribution/680.json
681	0	0	0	False	proven	no R polygon of the type	[0, 1266, 1531, 288]	output/scratch-14/r_contribution/681.json
682	0	0	0	False	proven	no R polygon of the type	[0, 1544, 1531, 288]	output/scratch-14/r_contribution/682.json
683	0	0	0	False	proven	no R polygon of the type	[0, 1248, 1532, 288]	output/scratch-14/r_contribution/683.json
684	0	0	0	False	proven	no R polygon of the type	[0, 1245, 1533, 288]	output/scratch-14/r_contribution/684.json
685	0	0	0	False	proven	no R polygon of the type	[0, 1248, 1534, 288]	output/scratch-14/r_contribution/685.json
686	0	0	0	False	proven	no R polygon of the type	[0, 1092, 1536, 288]	output/scratch-14/r_contribution/686.json
687	0	0	0	False	proven	no R polygon of the type	[0, 1248, 1536, 288]	output/scratch-14/r_contribution/687.json
688	0	0	0	False	proven	no R polygon of the type	[0, 1091, 1537, 288]	output/scratch-14/r_contribution/688.json
689	0	0	0	False	proven	no R polygon of the type	[0, 1248, 1538, 288]	output/scratch-14/r_contribution/689.json
690	0	0	0	False	proven	no R polygon of the type	[0, 1248, 1540, 288]	output/scratch-14/r_contribution/690.json
691	0	0	0	False	proven	no R polygon of the type	[0, 1248, 1543, 288]	output/scratch-14/r_contribution/691.json
692	0	0	0	False	proven	no R polygon of the type	[0, 1248, 1545, 288]	output/scratch-14/r_contribution/692.json
693	0	0	0	False	proven	no R polygon of the type	[0, 1248, 1547, 288]	output/scratch-14/r_contribution/693.json
694	0	0	0	False	proven	no R polygon of the type	[0, 1248, 1549, 288]	output/scratch-14/r_contribution/694.json
695	0	0	0	False	proven	no R polygon of the type	[0, 1126, 1561, 288]	output/scratch-14/r_contribution/695.json
696	0	0	0	False	proven	no R polygon of the type	[0, 1126, 1562, 288]	output/scratch-14/r_contribution/696.json
697	0	0	0	False	proven	no R polygon of the type	[0, 1126, 1563, 288]	output/scratch-14/r_contribution/697.json
698	0	0	0	False	proven	no R polygon of the type	[0, 1126, 1564, 288]	output/scratch-14/r_contribution/698.json
699	0	0	0	False	proven	no R polygon of the type	[0, 1126, 1565, 288]	output/scratch-14/r_contribution/699.json
700	0	0	0	False	proven	no R polygon of the type	[0, 1126, 1566, 288]	output/scratch-14/r_contribution/700.json
701	0	0	0	False	proven	no R polygon of the type	[0, 1126, 1567, 288]	output/scratch-14/r_contribution/701.json
702	0	0	0	False	proven	no R polygon of the type	[0, 1507, 1567, 290]	output/scratch-14/r_contribution/702.json
703	0	0	0	False	proven	no R polygon of the type	[0, 1126, 1568, 288]	output/scratch-14/r_contribution/703.json
704	0	0	0	False	proven	no R polygon of the type	[0, 1126, 1569, 288]	output/scratch-14/r_contribution/704.json
705	0	0	0	False	proven	no R polygon of the type	[0, 1248, 1569, 288]	output/scratch-14/r_contribution/705.json
706	0	0	0	False	proven	no R polygon of the type	[0, 1126, 1570, 288]	output/scratch-14/r_contribution/706.json
707	0	0	0	False	proven	no R polygon of the type	[0, 1248, 1571, 288]	output/scratch-14/r_contribution/707.json
708	0	0	0	False	proven	no R polygon of the type	[0, 1248, 1573, 288]	output/scratch-14/r_contribution/708.json
709	0	0	0	False	proven	no R polygon of the type	[0, 1248, 1575, 288]	output/scratch-14/r_contribution/709.json
710	0	0	0	False	proven	no R polygon of the type	[0, 1248, 1577, 288]	output/scratch-14/r_contribution/710.json
712	0	0	0	False	proven	no R polygon of the type	[0, 1248, 1586, 288]	output/scratch-14/r_contribution/712.json
713	0	0	0	False	proven	no R polygon of the type	[0, 1462, 1586, 288]	output/scratch-14/r_contribution/713.json
714	0	0	0	False	proven	no R polygon of the type	[0, 1248, 1588, 288]	output/scratch-14/r_contribution/714.json
715	0	0	0	False	proven	no R polygon of the type	[0, 1248, 1590, 288]	output/scratch-14/r_contribution/715.json
716	0	0	0	False	proven	no R polygon of the type	[0, 1248, 1592, 288]	output/scratch-14/r_contribution/716.json
717	0	0	0	False	proven	no R polygon of the type	[0, 1369, 1593, 288]	output/scratch-14/r_contribution/717.json
718	0	0	0	False	proven	no R polygon of the type	[0, 1248, 1594, 288]	output/scratch-14/r_contribution/718.json
719	0	0	0	False	proven	no R polygon of the type	[0, 1139, 1596, 288]	output/scratch-14/r_contribution/719.json
720	0	0	0	False	proven	no R polygon of the type	[0, 1139, 1597, 288]	output/scratch-14/r_contribution/720.json
721	0	0	0	False	proven	no R polygon of the type	[0, 1248, 1597, 288]	output/scratch-14/r_contribution/721.json
722	0	0	0	False	proven	no R polygon of the type	[0, 1139, 1598, 288]	output/scratch-14/r_contribution/722.json
723	0	0	0	False	proven	no R polygon of the type	[0, 1139, 1599, 288]	output/scratch-14/r_contribution/723.json
724	0	0	0	False	proven	no R polygon of the type	[0, 1248, 1599, 288]	output/scratch-14/r_contribution/724.json
725	0	0	0	False	proven	no R polygon of the type	[0, 1388, 1599, 288]	output/scratch-14/r_contribution/725.json
726	0	0	0	False	proven	no R polygon of the type	[0, 1139, 1600, 288]	output/scratch-14/r_contribution/726.json
727	0	0	0	False	proven	no R polygon of the type	[0, 1139, 1601, 288]	output/scratch-14/r_contribution/727.json
728	0	0	0	False	proven	no R polygon of the type	[0, 1248, 1601, 288]	output/scratch-14/r_contribution/728.json
729	0	0	0	False	proven	no R polygon of the type	[0, 1139, 1602, 288]	output/scratch-14/r_contribution/729.json
730	0	0	0	False	proven	no R polygon of the type	[0, 1139, 1603, 288]	output/scratch-14/r_contribution/730.json
731	0	0	0	False	proven	no R polygon of the type	[0, 1248, 1603, 288]	output/scratch-14/r_contribution/731.json
732	0	0	0	False	proven	no R polygon of the type	[0, 1139, 1604, 288]	output/scratch-14/r_contribution/732.json
733	0	0	0	False	proven	no R polygon of the type	[0, 1139, 1605, 288]	output/scratch-14/r_contribution/733.json
734	0	0	0	False	proven	no R polygon of the type	[0, 1248, 1605, 288]	output/scratch-14/r_contribution/734.json
735	0	0	0	False	proven	no R polygon of the type	[0, 1248, 1607, 288]	output/scratch-14/r_contribution/735.json
736	0	0	0	False	proven	no R polygon of the type	[0, 1360, 1609, 288]	output/scratch-14/r_contribution/736.json
737	0	0	0	False	proven	no R polygon of the type	[0, 1248, 1612, 288]	output/scratch-14/r_contribution/737.json
738	0	0	0	False	proven	no R polygon of the type	[0, 1248, 1614, 288]	output/scratch-14/r_contribution/738.json
739	0	0	0	False	proven	no R polygon of the type	[0, 1360, 1615, 288]	output/scratch-14/r_contribution/739.json
740	0	0	0	False	proven	no R polygon of the type	[0, 1248, 1616, 288]	output/scratch-14/r_contribution/740.json
741	0	0	0	False	proven	no R polygon of the type	[0, 1248, 1618, 288]	output/scratch-14/r_contribution/741.json
742	0	0	0	False	proven	no R polygon of the type	[0, 1248, 1620, 288]	output/scratch-14/r_contribution/742.json
743	0	0	0	False	proven	no R polygon of the type	[0, 1248, 1627, 288]	output/scratch-14/r_contribution/743.json
744	0	0	0	False	proven	no R polygon of the type	[0, 1248, 1629, 288]	output/scratch-14/r_contribution/744.json
745	0	0	0	False	proven	no R polygon of the type	[0, 1248, 1631, 288]	output/scratch-14/r_contribution/745.json
746	0	0	0	False	proven	no R polygon of the type	[0, 1281, 1642, 288]	output/scratch-14/r_contribution/746.json
747	0	0	0	False	proven	no R polygon of the type	[0, 1248, 1648, 288]	output/scratch-14/r_contribution/747.json
748	0	0	0	False	proven	no R polygon of the type	[0, 1364, 1649, 288]	output/scratch-14/r_contribution/748.json
749	0	0	0	False	proven	no R polygon of the type	[0, 1248, 1651, 288]	output/scratch-14/r_contribution/749.json
750	0	0	0	False	proven	no R polygon of the type	[0, 1248, 1653, 288]	output/scratch-14/r_contribution/750.json
751	0	0	0	False	proven	no R polygon of the type	[0, 1248, 1655, 288]	output/scratch-14/r_contribution/751.json
752	0	0	0	False	proven	no R polygon of the type	[0, 1248, 1657, 288]	output/scratch-14/r_contribution/752.json
753	0	0	0	False	proven	no R polygon of the type	[0, 1248, 1661, 288]	output/scratch-14/r_contribution/753.json
754	0	0	0	False	proven	no R polygon of the type	[0, 1194, 1662, 291]	output/scratch-14/r_contribution/754.json
755	0	0	0	False	proven	no R polygon of the type	[0, 1248, 1666, 288]	output/scratch-14/r_contribution/755.json
756	0	0	0	False	proven	no R polygon of the type	[0, 1248, 1668, 288]	output/scratch-14/r_contribution/756.json
757	0	0	0	False	proven	no R polygon of the type	[0, 1248, 1670, 288]	output/scratch-14/r_contribution/757.json
758	0	0	0	False	proven	no R polygon of the type	[0, 1248, 1672, 288]	output/scratch-14/r_contribution/758.json
759	0	0	0	False	proven	no R polygon of the type	[0, 1248, 1674, 288]	output/scratch-14/r_contribution/759.json
760	0	0	0	False	proven	no R polygon of the type	[0, 1248, 1677, 288]	output/scratch-14/r_contribution/760.json
761	0	0	0	False	proven	no R polygon of the type	[0, 1248, 1683, 288]	output/scratch-14/r_contribution/761.json
762	0	0	0	False	proven	no R polygon of the type	[0, 1665, 1688, 288]	output/scratch-14/r_contribution/762.json
763	0	0	0	False	proven	no R polygon of the type	[0, 1665, 1702, 288]	output/scratch-14/r_contribution/763.json
764	0	0	0	False	proven	no R polygon of the type	[0, 1365, 1708, 291]	output/scratch-14/r_contribution/764.json
765	1	0	0	False	proven	outside the cell	[0, 1307, 1756, 291]	output/scratch-14/r_contribution/765.json
766	0	0	0	False	proven	no R polygon of the type	[0, 1313, 1801, 291]	output/scratch-14/r_contribution/766.json
767	0	0	0	False	proven	no R polygon of the type	[0, 1404, 1814, 291]	output/scratch-14/r_contribution/767.json
768	0	0	0	False	proven	no R polygon of the type	[0, 1668, 1817, 288]	output/scratch-14/r_contribution/768.json
769	0	0	0	False	proven	no R polygon of the type	[0, 1656, 1838, 288]	output/scratch-14/r_contribution/769.json
770	0	0	0	False	proven	no R polygon of the type	[0, 1658, 1838, 288]	output/scratch-14/r_contribution/770.json
771	0	0	0	False	proven	no R polygon of the type	[0, 1660, 1838, 288]	output/scratch-14/r_contribution/771.json
