gate	name	state	evidence	sha256	figure	residual_ids
G1	oracle in force and chain	RESIDUAL	docs/plans/04-c-core-orchestration/triage/oracle_chain/oracle_chain.tsv; docs/plans/04-c-core-orchestration/triage/l0_empty_slot/successor_oracle_4e6b0de7.json	17d22367…; 53e59820…	Every hop 87a01b14→013586b5→4ed9cd80→2ee3456a→4e6b0de7 has a signing record and a confined cell list (AU 3-11 37; AU 3-14 246,123; Perth 3-14 795; plan 29 1; plan 34 5 shells). Causes are not attributed for 3-14 per-cell payloads, the 3-14 container/index/padding or the 3-11 routed proof (design 36: Phase 1 in progress, with the 87a01b14 replay reproduced; not closed)	R-G1-1..4
G2	live failing 0 in all 9 kinds on 4e6b0de7	PASS	docs/plans/04-c-core-orchestration/triage/phase3_synthesis/evidence/k1_dump.json; docs/plans/04-c-core-orchestration/triage/phase3_synthesis/evidence/p1_summary.json	bde3c09d…; 73197f20…	failing 0 in every kind: range 285,809,587, step 227,935,489, background 176,386,506, background_boundary 64,111,046, road_node 42,994,980, name_anchor 2,317,055, completeness 1,800,514, interior_cover 1,590,566 checked; road_point 0 checked; --dump-failures counts 0 cover the 5 DUMP_KINDS (background, background_boundary, completeness, interior_cover, name_anchor) and their .bin files are 0 B; range/step/road_node/road_point rest on totals failing 0	
G3	live pin contract ∅ = ∅ on 4e6b0de7	PASS	docs/plans/04-c-core-orchestration/triage/phase3_synthesis/evidence/k1_dump.json; docs/plans/04-c-core-orchestration/triage/oracle_chain/pin_contract.tsv	bde3c09d…; 727a490b…	Live failing set on 4e6b0de7 = ∅ (all 9 kinds 0, --dump-failures empty). The live pinned set is ∅. ∅ = ∅ re-applied. Historical pinned_candidates.tsv stays residual-not-required-for-live-close (plan 31) and is not rewritten	R-G5-5
G4	per-kind checked reconciled to 3C-04 through hop deltas	RESIDUAL	docs/plans/04-c-core-orchestration/triage/phase3_synthesis/evidence/k1_dump.json; docs/plans/04-c-core-orchestration/IMPLEMENTATION.md (3C-04 table; 3-90 rerun #3 check 5); docs/plans/04-c-core-orchestration/triage/name_anchor/witnesses/successor_k1_compare.json; plan 29/34 records	bde3c09d…	3C-04 → now: range −23,382,659; step −24,509,313; road_node −790; name_anchor −928; background +2,054,401; background_boundary −25,435,342; completeness 0; interior_cover −1,450. Per-hop counts are recorded and sum exactly. 3C-04→013586b5 (plan 04 3-90 rerun #3 check 5): range +861,107, step +693,171, background +839,197, background_boundary +21,910, interior_cover +29, others 0. 013586b5→4ed9cd80 (successor_k1_compare.json baseline, plan 14 rem01 k1_live): range −24,243,765, step −25,202,484, road_node −790, name_anchor −927, background +1,215,204, background_boundary −25,457,252, interior_cover −1,479. 4ed9cd80→2ee3456a (plan 29): range −1, name_anchor −1, expected == new (reconciled). 2ee3456a→4e6b0de7 (plan 34): 0 (pin_contract.tsv totals = plan 34 phase2/k1.json = P1; reconciled). The 3-11 and 3-14 hop moves are recorded but not explained (not confined to changed cells)	R-G4-1; R-G4-2
G5	historical cause assignment for every 3C-04 failing item	RESIDUAL	docs/plans/32-other-kind-classify-joins.md; docs/plans/04-c-core-orchestration/triage/other_kind_census/phase2_disposition.md; docs/plans/04-c-core-orchestration/triage/cause_table.md L48-50; docs/design/k1-empty-classify-joins.md	cause_table.md 05627155…	Per kind × cause on the 3C-04 failing items. background: R01 checker 920,786; S03 (spool→build per 3-13) 517,648; unassigned 137. background_boundary: S02 (producer-qualified, build per 3-13) 1,939,053; S04 (build per 3-13) 14,602,251; unassigned 8,739. interior_cover: O02 spool 821; S05 (build per 3-13) 3. completeness: 564 attributed + 188 → checker:repaired-not-representable (3-15 / plan 28). name_anchor: O03 spool 1. range/step/road_node: 0 failing. Basis: the background and boundary sums (1,438,571 / 16,550,043) are on the 3-11 disc, where the attribution ran. The 3C-04 figures are 1,438,558 / 16,549,569, and completeness is 752 vs 739; the row mapping between the two bases is not stated. Unattributed: background_boundary 8,739 + background 137 (180 combined groups); polygon 65623 cause unestablished; R01 exclusivity unproven	R-G5-1..5
G6	ops gates (PSS/timing trio ≤ -j6, -j1 determinism)	PASS	docs/plans/04-c-core-orchestration/triage/phase3_synthesis/evidence/k1_j6_1.json; docs/plans/04-c-core-orchestration/triage/phase3_synthesis/evidence/k1_j1.json; docs/plans/04-c-core-orchestration/triage/phase3_synthesis/evidence/p1_summary.json	7becd17f…; 14d8b28b…; 73197f20…	K1 -j6 ×3 walls 79.887 / 79.485 / 79.661 s (median 79.661 ≤ 120). pss_peak_kb 7,549,093 / 7,555,806 / 7,599,962 (max 7,599,962 ≤ 9,726,501). -j1 417.7 s, identical after strip_compare_excludes	
G7	build gates (AU rebuild sha, Perth, full pytest)	PASS	docs/plans/04-c-core-orchestration/triage/phase3_synthesis/evidence/sha_rebuild.json; docs/plans/04-c-core-orchestration/triage/phase3_synthesis/evidence/sha_perth_j1.json; docs/plans/04-c-core-orchestration/triage/phase3_synthesis/evidence/sha_perth_j4.json; docs/plans/04-c-core-orchestration/triage/phase3_synthesis/evidence/pytest_p2_tail.txt	a40fb962…; 28cf5c2f…; 6ef89738…; 40facaca…	AU rebuild -j4 = 4e6b0de785bdf454…c448. Perth -j1 = -j4 = 04be2f6e0e700ee6…b728. Full parser/tests at 873f161: 1383 passed, 7 skipped, 0 failed in 700.38s (wrapper exit 0, memory.peak 11,474,386,944 B). The P1 run at 0f3e530 had 1 failed, test_parcel_mask, fixed at a906818. 9c99dcb (P1 build HEAD)..873f161 changes, outside parser/tests, only parser/perf_inventory.json (+36, data read by test_perf_inventory), so the P1 rebuild sha stands at the close HEAD	
G8	independent fix-review chain	RESIDUAL	docs/plans/04-c-core-orchestration/triage/review_3-07.md … review_3-13.md (07, 08, 10, 11, 12, 13); plan records 14/28/29/31–34/37		Present: 3-07 ACCEPT, 3-08 ACCEPT, 3-10 ACCEPT, 3-11 ACCEPT, 3-12 ACCEPT-WITH-CONDITIONS, 3-13 ACCEPT-WITH-CONDITIONS; plans 14, 28, 29, 31, 33, 34, 37 PASS_WITH_FOLLOWUPS; 32 PASS. Not acceptable: 3-14 (adversarial BOUNCE on stale tip 67e48d9, Design overrule, no independent review of landed tip; artefact output/CHM-3-14-adversarial.md absent). Missing: 3-15, 3-16, 3-17. The a906818 test edit (plan 34 regression fix) was independently reviewed by this plan's P2 review. Process follow-up: plan 34 closed on a restricted suite (R-G8-5)	R-G8-1..5
G9	carried-item placement	RESIDUAL	docs/plans/04-c-core-orchestration/DESIGN.md L173; docs/plans/30-2-01-source-data-parity/disposition_summary.json; docs/plans/37-3-17-f2-identity-and-perf-inventory.md; docs/plans/36-3-14-cause-and-container-attribution/DESIGN.md	1318c873…	Plan 04 Phase 2 carried items are placed (3-01, 3-04, 3-07; D1 quirk, early-exit, counters and rc=1 to Phases 4/5). Plan 30 at 873f161: 341 supply-path / 0 unfixable-proven / 1 conflict-open (dump_row 246). Design 37 closed (9cf5f5e). Design 36 in progress (Phase 1), not closed. Encoder content trim on 4e6b0de7 carried: L8 road 308/14,012 (2.198%, '>1% BLOCKER'), L0 road 207/3,015,057, background 227/11,029,580 (R-G9-3). Build wall 115.99 s vs plan 04 DESIGN L48 '≪ 60 s' is ungated (R-G9-4)	R-G9-1..4; R-G1-1..4
G10	doc consistency	RESIDUAL	docs/OVERVIEW.md; docs/plans/31-phase3-oracle-and-pin-gates.md; docs/design/; oracle_chain.tsv		Fixed here: OVERVIEW CHM hold wording, plan-30 counts (873f161), OVERVIEW '+60 B unattributed' (attributed by plan 07). Stale: the '+60 B unattributed' wording in the plan 31 record, the oracle-chain contract and oracle_chain.tsv (design 36 P1 owns that correction)	R-G10-1
