key	old_pad_offset	old_bytes	new_pad_offset	new_bytes	delta	payload_old	payload_new	alloc_old	alloc_new
L0 51/9: 246	17634	30	17366	10	-20	2210	1942	2240	1952
L0 51/9: 247	61460	12	61188	28	16	43796	43812	43808	43840
L0 51/9: 248	112398	18	111782	26	8	50926	50566	50944	50592
L0 51/9: 249	124680	24	123772	4	-20	12264	11964	12288	11968
L0 51/9: 250	130032	16	129170	14	-2	5328	5394	5344	5408
L0 51/9: 251	133304	8	132242	14	6	3256	3058	3264	3072
L0 51/9: 253	139818	22	138594	30	8	4970	4802	4992	4832
L0 51/9: 254	146122	22	144536	8	-14	6282	5912	6304	5920
L0 51/9: 255	154042	6	152062	2	-4	7898	7518	7904	7520
L0 51/9: 279	173314	30	171388	4	-26	17314	17372	17344	17376
L0 51/9: 280	221324	20	219402	22	2	47980	48010	48000	48032
L0 51/9: 281	229450	22	227202	30	8	8106	7778	8128	7808
L0 51/9: 283	233556	12	231152	16	4	1748	1584	1760	1600
L0 51/9: 284	236140	20	233476	28	8	2572	2308	2592	2336
L0 51/9: 285	239424	0	236196	28	28	3264	2692	3264	2720
L0 51/9: 287	245388	20	241690	6	-14	3500	3386	3520	3392
L0 51/9: 311	254546	14	250768	16	2	7186	7120	7200	7136
L0 51/9: 313	385842	14	381686	10	-4	14258	13878	14272	13888
L0 51/9: 315	387830	10	383420	4	-6	1110	860	1120	864
L0 51/9: 316	390388	12	385848	8	-4	2548	2424	2560	2432
L0 51/9: 318	394156	20	389362	14	-6	1772	1522	1792	1536
L0 51/9: 319	398232	8	393274	6	-2	4056	3898	4064	3904
L0 51/9: 343	402060	20	396852	12	-8	1644	1396	1664	1408
L0 51/9: 344	435410	14	429958	26	12	33330	33094	33344	33120
L0 51/9: 345	441268	12	435192	8	-4	5844	5208	5856	5216
L0 51/9: 346	443452	4	437130	22	18	2172	1930	2176	1952
L0 51/9: 347	444526	18	437972	12	-6	1070	820	1088	832
L0 51/9: 350	450278	26	443454	2	-24	1830	1566	1856	1568
L0 51/9: 351	453080	8	445958	26	18	2776	2502	2784	2528
L0 51/9: 375	458904	8	451592	24	16	3832	3624	3840	3648
L0 51/9: 376	561240	8	553420	20	12	102328	101804	102336	101824
L0 51/9: 378	569128	24	561334	10	-14	2024	2038	2048	2048
L0 51/9: 379	570006	10	562210	30	20	854	866	864	896
L0 51/9: 381	572318	2	564460	20	18	1150	1100	1152	1120
L0 51/9: 382	574316	20	566240	0	-20	1996	1760	2016	1760
L0 51/9: 383	576956	4	568710	26	22	2620	2470	2624	2496
L0 51/9: 407	606764	20	597910	10	-10	27852	27222	27872	27232
L0 51/9: 410	616704	0	607180	20	20	5600	4940	5600	4960
L0 51/9: 411	618718	2	608700	4	2	2014	1500	2016	1504
L0 51/9: 414	623780	28	613518	18	-10	2244	1998	2272	2016
L0 51/9: 439	637482	22	626862	18	-4	8074	7534	8096	7552
L0 51/9: 440	656618	22	645516	20	-2	19114	18636	19136	18656
L0 51/9: 441	662412	20	651156	12	-8	5772	5620	5792	5632
L0 51/9: 442	669804	20	658190	18	-2	7372	7022	7392	7040
L0 51/9: 443	672454	26	660588	20	-6	2630	2380	2656	2400
L0 51/9: 446	677710	18	665748	12	-6	2446	2356	2464	2368
L0 51/9: 447	682500	28	670842	6	-22	4772	5082	4800	5088
L0 51/9: 470	686000	16	674350	18	2	1232	1262	1248	1280
L0 51/9: 471	727728	16	715864	8	-8	41712	41496	41728	41504
L0 51/9: 472	806728	24	794628	28	4	78984	78756	79008	78784
L0 51/9: 473	850346	22	838002	14	-8	43594	43346	43616	43360
L0 51/9: 474	891358	2	879010	30	28	40990	40994	40992	41024
L0 51/9: 475	895006	2	882170	6	4	3646	3130	3648	3136
L0 51/9: 479	915746	30	902750	2	-28	15010	14846	15040	14848
L0 51/9: 502	919764	12	907010	30	18	1844	2114	1856	2144
L0 51/9: 503	933174	10	920180	12	2	13398	13140	13408	13152
L0 51/9: 504	984400	16	971054	18	2	51216	50862	51232	50880
L0 51/9: 506	1096042	22	1082814	2	-20	56490	56606	56512	56608
L0 51/9: 507	1098258	14	1084834	30	16	2194	2018	2208	2048
L0 51/9: 509	1105374	2	1091724	20	18	4286	4044	4288	4064
L0 51/9: 510	1109450	22	1095596	20	-2	4074	3852	4096	3872
L0 51/9: 511	1114718	2	1100666	6	4	5246	5050	5248	5056
L0 51/9: 534	1121016	8	1107140	28	20	4280	4452	4288	4480
L0 51/9: 535	1140428	20	1126620	4	-16	19404	19452	19424	19456
L0 51/9: 536	1200188	4	1185612	20	16	59740	58988	59744	59008
L0 51/9: 537	1220488	24	1205952	0	-24	20296	20320	20320	20320
L0 51/9: 538	1288192	0	1273688	8	8	67680	67736	67680	67744
L0 51/9: 539	1292114	14	1277092	28	14	3922	3396	3936	3424
L0 51/9: 540	1294052	28	1278894	18	-10	1924	1774	1952	1792
L0 51/9: 541	1296388	28	1281234	14	-14	2308	2322	2336	2336
L0 51/9: 543	1301168	16	1286124	20	4	3280	3404	3296	3424
L0 51/9: 566	1337000	24	1322046	2	-22	33672	33758	33696	33760
L0 51/9: 567	1401112	8	1385886	2	-6	64088	63838	64096	63840
L0 51/9: 568	1444418	30	1428690	14	-16	43298	42802	43328	42816
L0 51/9: 571	1502328	8	1486642	14	6	9240	9298	9248	9312
L0 51/9: 572	1504340	12	1488412	4	-8	2004	1756	2016	1760
L0 51/9: 573	1506972	4	1490938	6	2	2620	2522	2624	2528
L0 51/9: 575	1520230	26	1504342	10	-16	9510	9654	9536	9664
L0 51/9: 597	1523168	0	1507012	28	28	1408	1156	1408	1184
L0 51/9: 598	1546534	26	1530588	4	-22	23366	23548	23392	23552
L0 51/9: 599	1630154	22	1614184	24	2	83594	83592	83616	83616
L0 51/9: 600	1680084	12	1663906	30	18	49908	49698	49920	49728
L0 51/9: 601	1689166	18	1672328	24	6	9070	8392	9088	8416
L0 51/9: 602	1713118	2	1695810	30	28	23934	23458	23936	23488
L0 51/9: 603	1730524	4	1712850	14	10	17404	17010	17408	17024
L0 51/9: 604	1734468	28	1716750	18	-10	3940	3886	3968	3904
L0 51/9: 605	1737002	22	1719290	6	-16	2506	2522	2528	2528
L0 51/9: 606	1739860	12	1722172	4	-8	2836	2876	2848	2880
L0 51/9: 607	1757392	16	1739378	14	-2	17520	17202	17536	17216
L0 51/9: 629	1761234	14	1742992	16	2	2482	2256	2496	2272
L0 51/9: 630	1765234	14	1746832	16	2	3986	3824	4000	3840
L0 51/9: 632	1790366	2	1771020	20	18	16798	15852	16800	15872
L0 51/9: 633	1822458	6	1802558	2	-4	32090	31518	32096	31520
L0 51/9: 634	1900900	28	1881096	24	-4	78436	78536	78464	78560
L0 51/9: 635	1941654	10	1921890	30	20	40726	40770	40736	40800
L0 51/9: 638	1953556	12	1933582	18	6	3988	3758	4000	3776
L0 51/9: 639	1960616	24	1940570	6	-18	7048	6970	7072	6976
L0 51/9: 661	1966814	2	1946780	4	2	4894	4924	4896	4928
L0 51/9: 662	1968938	22	1948922	6	-16	2122	2138	2144	2144
L0 51/9: 663	1969660	4	1949466	6	2	700	538	704	544
L0 51/9: 664	1995520	0	1974346	22	22	25856	24874	25856	24896
L0 51/9: 665	2027134	2	2005220	28	26	31614	30852	31616	30880
L0 51/9: 666	2116852	12	2094040	8	-4	89716	88792	89728	88800
L0 51/9: 667	2151168	0	2127930	6	6	34304	33882	34304	33888
L0 51/9: 668	2172346	6	2149002	22	16	21178	21066	21184	21088
L0 51/9: 669	2175196	4	2151702	10	6	2844	2678	2848	2688
L0 51/9: 670	2181792	0	2157860	28	28	6592	6148	6592	6176
L0 51/9: 671	2204372	12	2180354	30	18	22580	22466	22592	22496
L0 51/9: 693	2211682	30	2187696	16	-14	6018	6032	6048	6048
L0 51/9: 696	2232680	24	2208536	8	-16	13448	13304	13472	13312
L0 51/9: 697	2257708	20	2232004	28	8	25004	23460	25024	23488
L0 51/9: 698	2270314	22	2243852	20	-2	12586	11820	12608	11840
L0 51/9: 699	2286794	22	2259876	28	6	16458	16004	16480	16032
L0 51/9: 700	2294062	18	2266626	30	12	7246	6722	7264	6752
L0 51/9: 701	2297636	28	2270284	20	-8	3556	3628	3584	3648
L0 51/9: 728	2364956	4	2336880	16	12	7196	6928	7200	6944
L0 51/9: 730	2387638	10	2358572	20	10	3446	3500	3456	3520
L0 51/9: 731	2412908	20	2383292	4	-16	25260	24700	25280	24704
L0 51/9: 733	2429828	28	2399962	6	-22	8932	8858	8960	8864
L0 51/9: 735	2456840	24	2425890	30	6	16680	16258	16704	16288
L0 51/9: 760	2473286	26	2442184	24	-2	9894	9736	9920	9760
L0 51/9: 761	2486822	26	2455048	24	-2	13510	12840	13536	12864
L0 51/9: 762	2499540	12	2467790	18	6	12692	12718	12704	12736
L0 51/9: 763	2562416	16	2530986	22	6	62864	63178	62880	63200
L0 51/9: 764	2570036	12	2538590	2	-10	7604	7582	7616	7584
L0 51/9: 765	2576616	24	2545172	12	-12	6568	6580	6592	6592
L0 51/9: 766	2591324	4	2559404	20	16	14684	14220	14688	14240
L0 51/9: 767	2625528	8	2593534	2	-6	34200	34110	34208	34112
L0 51/9: 787	2626826	22	2594696	24	2	618	488	640	512
L0 51/9: 792	2643668	12	2611570	14	2	13268	13298	13280	13312
L0 51/9: 793	2655882	22	2623100	4	-18	12202	11516	12224	11520
L0 51/9: 794	2667240	24	2633936	16	-8	11336	10832	11360	10848
L0 51/9: 796	2682062	18	2649018	6	-12	14798	15066	14816	15072
L0 51/9: 797	2700026	6	2666998	10	4	17946	17974	17952	17984
L0 51/9: 798	2725598	2	2692388	28	26	25566	25380	25568	25408
L0 51/9: 799	2834870	10	2802042	6	-4	109270	109626	109280	109632
L0 51/9: 818	2835926	10	2802860	20	10	598	364	608	384
L0 51/9: 819	2836668	4	2803380	12	8	732	500	736	512
L0 51/9: 824	2876606	2	2842976	0	-2	35774	35424	35776	35424
L0 51/9: 825	2935136	0	2901342	2	2	58528	58366	58528	58368
L0 51/9: 826	2978602	22	2944614	26	4	43466	43270	43488	43296
L0 51/9: 828	3008088	8	2974178	30	22	29464	29538	29472	29568
L0 51/9: 830	3053992	24	3020066	30	6	45896	45858	45920	45888
L0 51/9: 831	3139842	30	3105260	20	-10	85826	85164	85856	85184
L0 51/9: 850	3140992	0	3106126	18	18	672	398	672	416
L0 51/9: 851	3141424	16	3106518	10	-6	432	374	448	384
L0 51/9: 853	3143734	10	3108914	14	4	2006	2098	2016	2112
L0 51/9: 856	3207380	12	3171968	0	-12	63188	62592	63200	62592
L0 51/9: 857	3256340	12	3220488	24	12	48948	48520	48960	48544
L0 51/9: 858	3314620	4	3277946	6	2	58268	57434	58272	57440
L0 51/9: 859	3390214	26	3353660	4	-22	75590	75708	75616	75712
L0 51/9: 860	3424156	4	3387492	28	24	33916	33828	33920	33856
L0 51/9: 862	3547526	26	3510340	28	2	123366	122820	123392	122848
L0 51/9: 863	3593282	30	3556102	26	-4	45730	45734	45760	45760
L0 51/9: 882	3594648	8	3557202	14	6	728	466	736	480
L0 51/9: 888	3705088	0	3667698	14	14	109312	109362	109312	109376
L0 51/9: 889	3774432	0	3736986	6	6	69344	69274	69344	69280
L0 51/9: 890	3833998	18	3796198	26	8	59566	59206	59584	59232
L0 51/9: 891	3885788	4	3846842	6	2	51772	50618	51776	50624
L0 51/9: 892	3912566	10	3872312	8	-2	26774	25464	26784	25472
L0 51/9: 893	4027308	20	3987176	24	4	114732	114856	114752	114880
L0 51/9: 895	4115524	28	4075598	18	-10	88196	88398	88224	88416
L0 51/9: 919	4130818	30	4089998	18	-12	12770	11886	12800	11904
L0 51/9: 921	4218498	30	4177756	4	-26	87650	87740	87680	87744
L0 51/9: 922	4336396	20	4296232	24	4	117868	118472	117888	118496
L0 51/9: 924	4437980	4	4397514	22	18	101564	101258	101568	101280
L0 51/9: 925	4534718	2	4493838	18	16	96734	96302	96736	96320
L0 51/9: 949	4536548	28	4495690	22	-6	420	426	448	448
L0 51/9: 950	4537460	12	4496336	16	4	884	624	896	640
L0 51/9: 951	4637774	18	4595478	10	-8	100302	99126	100320	99136
L0 51/9: 953	4757840	16	4715540	12	-4	120048	120052	120064	120064
L0 51/9: 955	4947178	22	4905122	30	8	98634	98786	98656	98816
L0 51/9: 956	5065916	4	5023466	22	18	118716	118314	118720	118336
L0 51/9: 957	5145912	8	5102938	6	-2	79992	79450	80000	79456
L0 51/9: 959	5272924	4	5229060	28	24	127004	126116	127008	126144
L0 51/9: 976	5276096	0	5232346	6	6	3168	3258	3168	3264
L0 51/9: 983	5297822	2	5254094	18	16	19134	19150	19136	19168
L0 51/9: 986	5389268	12	5345532	4	-8	91444	91420	91456	91424
L0 51/9: 987	5465382	26	5421180	4	-22	76102	75644	76128	75648
L0 51/9: 989	5568780	20	5655210	22	2	103372	103178	103392	103200
L0 51/9: 991	5626234	6	5712024	8	2	57434	56792	57440	56800
L0 51/9: 1008	5646584	8	5732064	0	-8	20344	20032	20352	20032
L0 51/9: 1009	5667162	6	5752460	20	14	20570	20396	20576	20416
L0 51/9: 1016	5799472	16	5883956	12	-4	129744	128916	129760	128928
L0 51/9: 1017	5837644	20	5921430	10	-10	38156	37462	38176	37472
L0 51/9: 1018	5877296	16	5960826	6	-10	39632	39386	39648	39392
L0 51/9: 1023	5962954	22	6046604	20	-2	85642	85772	85664	85792
L0 51/9: 1040	5983408	16	6066828	20	4	20432	20204	20448	20224
L0 51/9: 1041	6013760	0	6096954	6	6	30336	30106	30336	30112
L0 51/9: 1049	6094760	24	6177972	12	-12	78824	78836	78848	78848
L0 51/9: 1050	6130908	4	6214344	24	20	36124	36360	36128	36384
L0 51/9: 1054	6217384	24	6300516	28	4	86472	86148	86496	86176
L0 51/9: 1055	6341984	0	6424674	30	30	124576	124130	124576	124160
L0 51/9: 1080	6435196	4	6518210	30	26	90396	90690	90400	90720
L0 51/9: 1082	6532804	28	6615722	22	-6	97604	97482	97632	97504
L0 51/9: 1083	6635738	6	6717742	18	12	102906	101998	102912	102016
L0 51/9: 1086	6761590	10	6843586	30	20	125846	125826	125856	125856
L0 51/9: 1087	6803968	0	6885670	26	26	42368	42054	42368	42080
L0 51/9: 1112	6839158	10	6920768	0	-10	32598	32480	32608	32480
L0 51/9: 1118	6962360	8	7043410	14	6	123192	122642	123200	122656
L0 51/9: 1144	7039998	2	7121084	4	2	74718	74748	74720	74752
L0 51/9: 1145	7134670	18	7215216	16	-2	94670	94128	94688	94144
L0 51/9: 1148	7247930	6	7328396	20	14	113242	113164	113248	113184
L0 51/9: 1149	7333532	4	7414000	16	12	85596	85584	85600	85600
L0 51/9: 1151	7374068	12	7454212	28	16	40532	40196	40544	40224
L0 51/9: 1176	7439238	26	7519452	4	-22	61798	61852	61824	61856
L0 51/9: 1177	7541422	18	7620626	14	-4	102158	101170	102176	101184
L0 51/9: 1178	7653070	18	7731958	10	-8	111630	111318	111648	111328
L0 51/9: 1181	7731656	24	7810804	12	-12	78568	78836	78592	78848
L0 51/9: 1182	7811742	2	7890440	24	22	80062	79624	80064	79648
L0 51/9: 1183	7886168	8	7964304	16	8	74424	73840	74432	73856
L0 51/9: 1208	7975290	6	8053646	18	12	86074	86286	86080	86304
L0 51/9: 1209	8052910	18	8131254	10	-8	77614	77590	77632	77600
L0 51/9: 1210	8129606	26	8208056	8	-18	76678	76792	76704	76800
L0 51/9: 1212	8248754	14	8457804	20	6	119122	119020	119136	119040
L0 51/9: 1213	8356248	8	8565510	26	18	107480	107686	107488	107712
L0 51/9: 1214	8411004	4	8620026	6	2	54748	54490	54752	54496
L0 51/9: 1215	8479726	18	8687688	24	6	68718	67656	68736	67680
L0 51/9: 1240	8550544	16	8758610	14	-2	67920	68018	67936	68032
L0 51/9: 1241	8645486	18	8853638	26	8	94926	95014	94944	95040
L0 51/9: 1242	8741012	12	8949288	24	12	95508	95624	95520	95648
L0 51/9: 1243	8816484	28	9024492	20	-8	75460	75180	75488	75200
L0 51/9: 1244	8877484	20	9084634	6	-14	60972	60122	60992	60128
L0 51/9: 1245	8937820	4	9144812	20	16	60316	60172	60320	60192
L0 51/9: 1246	9038404	28	9245002	22	-6	100580	100170	100608	100192
L0 51/9: 1247	9156812	20	9362760	24	4	118380	117736	118400	117760
L0 51/9: 1270	9159736	8	9365550	18	10	728	590	736	608
L0 51/9: 1271	9163666	14	9368738	30	16	3922	3170	3936	3200
L0 51/9: 1272	9229748	12	9434330	6	-6	66068	65562	66080	65568
L0 51/9: 1273	9295030	10	9499568	16	6	65270	65232	65280	65248
L0 51/9: 1274	9370084	28	9574406	26	-2	75044	74822	75072	74848
L0 51/9: 1275	9426240	0	9630340	28	28	56128	55908	56128	55936
L0 51/9: 1276	9501764	28	9705326	18	-10	75524	74958	75552	74976
L0 51/9: 1277	9538348	20	9741888	0	-20	36556	36544	36576	36544
L0 51/9: 1278	9576808	24	9780018	14	-10	38440	38130	38464	38144
L0 51/9: 1279	9610176	0	9812450	30	30	33344	32418	33344	32448
L0 51/9: 1303	9652966	26	9855240	24	-2	40454	40424	40480	40448
L0 51/9: 1304	9724804	28	9926408	24	-4	71812	71144	71840	71168
L0 51/9: 1305	9780866	30	9982148	28	-2	56034	55716	56064	55744
L0 51/9: 1306	9891622	26	10092668	4	-22	110726	110492	110752	110496
L0 51/9: 1308	9923922	14	10124332	20	6	32274	31660	32288	31680
L0 51/9: 1309	9931136	0	10131256	8	8	7200	6904	7200	6912
L0 51/9: 1310	9960664	8	10160638	2	-6	29528	29374	29536	29376
L0 51/9: 1311	10014172	4	10213438	2	-2	53500	52798	53504	52800
L0 51/9: 1335	10087246	18	10286552	8	-10	70702	70744	70720	70752
L0 51/9: 1336	10163886	18	10362724	28	10	76622	76164	76640	76192
L0 51/9: 1337	10229304	8	10427846	26	18	65400	65094	65408	65120
L0 51/9: 1338	10313740	20	10511842	30	10	84428	83970	84448	84000
L0 51/9: 1342	10355038	2	10553418	22	20	24990	25258	24992	25280
L0 51/9: 1343	10408254	2	10606454	10	8	53214	53014	53216	53024
L0 51/9: 1367	10449652	12	10647690	22	10	39028	38858	39040	38880
L0 51/9: 1368	10524162	30	10722266	6	-24	74498	74554	74528	74560
L0 51/9: 1369	10590282	22	10788248	8	-14	66090	65976	66112	65984
L0 51/9: 1370	10717642	22	10915408	16	-6	127338	127152	127360	127168
L0 51/9: 1371	10743598	18	10941374	2	-16	25934	25950	25952	25952
L0 51/9: 1374	10809388	20	11007338	22	2	59564	59754	59584	59776
L0 51/9: 1399	10990212	28	11187402	22	-6	61700	61162	61728	61184
L0 51/9: 1400	11106770	14	11304012	20	6	116530	116588	116544	116608
L0 51/9: 1401	11149786	6	11347050	22	16	43002	43018	43008	43040
L0 51/9: 1402	11179246	18	11376542	2	-16	29454	29470	29472	29472
L0 51/9: 1403	11184692	12	11382062	18	6	5428	5518	5440	5536
L0 51/9: 1406	11203724	20	11401122	30	10	13228	13250	13248	13280
L0 51/9: 1407	11283422	2	11480584	24	22	79678	79432	79680	79456
L0 51/9: 1430	11286834	14	11483308	20	6	1618	908	1632	928
L0 51/9: 1431	11391348	12	11587270	26	14	104500	103942	104512	103968
L0 51/9: 1438	11456786	14	11652546	30	16	1650	1506	1664	1536
L0 51/9: 1439	11466902	10	11662524	4	-6	10102	9948	10112	9952
L0 51/9: 1462	11478170	6	11673536	0	-6	8730	8480	8736	8480
L0 51/9: 1463	11582314	22	11777704	24	2	104138	104168	104160	104192
L0 51/9: 1464	11622468	28	11817454	18	-10	40132	39726	40160	39744
L0 51/9: 1465	11684904	24	11879642	6	-18	62408	62170	62432	62176
L0 51/9: 1468	11690726	26	11885462	10	-16	1286	1302	1312	1312
L0 51/9: 1470	11694348	20	11888944	16	-4	1836	1712	1856	1728
L0 51/9: 1471	11698238	2	11892572	4	2	3870	3612	3872	3616
L0 51/9: 1491	11699964	4	11894316	20	16	540	556	544	576
L0 51/9: 1495	11803160	8	11997196	20	12	59128	58892	59136	58912
L0 51/9: 1497	11885638	26	12079678	2	-24	71750	71742	71776	71744
L0 51/9: 1502	11904708	28	12098738	14	-14	1348	1362	1376	1376
L0 51/9: 1526	11980864	0	12174906	6	6	68352	68378	68352	68384
L0 51/9: 1527	12032152	8	12225498	6	-2	51288	50586	51296	50592
L0 51/9: 1529	12047248	16	12240028	4	-12	8432	7868	8448	7872
L0 51/9: 1530	12053820	4	12246642	14	10	6556	6610	6560	6624
L0 51/9: 1532	12056928	0	12249774	18	18	2016	2030	2016	2048
L0 51/9: 1534	12060618	22	12253502	2	-20	1610	1630	1632	1632
L0 51/9: 1535	12065648	16	12258630	26	10	5008	5126	5024	5152
L0 51/9: 1558	12184784	16	12377836	20	4	112560	112620	112576	112640
L0 51/9: 1559	12213190	26	12405884	4	-22	28390	28028	28416	28032
L0 51/9: 1561	12218974	2	12411076	28	26	4414	3844	4416	3872
L0 51/9: 1564	12223514	6	12415668	12	6	2394	2420	2400	2432
L0 51/9: 1567	12244578	30	12436484	28	-2	9922	9764	9952	9792
L0 51/9: 1586	12245914	6	12437564	4	-2	602	348	608	352
L0 51/9: 1587	12246212	28	12437852	4	-24	292	284	320	288
L0 51/9: 1589	12280034	30	12471432	24	-6	33570	33352	33600	33376
L0 51/9: 1590	12390928	16	12582154	22	6	110864	110698	110880	110720
L0 51/9: 1593	12397034	22	12588176	16	-6	1450	1360	1472	1376
L0 51/9: 1598	12405518	18	12596796	4	-14	1102	1244	1120	1248
L0 51/9: 1599	12409928	24	12601138	14	-10	4392	4338	4416	4352
L0 51/9: 1618	12411256	8	12602192	16	8	632	368	640	384
L0 51/9: 1621	12442706	14	12633200	16	2	30834	30384	30848	30400
L0 51/9: 1622	12475524	28	12665606	26	-2	32804	32390	32832	32416
L0 51/9: 1625	12482204	4	12672192	0	-4	892	800	896	800
L0 51/9: 1631	12493632	0	12683384	8	8	4544	4312	4544	4320
L0 51/9: 1650	12494938	6	12684440	8	2	634	376	640	384
L0 51/9: 1652	12499344	16	12688616	24	8	4176	3944	4192	3968
L0 51/9: 1653	12565090	30	12754130	14	-16	65730	65490	65760	65504
L0 51/9: 1655	12581534	2	12769874	14	12	2590	2578	2592	2592
L0 51/9: 1657	12585974	10	12774232	8	-2	1910	1816	1920	1824
L0 51/9: 1662	12590568	24	12779028	12	-12	2600	2804	2624	2816
L0 51/9: 1663	12596866	30	12784944	16	-14	6274	5904	6304	5920
L0 51/9: 1682	12598176	0	12786018	30	30	480	258	480	288
L0 51/9: 1684	12602708	12	12790348	20	8	4308	4076	4320	4096
L0 51/9: 1685	12619992	8	12807374	18	10	17272	17006	17280	17024
L0 51/9: 1686	12626476	20	12813896	24	4	6476	6504	6496	6528
L0 51/9: 1690	12634506	22	12821598	2	-20	1802	1566	1824	1568
L0 51/9: 1694	12640422	26	12827368	24	-2	4102	3976	4128	4000
L0 51/9: 1695	12654266	6	12841268	12	6	13818	13876	13824	13888
L0 51/9: 1716	12729400	8	12916274	14	6	68920	68946	68928	68960
L0 51/9: 1717	12749430	10	12935956	12	2	20022	19668	20032	19680
L0 51/9: 1721	12761954	30	12948384	0	-30	1154	1056	1184	1056
L0 51/9: 1722	12765212	4	12951480	8	4	3228	3096	3232	3104
L0 51/9: 1726	12770900	12	12956514	30	18	2996	2338	3008	2368
L0 51/9: 1727	12773730	30	12959408	16	-14	2818	2864	2848	2880
L0 51/9: 1745	12774674	14	12960366	18	4	370	398	384	416
L0 51/9: 1747	12784234	22	12969584	16	-6	9322	8976	9344	8992
L0 51/9: 1748	12853722	6	13039092	12	6	69466	69492	69472	69504
L0 51/9: 1749	12860882	14	13046286	18	4	7154	7182	7168	7200
L0 51/9: 1753	12869402	6	13054708	12	6	1274	1172	1280	1184
L0 51/9: 1754	12870526	2	13055588	28	26	1118	868	1120	896
L0 51/9: 1758	12874358	10	13058536	24	14	3062	2152	3072	2176
L0 51/9: 1759	12876122	6	13059998	2	-4	1754	1438	1760	1440
L0 51/9: 1778	12881356	20	13065102	18	-2	4332	4206	4352	4224
L0 51/9: 1779	12896438	10	13080006	26	16	15062	14886	15072	14912
L0 51/9: 1785	12905866	22	13089346	30	8	1226	1122	1248	1152
L0 51/9: 1790	12910332	4	13093696	0	-4	2140	1760	2144	1760
L0 51/9: 1791	12911950	18	13095206	26	8	1614	1510	1632	1536
L0 51/9: 408/0	12972566	10	13155892	12	2	60598	60660	60608	60672
L0 51/9: 408/1	13002178	30	13185518	18	-12	29602	29614	29632	29632
L0 51/9: 408/2	13065802	22	13249154	30	8	63594	63618	63616	63648
L0 51/9: 408/3	13093544	24	13276836	28	4	27720	27652	27744	27680
L0 51/9: 795/0	13130158	18	13313336	8	-10	36590	36472	36608	36480
L0 51/9: 795/1	13170780	4	13353962	22	18	40604	40618	40608	40640
L0 51/9: 795/3	13295766	10	13479042	30	20	87254	87330	87264	87360
L0 51/9: 827/1	13373940	12	13557178	6	-6	48436	48378	48448	48384
L0 51/9: 827/2	13422994	14	13606222	18	4	49042	49038	49056	49056
L0 51/9: 827/3	13464202	22	13647224	8	-14	41194	40984	41216	40992
L0 51/9: 829/0	13504586	22	13687846	26	4	40362	40614	40384	40640
L0 51/9: 829/1	13534412	20	13717688	8	-12	29804	29816	29824	29824
L0 51/9: 829/3	13670478	18	13853930	22	4	85518	85706	85536	85728
L0 51/9: 861/0	13702852	28	13886354	14	-14	32356	32402	32384	32416
L0 51/9: 861/1	13817916	4	14001626	6	2	115036	115258	115040	115264
L0 51/9: 861/3	13879244	20	14062886	26	6	44620	44550	44640	44576
L0 51/9: 894/0	13912650	22	14096076	20	-2	33386	33164	33408	33184
L0 51/9: 894/1	13959720	24	14143066	6	-18	47048	46970	47072	46976
L0 51/9: 894/2	14022880	0	14206198	10	10	63136	63126	63136	63136
L0 51/9: 920/0	14157206	10	14340418	30	20	77110	76994	77120	77024
L0 51/9: 920/1	14196816	16	14379878	26	10	39600	39430	39616	39456
L0 51/9: 920/2	14319986	14	14503036	4	-10	123154	123132	123168	123136
L0 51/9: 920/3	14382642	14	14565670	26	12	62642	62630	62656	62656
L0 51/9: 923/0	14432678	26	14615734	10	-16	50022	50038	50048	50048
L0 51/9: 926/0	14669178	6	14852296	24	18	71706	71720	71712	71744
L0 51/9: 926/1	14725394	14	14908560	16	2	56210	56240	56224	56256
L0 51/9: 926/2	14785064	24	14968122	6	-18	59656	59546	59680	59552
L0 51/9: 927/0	14859298	30	15042310	26	-4	7234	7174	7264	7200
L0 51/9: 927/1	14868496	16	15051380	12	-4	9168	9044	9184	9056
L0 51/9: 927/2	14910298	6	15093436	4	-2	41786	42044	41792	42048
L0 51/9: 927/5	14971202	30	15154444	20	-10	25506	25612	25536	25632
L0 51/9: 927/6	15004250	6	15187526	26	20	33018	33062	33024	33088
L0 51/9: 927/7	15044570	6	15227872	0	-6	40314	40320	40320	40320
L0 51/9: 927/8	15060626	14	15243884	20	6	16050	16012	16064	16032
L0 51/9: 927/10	15122466	30	15305744	16	-14	29794	29808	29824	29824
L0 51/9: 927/11	15177146	6	15360548	28	22	54650	54788	54656	54816
L0 51/9: 927/12	15198754	30	15382122	22	-8	21602	21546	21632	21568
L0 51/9: 927/13	15230066	14	15413354	22	8	31282	31210	31296	31232
L0 51/9: 927/14	15266114	30	15449372	4	-26	36034	35996	36064	36000
L0 51/9: 927/15	15311790	18	15495020	20	2	45646	45644	45664	45664
L0 51/9: 952/0	15401134	18	15584486	26	8	89326	89446	89344	89472
L0 51/9: 952/1	15469334	10	15652634	6	-4	68182	68122	68192	68128
L0 51/9: 952/2	15571360	0	15754460	4	4	102016	101820	102016	101824
L0 51/9: 952/3	15647124	12	15830290	14	2	75764	75826	75776	75840
L0 51/9: 958/0	15674854	26	15857928	24	-2	27718	27624	27744	27648
L0 51/9: 958/1	15738542	18	15921796	28	10	63662	63844	63680	63872
L0 51/9: 958/2	15769592	8	15952902	26	18	31032	31078	31040	31104
L0 51/9: 958/3	15829620	12	16012984	8	-4	60020	60056	60032	60064
L0 51/9: 984/0	15907302	26	16090520	8	-18	77670	77528	77696	77536
L0 51/9: 984/1	16000900	28	16184002	30	2	93572	93474	93600	93504
L0 51/9: 984/2	16049718	10	16232614	26	16	48790	48582	48800	48608
L0 51/9: 984/3	16093764	28	16276438	10	-18	44036	43798	44064	43808
L0 51/9: 985/0	16170542	18	16353240	8	-10	76750	76792	76768	76800
L0 51/9: 985/1	16192730	6	16375466	22	16	22170	22218	22176	22240
L0 51/9: 985/2	16271474	14	16454142	2	-12	78738	78654	78752	78656
L0 51/9: 985/3	16288444	4	16471128	8	4	16956	16984	16960	16992
L0 51/9: 990/0	16479918	18	16508388	28	10	37358	37252	37376	37280
L0 51/9: 990/1	16517224	24	16545298	14	-10	37288	36882	37312	36896
L0 51/9: 990/2	16570820	28	16598908	4	-24	53572	53596	53600	53600
L0 51/9: 990/3	16614136	8	16642198	10	2	43288	43286	43296	43296
L0 51/9: 1019/0	16645384	24	16673360	16	-8	31240	31152	31264	31168
L0 51/9: 1019/1	16710062	18	16738044	4	-14	64654	64668	64672	64672
L0 51/9: 1019/2	16747958	10	16776030	2	-8	37878	37982	37888	37984
L0 51/9: 1019/3	16809994	22	16837806	18	-4	62026	61774	62048	61792
L0 51/9: 1020/0	16859334	26	16887002	6	-20	49318	49178	49344	49184
L0 51/9: 1020/1	16909460	12	16936616	24	12	50100	49608	50112	49632
L0 51/9: 1020/2	16961480	24	16988528	16	-8	52008	51888	52032	51904
L0 51/9: 1020/3	17052764	4	17079750	26	22	91260	91206	91264	91232
L0 51/9: 1021/0	17091298	30	17118304	0	-30	38530	38528	38560	38528
L0 51/9: 1021/1	17148596	12	17175490	30	18	57268	57186	57280	57216
L0 51/9: 1021/3	17265956	28	17292558	18	-10	52804	52494	52832	52512
L0 51/9: 1022/0	17341038	18	17367756	20	2	75054	75180	75072	75200
L0 51/9: 1022/1	17398836	12	17425302	10	-2	57780	57526	57792	57536
L0 51/9: 1022/2	17461460	12	17488002	30	18	62612	62690	62624	62720
L0 51/9: 1022/3	17518532	28	17545006	18	-10	57060	56974	57088	56992
L0 51/9: 1048/0	17584560	16	17610968	8	-8	66000	65944	66016	65952
L0 51/9: 1048/1	17598910	2	17625326	18	16	14334	14350	14336	14368
L0 51/9: 1048/2	17660166	26	17686676	12	-14	61254	61332	61280	61344
L0 51/9: 1048/3	17706666	22	17733138	14	-8	46474	46450	46496	46464
L0 51/9: 1051/0	17727564	20	17753922	30	10	20876	20770	20896	20800
L0 51/9: 1051/1	17791912	24	17818324	12	-12	64328	64372	64352	64384
L0 51/9: 1051/2	17815298	30	17841454	18	-12	23362	23118	23392	23136
L0 51/9: 1052/0	17933344	0	17959414	10	10	49824	49750	49824	49760
L0 51/9: 1052/1	17998980	28	18025134	18	-10	65636	65710	65664	65728
L0 51/9: 1052/3	18131538	14	18157604	28	14	75410	75332	75424	75360
L0 51/9: 1053/0	18189130	22	18215024	16	-6	57578	57392	57600	57408
L0 51/9: 1053/1	18215102	2	18240668	4	2	25950	25628	25952	25632
L0 51/9: 1053/2	18270406	26	18295586	30	4	55302	54914	55328	54944
L0 51/9: 1053/3	18306204	4	18331300	28	24	35772	35684	35776	35712
L0 51/9: 1081/0	18355662	18	18380772	28	10	49454	49444	49472	49472
L0 51/9: 1081/1	18384362	22	18409494	10	-12	28682	28694	28704	28704
L0 51/9: 1081/2	18410418	14	18435492	28	14	26034	25988	26048	26016
L0 51/9: 1081/3	18471078	26	18496228	28	2	60646	60708	60672	60736
L0 51/9: 1084/0	18533826	30	18558994	14	-16	62722	62738	62752	62752
L0 51/9: 1084/1	18614260	12	18639450	6	-6	80404	80442	80416	80448
L0 51/9: 1084/2	18652080	16	18677226	22	6	37808	37770	37824	37792
L0 51/9: 1084/3	18702980	28	18728014	18	-10	50884	50766	50912	50784
L0 51/9: 1085/0	18739916	20	18764706	30	10	36908	36674	36928	36704
L0 51/9: 1085/1	18799078	26	18823894	10	-16	59142	59158	59168	59168
L0 51/9: 1085/3	18916032	0	18940780	20	20	61216	61164	61216	61184
L0 51/9: 1113/0	18938784	0	18963580	4	4	22752	22780	22752	22784
L0 51/9: 1113/1	18995916	20	19020790	10	-10	57132	57206	57152	57216
L0 51/9: 1113/3	19144216	8	19169134	18	10	92728	92782	92736	92800
L0 51/9: 1114/0	19181150	2	19206070	10	8	36926	36918	36928	36928
L0 51/9: 1114/4	19263872	0	19288782	18	18	33888	33870	33888	33888
L0 51/9: 1114/6	19347824	16	19372712	24	8	34640	34600	34656	34624
L0 51/9: 1114/7	19367718	26	19392534	10	-16	19878	19798	19904	19808
L0 51/9: 1114/8	19408216	8	19433282	30	22	40472	40738	40480	40768
L0 51/9: 1114/9	19451004	4	19476104	24	20	42780	42792	42784	42816
L0 51/9: 1114/10	19482446	18	19507530	22	4	31438	31402	31456	31424
L0 51/9: 1114/11	19509392	16	19534440	24	8	26928	26888	26944	26912
L0 51/9: 1115/1	19843696	16	19868822	10	-6	107248	107222	107264	107232
L0 51/9: 1115/2	19944232	24	19969614	18	-6	100520	100782	100544	100800
L0 51/9: 1115/3	20068040	24	20093460	12	-12	123784	123828	123808	123840
L0 51/9: 1116/0	20128172	20	20153382	26	6	60108	59910	60128	59936
L0 51/9: 1116/1	20172546	30	20197670	26	-4	44354	44262	44384	44288
L0 51/9: 1116/2	20216228	28	20241248	0	-28	43652	43552	43680	43552
L0 51/9: 1116/3	20242710	10	20267680	0	-10	26454	26432	26464	26432
L0 51/9: 1117/0	20298030	18	20322916	28	10	55310	55236	55328	55264
L0 51/9: 1117/1	20343176	24	20367876	28	4	45128	44932	45152	44960
L0 51/9: 1117/2	20398286	18	20422878	2	-16	55086	54974	55104	54976
L0 51/9: 1117/3	20454900	12	20479364	28	16	56596	56484	56608	56512
L0 51/9: 1119/0	20487004	4	20511430	26	22	32092	32038	32096	32064
L0 51/9: 1119/2	20571164	4	20595422	2	-2	46076	46078	46080	46080
L0 51/9: 1119/3	20613294	18	20637140	12	-6	42126	41716	42144	41728
L0 51/9: 1146/1	20726528	0	20750382	18	18	63360	63374	63360	63392
L0 51/9: 1146/2	20767666	14	20791624	24	10	41138	41224	41152	41248
L0 51/9: 1147/0	20903408	16	20927346	14	-2	55376	55314	55392	55328
L0 51/9: 1147/1	20984482	30	21008512	0	-30	81058	81152	81088	81152
L0 51/9: 1147/2	21016662	10	21040676	28	18	32150	32164	32160	32192
L0 51/9: 1147/3	21060576	0	21084696	8	8	43904	43992	43904	44000
L0 51/9: 1150/0	21132712	24	21156762	6	-18	72136	72058	72160	72064
L0 51/9: 1150/1	21166384	16	21190440	24	8	33648	33672	33664	33696
L0 51/9: 1150/2	21188378	6	21212350	2	-4	21978	21886	21984	21888
L0 51/9: 1150/3	21215292	4	21239094	10	6	26908	26742	26912	26752
L0 51/9: 1179/0	21259230	2	21282950	26	24	43934	43846	43936	43872
L0 51/9: 1179/1	21296152	8	21319792	16	8	36920	36816	36928	36832
L0 51/9: 1179/2	21368146	14	21391416	8	-6	71986	71608	72000	71616
L0 51/9: 1180/0	21481992	24	21505044	12	-12	39272	39188	39296	39200
L0 51/9: 1180/1	21513740	20	21536648	24	4	31724	31592	31744	31616
L0 51/9: 1180/2	21606888	24	21629698	30	6	93128	93026	93152	93056
L0 51/9: 1180/3	21668760	8	21691492	28	20	61848	61764	61856	61792
L0 51/9: 1307/2	21964088	8	21827424	0	-8	75672	75552	75680	75552
L0 51/9: 1307/3	22032158	2	21895370	22	20	68062	67946	68064	67968
L0 51/9: 1432/0	22296600	8	22159844	28	20	54168	54180	54176	54208
L0 51/9: 1432/1	22342100	12	22205378	30	18	45492	45506	45504	45536
L0 51/9: 1432/2	22375526	26	22238880	0	-26	33414	33472	33440	33472
L0 51/9: 1432/3	22402760	24	22266176	0	-24	27208	27296	27232	27296
L0 51/10: 224	22421498	6	22284614	26	20	5082	4870	5088	4896
L0 51/10: 225	22426280	24	22289304	8	-16	4776	4664	4800	4672
L0 51/10: 226	22432508	4	22295472	16	12	6204	6160	6208	6176
L0 51/10: 227	22435584	0	22298574	18	18	3072	3086	3072	3104
L0 51/10: 236	22466206	2	22329228	20	18	1534	1548	1536	1568
L0 51/10: 256	22474698	22	22337530	6	-16	5514	5306	5536	5312
L0 51/10: 257	22483452	4	22346022	26	22	8732	8486	8736	8512
L0 51/10: 258	22490650	6	22353132	20	14	7194	7084	7200	7104
L0 51/10: 259	22499942	26	22362436	28	2	9286	9284	9312	9312
L0 51/10: 272	22535480	8	22397840	16	8	1304	1168	1312	1184
L0 51/10: 288	22541144	8	22403014	26	18	5656	5158	5664	5184
L0 51/10: 289	22549120	0	22410828	20	20	7968	7788	7968	7808
L0 51/10: 302	22598684	4	22460372	12	8	1628	1556	1632	1568
L0 51/10: 303	22600002	30	22461608	24	-6	1314	1224	1344	1248
L0 51/10: 304	22601518	18	22462866	14	-4	1486	1234	1504	1248
L0 51/10: 321	22610298	6	22471396	28	22	5498	5252	5504	5280
L0 51/10: 322	22616260	28	22477118	2	-26	5956	5694	5984	5696
L0 51/10: 328	22642826	22	22503310	18	-4	3466	3246	3488	3264
L0 51/10: 334	22656646	26	22516970	22	-4	1382	1226	1408	1248
L0 51/10: 335	22658664	24	22518848	0	-24	1992	1856	2016	1856
L0 51/10: 336	22661324	20	22521018	6	-14	2636	2170	2656	2176
L0 51/10: 355	22676970	22	22536692	12	-10	4554	4596	4576	4608
L0 51/10: 361	22704514	30	22563980	20	-10	5538	5292	5568	5312
L0 51/10: 384	22719480	8	22578720	0	-8	4472	4256	4480	4256
L0 51/10: 385	22722366	2	22581612	20	18	2878	2892	2880	2912
L0 51/10: 387	22730426	6	22589330	14	8	4826	4626	4832	4640
L0 51/10: 389	22738078	2	22597018	6	4	4574	4602	4576	4608
L0 51/10: 392	22749344	0	22608078	18	18	4512	4302	4512	4320
L0 51/10: 393	22753100	20	22611706	6	-14	3756	3610	3776	3616
L0 51/10: 416	22767118	18	22625692	4	-14	5166	5148	5184	5152
L0 51/10: 417	22770744	8	22629332	12	4	3608	3636	3616	3648
L0 51/10: 418	22773260	20	22631712	0	-20	2508	2368	2528	2368
L0 51/10: 424	22791576	8	22649434	6	-2	6328	5754	6336	5760
L0 51/10: 425	22795554	30	22652942	18	-12	3970	3502	4000	3520
L0 51/10: 448	22813254	26	22670586	6	-20	7398	7354	7424	7360
L0 51/10: 449	22820026	6	22677120	0	-6	6746	6528	6752	6528
L0 51/10: 480	22865478	26	22722622	2	-24	4870	4926	4896	4928
L0 51/10: 481	22877216	0	22734214	26	26	11712	11590	11712	11616
L0 51/10: 495	22921522	14	22778300	4	-10	1970	1724	1984	1728
L0 51/10: 513	22937748	12	22794098	14	2	8596	8370	8608	8384
L0 51/10: 514	22945396	12	22801746	14	2	7636	7634	7648	7648
L0 51/10: 520	22978118	26	22834484	12	-14	4038	4052	4064	4064
L0 51/10: 527	22993180	4	22849286	26	22	3164	2918	3168	2944
L0 51/10: 544	23005368	8	22861106	14	6	9592	9202	9600	9216
L0 51/10: 545	23012182	10	22867452	4	-6	6806	6332	6816	6336
L0 51/10: 547	23025410	30	22880092	4	-26	5538	5308	5568	5312
L0 51/10: 550	23046724	28	22901396	12	-16	10532	10548	10560	10560
L0 51/10: 576	23079880	24	22934442	22	-2	5704	5610	5728	5632
L0 51/10: 577	23090136	8	22944782	18	10	10232	10318	10240	10336
L0 51/10: 582	23129546	22	22984214	10	-12	11914	11926	11936	11936
L0 51/10: 592	23152886	10	23007280	16	6	1750	1488	1760	1504
L0 51/10: 608	23157012	12	23011464	24	12	4116	4168	4128	4192
L0 51/10: 611	23172404	12	23026714	6	-6	5940	5754	5952	5760
L0 51/10: 615	23197098	22	23051428	28	6	5866	5892	5888	5920
L0 51/10: 620	23204882	14	23059028	12	-2	1202	1012	1216	1024
L0 51/10: 640	23229998	18	23084092	4	-14	18990	18940	19008	18944
L0 51/10: 642	23242250	22	23096346	6	-16	5002	5018	5024	5024
L0 51/10: 643	23250534	26	23104372	12	-14	8262	8020	8288	8032
L0 51/10: 645	23261840	16	23115490	30	14	4336	4162	4352	4192
L0 51/10: 646	23264826	6	23118504	24	18	2970	2984	2976	3008
L0 51/10: 651	23280974	18	23134494	2	-16	1294	1118	1312	1120
L0 51/10: 652	23282102	10	23135426	30	20	1110	930	1120	960
L0 51/10: 672	23352714	22	23206488	8	-14	65322	65752	65344	65760
L0 51/10: 673	23366376	24	23219810	30	6	13640	13314	13664	13344
L0 51/10: 675	23377258	22	23230212	28	6	5450	5188	5472	5216
L0 51/10: 676	23381856	0	23234610	14	14	4576	4370	4576	4384
L0 51/10: 677	23386308	28	23239126	10	-18	4452	4502	4480	4512
L0 51/10: 682	23396686	18	23249500	4	-14	1870	1884	1888	1888
L0 51/10: 704	23441988	28	23293580	20	-8	36004	34796	36032	34816
L0 51/10: 705	23460850	14	23312750	18	4	18834	19150	18848	19168
L0 51/10: 706	23469540	28	23321250	30	2	8676	8482	8704	8512
L0 51/10: 708	23476818	14	23328454	26	12	2706	2630	2720	2656
L0 51/10: 709	23479912	24	23331370	22	-2	3080	2890	3104	2912
L0 51/10: 711	23484118	10	23335586	30	20	1846	1858	1856	1888
L0 51/10: 714	23490346	22	23341862	26	4	1578	1606	1600	1632
L0 51/10: 738	23558822	26	23410092	20	-6	16518	16588	16544	16608
L0 51/10: 739	23561168	16	23412462	18	2	2320	2350	2336	2368
L0 51/10: 740	23563402	22	23414484	12	-10	2218	2004	2240	2016
L0 51/10: 743	23570060	20	23420926	2	-18	1580	1374	1600	1376
L0 51/10: 745	23574164	12	23424998	26	14	2196	2182	2208	2208
L0 51/10: 746	23575780	28	23426518	10	-18	1604	1494	1632	1504
L0 51/10: 769	23618906	6	23469424	16	10	35258	35056	35264	35072
L0 51/10: 770	23641662	2	23492132	28	26	22750	22692	22752	22720
L0 51/10: 771	23647650	30	23497936	16	-14	5986	5776	6016	5792
L0 51/10: 772	23653580	20	23503128	8	-12	5900	5176	5920	5184
L0 51/10: 773	23659266	30	23508342	10	-20	5666	5206	5696	5216
L0 51/10: 774	23663956	12	23512566	10	-2	4660	4214	4672	4224
L0 51/10: 775	23665666	30	23514008	8	-22	1698	1432	1728	1440
L0 51/10: 801	23714536	24	23563054	18	-6	32264	32462	32288	32480
L0 51/10: 802	23741874	14	23590014	2	-12	27314	26942	27328	26944
L0 51/10: 803	23765910	10	23614072	8	-2	24022	24056	24032	24064
L0 51/10: 804	23771616	0	23619756	20	20	5696	5676	5696	5696
L0 51/10: 805	23777672	24	23625656	8	-16	6056	5880	6080	5888
L0 51/10: 806	23781976	8	23629730	30	22	4280	4066	4288	4096
L0 51/10: 833	23854620	4	23702550	10	6	52412	52566	52416	52576
L0 51/10: 834	23897166	18	23745132	20	2	42542	42572	42560	42592
L0 51/10: 835	23911726	18	23759724	20	2	14542	14572	14560	14592
L0 51/10: 836	23920680	24	23768724	12	-12	8936	8980	8960	8992
L0 51/10: 837	23926370	30	23774444	20	-10	5666	5708	5696	5728
L0 51/10: 842	23941152	0	23789246	2	2	3104	3134	3104	3136
L0 51/10: 843	23942850	30	23791086	18	-12	1698	1838	1728	1856
L0 51/10: 844	23944782	18	23792986	6	-12	1902	1882	1920	1888
L0 51/10: 845	23947428	28	23795598	18	-10	2628	2606	2656	2624
L0 51/10: 846	23949264	16	23797236	12	-4	1808	1620	1824	1632
L0 51/10: 847	23950990	18	23798686	2	-16	1710	1438	1728	1440
L0 51/10: 848	23953230	18	23800752	16	-2	2222	2064	2240	2080
L0 51/10: 864	24065366	10	23912604	4	-6	112118	111836	112128	111840
L0 51/10: 865	24100724	12	23947510	10	-2	35348	34902	35360	34912
L0 51/10: 866	24115566	18	23962396	4	-14	14830	14876	14848	14880
L0 51/10: 867	24128084	12	23974926	18	6	12500	12526	12512	12544
L0 51/10: 868	24134848	0	23981436	4	4	6752	6492	6752	6496
L0 51/10: 869	24141924	28	23988302	18	-10	7076	6862	7104	6880
L0 51/10: 870	24147630	18	23993756	4	-14	5678	5436	5696	5440
L0 51/10: 875	24166210	30	24012282	6	-24	2018	1946	2048	1952
L0 51/10: 878	24172566	10	24018704	16	6	1910	1808	1920	1824
L0 51/10: 897	24195188	12	24041348	28	16	19892	19908	19904	19936
L0 51/10: 898	24200212	12	24046416	16	4	5012	5040	5024	5056
L0 51/10: 900	24215320	8	24061558	10	2	6904	6934	6912	6944
L0 51/10: 901	24221272	8	24067626	22	14	5944	6058	5952	6080
L0 51/10: 902	24227384	8	24073766	26	18	6104	6118	6112	6144
L0 51/10: 905	24239792	16	24086246	26	10	6704	6758	6720	6784
L0 51/10: 929	24311458	30	24157178	6	-24	10722	10298	10752	10304
L0 51/10: 931	24325298	14	24171024	16	2	9298	9328	9312	9344
L0 51/10: 932	24336442	6	24182248	24	18	11130	11208	11136	11232
L0 51/10: 936	24360690	14	24206410	22	8	6066	5962	6080	5984
L0 51/10: 937	24365710	18	24211212	20	2	5006	4780	5024	4800
L0 51/10: 960	24402290	14	24247998	2	-12	24242	24446	24256	24448
L0 51/10: 961	24419126	10	24265178	6	-4	16822	17178	16832	17184
L0 51/10: 962	24429174	10	24274596	28	18	10038	9412	10048	9440
L0 51/10: 963	24461084	4	24306292	12	8	31900	31668	31904	31680
L0 51/10: 964	24474040	8	24318772	12	4	12952	12468	12960	12480
L0 51/10: 992	24531854	18	24376272	16	-2	29678	29584	29696	29600
L0 51/10: 993	24576424	24	24420962	30	6	44552	44674	44576	44704
L0 51/10: 994	24602284	20	24446874	6	-14	25836	25882	25856	25888
L0 51/10: 995	24635354	6	24480724	12	6	33050	33844	33056	33856
L0 51/10: 996	24643854	18	24489270	10	-8	8494	8534	8512	8544
L0 51/10: 997	24647830	10	24493106	14	4	3958	3826	3968	3840
L0 51/10: 999	24656306	14	24501544	24	10	5010	5064	5024	5088
L0 51/10: 1025	24806926	18	24652734	2	-16	129998	130558	130016	130560
L0 51/10: 1026	24833762	30	24679230	2	-28	26818	26494	26848	26496
L0 51/10: 1027	24846870	10	24692178	14	4	13078	12946	13088	12960
L0 51/10: 1056	24980536	8	24825658	6	-2	78872	78778	78880	78784
L0 51/10: 1059	25032304	16	24877514	22	6	16848	16906	16864	16928
L0 51/10: 1060	25047512	8	24892670	2	-6	15192	15134	15200	15136
L0 51/10: 1061	25055330	30	24900544	0	-30	7810	7872	7840	7872
L0 51/10: 1065	25074916	28	24920032	0	-28	5764	5696	5792	5696
L0 51/10: 1069	25088504	8	24933608	24	16	2232	2248	2240	2272
L0 51/10: 1088	25218760	24	25064002	30	6	124040	124162	124064	124192
L0 51/10: 1089	25258702	18	25103690	22	4	39918	39658	39936	39680
L0 51/10: 1090	25286492	4	25129716	12	8	27772	26004	27776	26016
L0 51/10: 1091	25301844	12	25144384	0	-12	15348	14656	15360	14656
L0 51/10: 1092	25316184	8	25158262	10	2	14328	13878	14336	13888
L0 51/10: 1093	25338706	14	25180702	2	-12	22514	22430	22528	22432
L0 51/10: 1097	25359124	12	25200604	4	-8	7668	7164	7680	7168
L0 51/10: 1099	25375508	12	25216996	28	16	8724	8740	8736	8768
L0 51/10: 1100	25378428	4	25219978	22	18	2908	2954	2912	2976
L0 51/10: 1102	25384222	2	25225820	4	2	2526	2556	2528	2560
L0 51/10: 1103	25387976	24	25229116	4	-20	3752	3292	3776	3296
L0 51/10: 1104	25393028	28	25233918	2	-26	5028	4798	5056	4800
L0 51/10: 1120	25449634	30	25290516	12	-18	56578	56596	56608	56608
L0 51/10: 1121	25487512	8	25328064	0	-8	37848	37536	37856	37536
L0 51/10: 1122	25536846	18	25376284	4	-14	49326	48220	49344	48224
L0 51/10: 1123	25559542	10	25398236	4	-6	22678	21948	22688	21952
L0 51/10: 1124	25577176	8	25415834	6	-2	17624	17594	17632	17600
L0 51/10: 1129	25611440	16	25449984	0	-16	6288	6176	6304	6176
L0 51/10: 1130	25614900	12	25453216	0	-12	3444	3232	3456	3232
L0 51/10: 1131	25621168	16	25458986	22	6	6256	5770	6272	5792
L0 51/10: 1132	25626098	14	25463706	6	-8	4914	4698	4928	4704
L0 51/10: 1133	25629588	12	25466930	14	2	3476	3218	3488	3232
L0 51/10: 1135	25633590	10	25470786	30	20	2166	2018	2176	2048
L0 51/10: 1136	25638596	28	25475826	14	-14	4996	5010	5024	5024
L0 51/10: 1152	25704128	0	25540790	10	10	65504	64950	65504	64960
L0 51/10: 1153	25757776	16	25593830	26	10	53648	53030	53664	53056
L0 51/10: 1154	25798606	18	25634282	22	4	40814	40426	40832	40448
L0 51/10: 1155	25832538	6	25668074	22	16	33914	33770	33920	33792
L0 51/10: 1156	25852358	26	25687436	20	-6	19814	19340	19840	19360
L0 51/10: 1158	25937206	10	25772390	26	16	37014	37126	37024	37152
L0 51/10: 1162	25960004	28	25795266	30	2	3204	3266	3232	3296
L0 51/10: 1186	26010102	10	25845022	2	-8	31830	31486	31840	31488
L0 51/10: 1187	26027506	14	25861780	12	-2	17394	16756	17408	16768
L0 51/10: 1189	26071014	26	25904810	22	-4	24870	24682	24896	24704
L0 51/10: 1190	26095420	4	25929282	30	26	24380	24450	24384	24480
L0 51/10: 1191	26111896	8	25945842	14	6	16472	16530	16480	16544
L0 51/10: 1192	26120890	6	25954858	22	16	8986	9002	8992	9024
L0 51/10: 1200	26158504	24	25992578	30	6	2888	2978	2912	3008
L0 51/10: 1216	26236092	4	26070162	14	10	77564	77554	77568	77568
L0 51/10: 1218	26256664	8	26090964	12	4	20568	20788	20576	20800
L0 51/10: 1219	26264792	8	26098930	14	6	8120	7954	8128	7968
L0 51/10: 1220	26277782	10	26111720	24	14	12982	12776	12992	12800
L0 51/10: 1223	26322142	2	26156082	14	12	13662	13650	13664	13664
L0 51/10: 1225	26340130	30	26174096	16	-14	4770	4784	4800	4800
L0 51/10: 1248	26381112	8	26214752	0	-8	26520	26176	26528	26176
L0 51/10: 1249	26403808	0	26237500	4	4	22688	22748	22688	22752
L0 51/10: 1250	26424644	28	26258742	10	-18	20836	21238	20864	21248
L0 51/10: 1251	26434954	22	26268674	30	8	10282	9922	10304	9952
L0 51/10: 1252	26442100	12	26275574	10	-2	7124	6870	7136	6880
L0 51/10: 1253	26452082	14	26285292	20	6	9970	9708	9984	9728
L0 51/10: 1254	26459970	30	26293052	4	-26	7874	7740	7904	7744
L0 51/10: 1256	26478572	20	26311686	26	6	9292	9350	9312	9376
L0 51/10: 1257	26482806	10	26315938	30	20	4214	4226	4224	4256
L0 51/10: 1258	26487570	14	26320834	30	16	4754	4866	4768	4896
L0 51/10: 1259	26489990	26	26323284	12	-14	2406	2420	2432	2432
L0 51/10: 1260	26491548	4	26324902	26	22	1532	1606	1536	1632
L0 51/10: 1280	26521750	10	26353788	4	-6	27894	26556	27904	26560
L0 51/10: 1281	26539650	30	26371248	16	-14	17890	17456	17920	17472
L0 51/10: 1282	26562362	6	26393962	22	16	22682	22698	22688	22720
L0 51/10: 1283	26572856	8	26404262	26	18	10488	10278	10496	10304
L0 51/10: 1284	26581020	4	26412488	24	20	8156	8200	8160	8224
L0 51/10: 1285	26586084	28	26417336	8	-20	5060	4824	5088	4832
L0 51/10: 1287	26591964	4	26423224	8	4	2940	2968	2944	2976
L0 51/10: 1288	26595858	14	26426982	26	12	3890	3750	3904	3776
L0 51/10: 1289	26598964	12	26429836	20	8	3092	2828	3104	2848
L0 51/10: 1290	26604282	6	26434876	4	-2	5306	5020	5312	5024
L0 51/10: 1291	26607942	26	26438290	14	-12	3654	3410	3680	3424
L0 51/10: 1292	26609664	0	26440028	4	4	1696	1724	1696	1728
L0 51/10: 1293	26611932	4	26442168	8	4	2268	2136	2272	2144
L0 51/10: 1294	26613574	26	26443634	14	-12	1638	1458	1664	1472
L0 51/10: 1295	26615288	8	26445124	28	20	1688	1476	1696	1504
L0 51/10: 1296	26616124	4	26446008	8	4	828	856	832	864
L0 51/10: 1312	26647392	0	26476114	14	14	31264	30098	31264	30112
L0 51/10: 1313	26669980	4	26498500	28	24	22588	22372	22592	22400
L0 51/10: 1314	26687472	16	26515616	0	-16	17488	17088	17504	17088
L0 51/10: 1315	26693560	8	26521458	14	6	6072	5842	6080	5856
L0 51/10: 1317	26704662	10	26532308	12	2	6934	6676	6944	6688
L0 51/10: 1322	26730714	6	26557650	14	8	5754	5042	5760	5056
L0 51/10: 1324	26739632	16	26564918	10	-6	2256	1782	2272	1792
L0 51/10: 1325	26741342	2	26566360	8	6	1694	1432	1696	1440
L0 51/10: 1326	26742686	2	26567446	10	8	1342	1078	1344	1088
L0 51/10: 1344	26773612	20	26597680	16	-4	27884	27184	27904	27200
L0 51/10: 1345	26789378	30	26612818	14	-16	15746	15122	15776	15136
L0 51/10: 1346	26804682	22	26627524	28	6	15274	14692	15296	14720
L0 51/10: 1353	26838216	24	26661182	2	-22	2472	2590	2496	2592
L0 51/10: 1354	26841176	8	26664256	0	-8	2936	3072	2944	3072
L0 51/10: 1355	26844708	28	26667288	8	-20	3524	3032	3552	3040
L0 51/10: 1356	26848568	8	26670466	30	22	3832	3170	3840	3200
L0 51/10: 1357	26851548	4	26673294	18	14	2972	2798	2976	2816
L0 51/10: 1358	26854482	14	26676034	30	16	2930	2722	2944	2752
L0 51/10: 1376	26910014	2	26731228	4	2	52318	51964	52320	51968
L0 51/10: 1377	26929502	2	26750298	6	4	19486	19066	19488	19072
L0 51/10: 1378	26950300	4	26770766	18	14	20796	20462	20800	20480
L0 51/10: 1379	26956328	24	26776898	30	6	6024	6114	6048	6144
L0 51/10: 1382	26972346	6	26792726	10	4	5626	5590	5632	5600
L0 51/10: 1383	26980828	4	26801080	8	4	8476	8344	8480	8352
L0 51/10: 1384	26984050	14	26804320	0	-14	3218	3232	3232	3232
L0 51/10: 1386	26989440	0	26809316	28	28	2560	2180	2560	2208
L0 51/10: 1388	27000080	16	26819224	8	-8	7504	7256	7520	7264
L0 51/10: 1389	27003846	26	26822878	2	-24	3750	3646	3776	3648
L0 51/10: 1392	27012486	26	26831232	0	-26	2694	2432	2720	2432
L0 51/10: 1408	27072788	12	26891008	0	-12	60276	59776	60288	59776
L0 51/10: 1409	27083328	0	26900898	30	30	10528	9890	10528	9920
L0 51/10: 1410	27109044	12	26925550	18	6	25716	24622	25728	24640
L0 51/10: 1411	27137936	16	26954186	22	6	28880	28618	28896	28640
L0 51/10: 1412	27153392	16	26969458	14	-2	15440	15250	15456	15264
L0 51/10: 1414	27164066	30	26980146	14	-16	4642	4658	4672	4672
L0 51/10: 1423	27187348	12	27003322	6	-6	2388	2298	2400	2304
L0 51/10: 1424	27189954	30	27005686	10	-20	2594	2358	2624	2368
L0 51/10: 1440	27194082	30	27009838	18	-12	4098	4142	4128	4160
L0 51/10: 1441	27200698	6	27016606	2	-4	6586	6750	6592	6752
L0 51/10: 1442	27216100	28	27031936	0	-28	15396	15328	15424	15328
L0 51/10: 1449	27263762	14	27079374	18	4	1842	1646	1856	1664
L0 51/10: 1450	27265228	20	27080632	8	-12	1452	1240	1472	1248
L0 51/10: 1456	27279974	26	27095260	4	-22	6086	5980	6112	5984
L0 51/10: 1472	27282650	6	27098008	8	2	2650	2744	2656	2752
L0 51/10: 1473	27292840	24	27108382	2	-22	10184	10366	10208	10368
L0 51/10: 1474	27305154	30	27120638	2	-28	12290	12254	12320	12256
L0 51/10: 1475	27318532	28	27133738	22	-6	13348	13098	13376	13120
L0 51/10: 1476	27326174	2	27141116	4	2	7614	7356	7616	7360
L0 51/10: 1478	27334988	20	27149958	26	6	2700	2726	2720	2752
L0 51/10: 1481	27340260	28	27155094	10	-18	2724	2582	2752	2592
L0 51/10: 1482	27342106	6	27156684	20	14	1818	1580	1824	1600
L0 51/10: 1484	27344646	26	27159252	12	-14	1190	1204	1216	1216
L0 51/10: 1504	27360186	6	27174530	30	24	8954	8930	8960	8960
L0 51/10: 1506	27381346	30	27195754	22	-8	5666	5770	5696	5792
L0 51/10: 1507	27389076	12	27203032	8	-4	7700	7256	7712	7264
L0 51/10: 1508	27396536	8	27210404	28	20	7448	7364	7456	7392
L0 51/10: 1509	27400262	26	27214240	0	-26	3718	3808	3744	3808
L0 51/10: 1510	27402254	18	27216236	20	2	1966	1996	1984	2016
L0 51/10: 1511	27404026	6	27218080	0	-6	1754	1824	1760	1824
L0 51/10: 1512	27406028	20	27220168	24	4	1996	2088	2016	2112
L0 51/10: 1513	27407674	6	27221834	22	16	1626	1642	1632	1664
L0 51/10: 1518	27413874	14	27228094	2	-12	2290	2334	2304	2336
L0 51/10: 1519	27414876	4	27228840	24	20	988	744	992	768
L0 51/10: 1520	27417454	18	27231192	8	-10	2574	2328	2592	2336
L0 51/10: 1536	27428512	0	27242278	26	26	11040	11078	11040	11104
L0 51/10: 1537	27448598	10	27262270	2	-8	20086	19966	20096	19968
L0 51/10: 1538	27454102	10	27267838	2	-8	5494	5566	5504	5568
L0 51/10: 1539	27457456	16	27271164	4	-12	3344	3324	3360	3328
L0 51/10: 1541	27465666	30	27278424	8	-22	5410	4664	5440	4672
L0 51/10: 1542	27471480	8	27283324	4	-4	5784	4892	5792	4896
L0 51/10: 1549	27480934	26	27292818	14	-12	1446	1490	1472	1504
L0 51/10: 1551	27483080	24	27294736	16	-8	1512	1296	1536	1312
L0 51/10: 1568	27486790	26	27298452	12	-14	2214	2228	2240	2240
L0 51/10: 1571	27501524	12	27313084	4	-8	3028	2940	3040	2944
L0 51/10: 1572	27505646	18	27316998	26	8	4110	3910	4128	3936
L0 51/10: 1573	27510124	20	27320904	24	4	4460	3880	4480	3904
L0 51/10: 1574	27515840	0	27325226	22	22	5696	4298	5696	4320
L0 51/10: 1582	27524790	10	27333984	0	-10	1302	1088	1312	1088
L0 51/10: 1583	27526488	8	27335332	28	20	1688	1348	1696	1376
L0 51/10: 1584	27527246	18	27336088	8	-10	750	728	768	736
L0 51/10: 1605	27542614	10	27351204	28	18	3510	3268	3520	3296
L0 51/10: 1606	27548554	22	27356410	6	-16	5930	5178	5952	5184
L0 51/10: 1607	27552258	30	27360142	18	-12	3682	3726	3712	3744
L0 51/10: 1608	27554040	8	27361928	24	16	1752	1768	1760	1792
L0 51/10: 1613	27559048	24	27366998	10	-14	1800	1814	1824	1824
L0 51/10: 1614	27561548	20	27369348	28	8	2476	2340	2496	2368
L0 51/10: 1615	27563230	2	27370672	16	14	1662	1296	1664	1312
L0 51/10: 1632	27566280	24	27373050	6	-18	2056	1370	2080	1376
L0 51/10: 1633	27567656	24	27374162	14	-10	1352	1106	1376	1120
L0 51/10: 1634	27570018	30	27376238	18	-12	2338	2062	2368	2080
L0 51/10: 1635	27573108	12	27379040	0	-12	3060	2784	3072	2784
L0 51/10: 1636	27574130	14	27379786	22	8	1010	746	1024	768
L0 51/10: 1639	27586104	8	27390866	14	6	4632	4178	4640	4192
L0 51/10: 1644	27593454	18	27398008	8	-10	1422	1432	1440	1440
L0 51/10: 1647	27599860	12	27404152	8	-4	1876	1624	1888	1632
L0 51/10: 1648	27602542	18	27406426	6	-12	2670	2266	2688	2272
L0 51/10: 1664	27604294	26	27408034	30	4	1734	1602	1760	1632
L0 51/10: 1666	27611710	2	27415468	20	18	3838	3852	3840	3872
L0 51/10: 1667	27622098	14	27425890	30	16	10386	10402	10400	10432
L0 51/10: 1668	27628794	6	27432462	18	12	6682	6542	6688	6560
L0 51/10: 1672	27643432	24	27447002	6	-18	5928	5786	5952	5792
L0 51/10: 1673	27646534	26	27449884	4	-22	3078	2876	3104	2880
L0 51/10: 1674	27648464	16	27451640	8	-8	1904	1752	1920	1760
L0 51/10: 1675	27652136	24	27454832	16	-8	3656	3184	3680	3200
L0 51/10: 1676	27655060	12	27457504	0	-12	2900	2656	2912	2656
L0 51/10: 1677	27657590	10	27459882	22	12	2518	2378	2528	2400
L0 51/10: 1679	27665402	6	27467826	14	8	4474	4594	4480	4608
L0 51/10: 1680	27669668	28	27471768	8	-20	4260	3928	4288	3936
L0 51/10: 1698	27682772	12	27484914	14	2	6356	6418	6368	6432
L0 51/10: 1700	27699362	30	27501002	22	-8	13026	12522	13056	12544
L0 51/10: 1701	27704210	14	27505856	0	-14	4818	4832	4832	4832
L0 51/10: 1706	27718752	0	27520432	16	16	2080	2128	2080	2144
L0 51/10: 1710	27737170	14	27538402	30	16	14962	14498	14976	14528
L0 51/10: 1711	27751682	30	27552594	14	-16	14498	14162	14528	14176
L0 51/10: 1712	27754134	10	27554780	4	-6	2422	2172	2432	2176
L0 51/10: 1728	27758254	18	27558662	26	8	4110	3878	4128	3904
L0 51/10: 1729	27761616	16	27561804	20	4	3344	3116	3360	3136
L0 51/10: 1730	27765178	6	27565184	0	-6	3546	3360	3552	3360
L0 51/10: 1731	27773292	20	27573246	2	-18	8108	8062	8128	8064
L0 51/10: 1732	27794026	22	27593780	12	-10	20714	20532	20736	20544
L0 51/10: 1741	27829662	2	27629044	12	10	8510	8276	8512	8288
L0 51/10: 1742	27834768	16	27633642	22	6	5104	4586	5120	4608
L0 51/10: 1744	27836992	0	27635628	20	20	1632	1388	1632	1408
L0 51/10: 1762	27849592	8	27648200	24	16	2968	2920	2976	2944
L0 51/10: 1763	27866404	28	27664886	10	-18	16804	16662	16832	16672
L0 51/10: 1764	27879634	14	27678282	22	8	13202	13386	13216	13408
L0 51/10: 1765	27886104	8	27684506	6	-2	6456	6202	6464	6208
L0 51/10: 1770	27900758	10	27698918	26	16	2006	1766	2016	1792
L0 51/10: 1771	27901982	2	27700114	14	12	1214	1170	1216	1184
L0 51/10: 1772	27904720	16	27702892	20	4	2736	2764	2752	2784
L0 51/10: 1774	27907888	16	27706026	22	6	1392	1354	1408	1376
L0 51/10: 768/0	27935324	4	27713766	26	22	25468	5766	25472	5792
L0 51/10: 768/1	27952606	2	27722450	14	12	17278	8658	17280	8672
L0 51/10: 768/2	28083660	20	27727420	4	-16	131052	4956	131072	4960
L0 51/10: 768/3	28160184	8	27730602	22	14	76504	3178	76512	3200
L0 51/10: 800/0	28169672	24	28007426	30	6	9480	9474	9504	9504
L0 51/10: 800/2	28257184	0	28095774	2	2	30912	31038	30912	31040
L0 51/10: 800/3	28268156	4	28106618	6	2	10972	10842	10976	10848
L0 51/10: 800/5	28360164	28	28199314	14	-14	83044	83730	83072	83744
L0 51/10: 800/6	28398010	6	28237310	2	-4	37818	37982	37824	37984
L0 51/10: 800/7	28425992	24	28265604	28	4	27976	28292	28000	28320
L0 51/10: 800/8	28440434	14	28280066	30	16	14418	14434	14432	14464
L0 51/10: 800/9	28489936	16	28329938	14	-2	49488	49842	49504	49856
L0 51/10: 800/10	28525868	20	28365944	8	-12	35916	35992	35936	36000
L0 51/10: 800/12	28545552	16	28385620	12	-4	12880	12884	12896	12896
L0 51/10: 800/14	28627338	22	28467600	16	-6	27594	27536	27616	27552
L0 51/10: 800/15	28635598	18	28475914	22	4	8238	8298	8256	8320
L0 51/10: 832/0	28708072	24	28548578	30	6	72456	72642	72480	72672
L0 51/10: 832/1	28765696	0	28606036	12	12	57600	57428	57600	57440
L0 51/10: 832/2	28818680	8	28659048	24	16	52984	53000	52992	53024
L0 51/10: 896/0	28943624	24	28783974	26	2	101320	101286	101344	101312
L0 51/10: 896/1	28956624	16	28796814	18	2	12976	12814	12992	12832
L0 51/10: 896/2	29022376	24	28862396	4	-20	65736	65564	65760	65568
L0 51/10: 896/3	29037464	8	28877456	16	8	15064	15056	15072	15072
L0 51/10: 1024/0	29086766	18	28926660	28	10	49294	49188	49312	49216
L0 51/10: 1024/1	29121528	8	28961364	12	4	34744	34676	34752	34688
L0 51/10: 1024/2	29193898	22	29034012	4	-18	72362	72636	72384	72640
L0 51/10: 1024/3	29225640	24	29065830	26	2	31720	31814	31744	31840
L0 51/10: 1057/0	29256558	18	29096908	20	2	30894	31052	30912	31072
L0 51/10: 1057/1	29338452	12	29178794	22	10	81876	81866	81888	81888
L0 51/10: 1057/2	29358708	12	29199158	10	-2	20244	20342	20256	20352
L0 51/10: 1057/3	29382390	10	29222712	8	-2	23670	23544	23680	23552
L0 51/10: 1184/0	29458800	16	29298878	2	-14	76400	76158	76416	76160
L0 51/10: 1184/1	29525120	0	29364624	16	16	66304	65744	66304	65760
L0 51/10: 1184/2	29580546	30	29420020	12	-18	55426	55380	55456	55392
L0 51/10: 1184/3	29624038	26	29463194	6	-20	43462	43162	43488	43168
L0 51/10: 1185/0	29683808	0	29522630	26	26	59744	59430	59744	59456
L0 51/10: 1185/1	29716362	22	29555326	2	-20	32554	32670	32576	32672
L0 51/10: 1185/2	29785340	4	29624132	28	24	68956	68804	68960	68832
L0 51/10: 1185/3	29830676	12	29669574	26	14	45332	45414	45344	45440
L0 51/10: 1217/0	29900884	12	29739974	26	14	70196	70374	70208	70400
L0 51/10: 1217/1	29936076	20	29775146	22	2	35180	35146	35200	35168
L0 51/10: 1217/2	29976610	30	29815564	20	-10	40514	40396	40544	40416
L0 51/10: 1217/3	30011582	2	29850610	14	12	34942	35026	34944	35040
L2 51/0: 557	30041512	24	29880476	4	-20	17128	16988	17152	16992
L2 51/0: 621	30077880	8	29916838	26	18	792	806	800	832
L2 51/0: 653	30111470	18	29950474	22	4	11406	11434	11424	11456
L2 51/0: 685	30144022	10	29983046	26	16	822	838	832	864
L2 51/0: 718	30225858	30	30065118	2	-28	47298	47518	47328	47520
L2 51/0: 748	30304970	22	30144278	10	-12	2378	2454	2400	2464
L2 51/0: 749	30309730	30	30148892	4	-26	4738	4604	4768	4608
L2 51/0: 750	30380734	2	30219968	0	-2	70974	71072	70976	71072
L2 51/0: 845	30931136	0	30770244	28	28	11808	11684	11808	11712
L2 51/0: 877	31041826	30	30880792	8	-22	14114	13944	14144	13952
L2 51/0: 940	31106954	22	30945958	26	4	1322	1382	1344	1408
