level	ix	iy	code	p0	p1	p2	p3	p4	p5	p6	shape	vert
0	1084	672	288	0	0	0	0	0	0	0	-1	-1
0	1085	672	288	0	0	0	0	0	0	0	-1	-1
0	1086	672	288	0	0	0	0	0	0	0	-1	-1
0	1087	672	288	0	0	0	0	0	0	0	-1	-1
0	1087	673	288	0	0	0	0	0	0	0	-1	-1
0	1087	674	288	0	0	0	0	0	0	0	-1	-1
0	1087	675	288	0	0	0	0	0	0	0	-1	-1
0	1087	676	288	0	0	0	0	0	0	0	-1	-1
0	1087	677	288	0	0	0	0	0	0	0	-1	-1
0	1087	678	288	0	0	0	0	0	0	0	-1	-1
0	1087	679	288	0	0	0	0	0	0	0	-1	-1
0	1087	680	288	0	0	0	0	0	0	0	-1	-1
0	1087	681	288	0	0	0	0	0	0	0	-1	-1
0	1087	682	288	0	0	0	0	0	0	0	-1	-1
0	1087	683	288	0	0	0	0	0	0	0	-1	-1
0	1087	684	288	0	0	0	0	0	0	0	-1	-1
0	1087	685	288	0	0	0	0	0	0	0	-1	-1
0	1087	686	288	0	0	0	0	0	0	0	-1	-1
0	1087	687	288	0	0	0	0	0	0	0	-1	-1
0	1087	688	288	0	0	0	0	0	0	0	-1	-1
0	1087	689	288	0	0	0	0	0	0	0	-1	-1
0	1087	690	288	0	0	0	0	0	0	0	-1	-1
0	1087	691	288	0	0	0	0	0	0	0	-1	-1
0	1087	692	288	0	0	0	0	0	0	0	-1	-1
0	1087	693	288	0	0	0	0	0	0	0	-1	-1
0	1087	694	288	0	0	0	0	0	0	0	-1	-1
0	1087	695	288	0	0	0	0	0	0	0	-1	-1
0	1087	696	288	0	0	0	0	0	0	0	-1	-1
0	1087	697	288	0	0	0	0	0	0	0	-1	-1
0	1087	698	288	0	0	0	0	0	0	0	-1	-1
0	1087	699	288	0	0	0	0	0	0	0	-1	-1
0	1087	700	288	0	0	0	0	0	0	0	-1	-1
0	1087	701	288	0	0	0	0	0	0	0	-1	-1
0	1087	702	288	0	0	0	0	0	0	0	-1	-1
0	1087	703	288	0	0	0	0	0	0	0	-1	-1
0	1087	704	288	0	0	0	0	0	0	0	-1	-1
0	1087	705	288	0	0	0	0	0	0	0	-1	-1
0	1087	706	288	0	0	0	0	0	0	0	-1	-1
0	1087	707	288	0	0	0	0	0	0	0	-1	-1
0	1087	708	288	0	0	0	0	0	0	0	-1	-1
0	1087	709	288	0	0	0	0	0	0	0	-1	-1
0	1087	710	288	0	0	0	0	0	0	0	-1	-1
0	1087	711	288	0	0	0	0	0	0	0	-1	-1
0	1087	712	288	0	0	0	0	0	0	0	-1	-1
0	1087	713	288	0	0	0	0	0	0	0	-1	-1
0	1087	714	288	0	0	0	0	0	0	0	-1	-1
0	1087	715	288	0	0	0	0	0	0	0	-1	-1
0	1087	716	288	0	0	0	0	0	0	0	-1	-1
0	1087	717	288	0	0	0	0	0	0	0	-1	-1
0	1087	718	288	0	0	0	0	0	0	0	-1	-1
0	1529	576	288	0	0	0	0	0	0	0	-1	-1
0	1530	576	288	0	0	0	0	0	0	0	-1	-1
