level	ix	iy	shape	vert	code	max_radius	n_spool	n_clips	n_ib	n_ib_uncovered
0	1826	546	0	124	288	16	1	0	64	64
0	1826	546	0	125	288	16	1	0	64	64
0	1826	546	0	126	288	16	1	0	64	64
0	1826	546	0	127	288	16	1	0	64	64
0	1826	546	0	128	288	16	1	0	64	64
0	1826	546	0	129	288	16	1	0	64	64
0	1826	546	0	130	288	16	1	0	64	64
0	1826	546	0	131	288	16	1	0	64	64
0	1826	546	0	132	288	16	1	0	64	64
0	1826	546	0	133	288	16	1	0	64	64
0	1826	546	0	134	288	16	1	0	64	64
0	1826	546	0	135	288	16	1	0	64	64
0	1826	546	0	136	288	16	1	0	64	64
0	1826	546	0	137	288	16	1	0	64	64
0	1826	546	0	138	288	16	1	0	64	64
0	1826	546	0	139	288	16	1	0	64	64
0	1826	546	0	140	288	16	1	0	64	64
0	1826	546	0	141	288	16	1	0	64	64
0	1826	546	0	142	288	16	1	0	64	64
0	1826	546	0	143	288	16	1	0	64	64
0	1826	546	0	144	288	16	1	0	64	64
0	1826	546	0	145	288	16	1	0	64	64
0	1826	546	0	146	288	16	1	0	64	64
0	1826	546	0	147	288	16	1	0	64	64
0	1826	546	0	148	288	16	1	0	64	64
0	1826	546	0	149	288	16	1	0	64	64
0	1826	546	0	150	288	16	1	0	64	64
0	1826	546	0	151	288	16	1	0	64	64
0	1826	546	0	152	288	16	1	0	64	64
0	1826	546	0	153	288	16	1	0	64	64
0	1826	546	0	154	288	16	1	0	64	64
0	1826	546	0	155	288	16	1	0	64	64
0	1613	596	7	38	288	16	5	5	32	32
0	1613	596	7	39	288	16	5	5	32	32
0	1613	596	7	40	288	16	5	5	32	32
0	1613	596	7	41	288	16	5	5	32	32
0	1613	596	7	42	288	16	5	5	32	32
0	1613	596	7	43	288	16	5	5	32	32
0	1613	596	7	44	288	16	5	5	32	32
0	1613	596	7	45	288	16	5	5	32	32
0	1613	596	7	46	288	16	5	5	32	32
0	1613	596	7	47	288	16	5	5	32	32
0	1613	596	7	48	288	16	5	5	32	32
0	1613	596	7	49	288	16	5	5	32	32
0	1613	596	7	50	288	16	5	5	32	32
0	1613	596	7	51	288	16	5	5	32	32
0	1613	596	7	52	288	16	5	5	32	32
0	1613	596	7	53	288	16	5	5	32	32
0	1613	596	7	54	288	16	5	5	32	32
0	1613	596	7	55	288	16	5	5	32	32
0	1613	596	7	56	288	16	5	5	32	32
0	1613	596	7	57	288	16	5	5	32	32
0	1613	596	7	58	288	16	5	5	32	32
0	1613	596	7	59	288	16	5	5	32	32
0	1613	596	7	60	288	16	5	5	32	32
0	1613	596	7	61	288	16	5	5	32	32
0	1613	596	7	62	288	16	5	5	32	32
0	1613	596	7	63	288	16	5	5	32	32
0	1613	596	7	64	288	16	5	5	32	32
0	1613	596	7	65	288	16	5	5	32	32
0	1613	596	7	66	288	16	5	5	32	32
0	1613	596	7	67	288	16	5	5	32	32
0	1613	596	7	68	288	16	5	5	32	32
0	1613	596	7	69	288	16	5	5	32	32
0	1921	607	0	145	288	16	0	0	61	61
0	1921	607	0	146	288	16	0	0	61	61
0	1921	607	0	147	288	16	0	0	61	61
0	1921	607	0	148	288	16	0	0	61	61
0	1921	607	0	149	288	16	0	0	61	61
0	1921	607	0	150	288	16	0	0	61	61
0	1921	607	0	151	288	16	0	0	61	61
0	1921	607	0	152	288	16	0	0	61	61
0	1921	607	0	153	288	16	0	0	61	61
0	1921	607	0	154	288	16	0	0	61	61
0	1921	607	0	155	288	16	0	0	61	61
0	1921	607	0	156	288	16	0	0	61	61
0	1921	607	0	157	288	16	0	0	61	61
0	1921	607	0	158	288	16	0	0	61	61
0	1921	607	0	159	288	16	0	0	61	61
0	1921	607	0	160	288	16	0	0	61	61
0	1921	607	0	161	288	16	0	0	61	61
0	1921	607	0	162	288	16	0	0	61	61
0	1921	607	0	163	288	16	0	0	61	61
0	1921	607	0	164	288	16	0	0	61	61
0	1921	607	0	165	288	16	0	0	61	61
0	1921	607	0	166	288	16	0	0	61	61
0	1921	607	0	167	288	16	0	0	61	61
0	1921	607	0	168	288	16	0	0	61	61
0	1921	607	0	169	288	16	0	0	61	61
0	1921	607	0	170	288	16	0	0	61	61
0	1921	607	0	171	288	16	0	0	61	61
0	1921	607	0	172	288	16	0	0	61	61
0	1921	607	0	173	288	16	0	0	61	61
0	1921	607	0	174	288	16	0	0	61	61
0	1921	607	0	175	288	16	0	0	61	61
0	1921	607	0	176	288	16	0	0	61	61
0	1854	649	1	64	288	16	2	0	0	0
0	1854	649	1	63	288	16	2	0	0	0
0	1854	649	1	62	288	16	2	0	0	0
0	1854	649	1	61	288	16	2	0	0	0
0	1854	649	1	60	288	16	2	0	0	0
0	1854	649	1	59	288	16	2	0	0	0
0	1854	649	1	58	288	16	2	0	0	0
0	1854	649	1	57	288	16	2	0	0	0
0	1854	649	1	56	288	16	2	0	0	0
0	1854	649	1	55	288	16	2	0	0	0
0	1854	649	1	54	288	16	2	0	0	0
0	1854	649	1	53	288	16	2	0	0	0
0	1854	649	1	52	288	16	2	0	0	0
0	1854	649	1	51	288	16	2	0	0	0
0	1854	649	1	50	288	16	2	0	0	0
0	1854	649	1	49	288	16	2	0	0	0
0	1854	649	1	48	288	16	2	0	0	0
0	1854	649	1	47	288	16	2	0	0	0
0	1854	649	1	46	288	16	2	0	0	0
0	1854	649	1	45	288	16	2	0	0	0
0	1854	649	1	44	288	16	2	0	0	0
0	1854	649	1	43	288	16	2	0	0	0
0	1854	649	1	42	288	16	2	0	0	0
0	1854	649	1	41	288	16	2	0	0	0
0	1854	649	1	40	288	16	2	0	0	0
0	1854	649	1	39	288	16	2	0	0	0
0	1854	649	1	38	288	16	2	0	0	0
0	1854	649	1	37	288	16	2	0	0	0
0	1854	649	1	36	288	16	2	0	0	0
0	1854	649	1	35	288	16	2	0	0	0
0	1854	649	1	34	288	16	2	0	0	0
0	1805	659	8	66	288	16	14	13	25	25
0	1805	659	8	65	288	16	14	13	25	25
0	1805	659	8	64	288	16	14	13	25	25
0	1805	659	8	63	288	16	14	13	25	25
0	1805	659	8	62	288	16	14	13	25	25
0	1805	659	8	61	288	16	14	13	25	25
0	1805	659	8	60	288	16	14	13	25	25
0	1805	659	8	59	288	16	14	13	25	25
0	1805	659	8	58	288	16	14	13	25	25
0	1805	659	8	57	288	16	14	13	25	25
0	1805	659	8	56	288	16	14	13	25	25
0	1805	659	8	55	288	16	14	13	25	25
0	1805	659	8	54	288	16	14	13	25	25
0	1805	659	8	53	288	16	14	13	25	25
0	1805	659	8	52	288	16	14	13	25	25
0	1805	659	8	51	288	16	14	13	25	25
0	1805	659	8	50	288	16	14	13	25	25
0	1805	659	8	49	288	16	14	13	25	25
0	1805	659	8	48	288	16	14	13	25	25
0	1805	659	8	47	288	16	14	13	25	25
0	1805	659	8	46	288	16	14	13	25	25
0	1805	659	8	45	288	16	14	13	25	25
0	1805	659	8	44	288	16	14	13	25	25
0	1805	659	8	43	288	16	14	13	25	25
0	1805	659	8	42	288	16	14	13	25	25
0	1805	659	8	41	288	16	14	13	25	25
0	1805	659	8	40	288	16	14	13	25	25
0	1805	659	8	39	288	16	14	13	25	25
0	1805	659	8	38	288	16	14	13	25	25
0	1805	659	8	37	288	16	14	13	25	25
0	1805	659	8	36	288	16	14	13	25	25
0	1805	659	8	35	288	16	14	13	25	25
0	1807	662	18	123	288	16	30	27	40	40
0	1807	662	18	124	288	16	30	27	40	40
0	1807	662	18	125	288	16	30	27	40	40
0	1807	662	18	126	288	16	30	27	40	40
0	1807	662	18	127	288	16	30	27	40	40
0	1807	662	18	128	288	16	30	27	40	40
0	1807	662	18	129	288	16	30	27	40	40
0	1807	662	18	130	288	16	30	27	40	40
0	1807	662	18	131	288	16	30	27	40	40
0	1807	662	18	132	288	16	30	27	40	40
0	1807	662	18	133	288	16	30	27	40	40
0	1807	662	18	134	288	16	30	27	40	40
0	1807	662	18	135	288	16	30	27	40	40
0	1807	662	18	136	288	16	30	27	40	40
0	1807	662	18	137	288	16	30	27	40	40
0	1807	662	18	138	288	16	30	27	40	40
0	1807	662	18	139	288	16	30	27	40	40
0	1807	662	18	140	288	16	30	27	40	40
0	1807	662	18	141	288	16	30	27	40	40
0	1807	662	18	142	288	16	30	27	40	40
0	1807	662	18	143	288	16	30	27	40	40
0	1807	662	18	144	288	16	30	27	40	40
0	1807	662	18	145	288	16	30	27	40	40
0	1807	662	18	146	288	16	30	27	40	40
0	1807	662	18	147	288	16	30	27	40	40
0	1807	662	18	148	288	16	30	27	40	40
0	1807	662	18	149	288	16	30	27	40	40
0	1807	662	18	150	288	16	30	27	40	40
0	1807	662	18	151	288	16	30	27	40	40
0	1807	662	18	152	288	16	30	27	40	40
0	1807	662	18	153	288	16	30	27	40	40
0	1807	662	18	154	288	16	30	27	40	40
0	1886	662	10	65	288	16	13	0	0	0
0	1886	662	10	64	288	16	13	0	0	0
0	1886	662	10	63	288	16	13	0	0	0
0	1886	662	10	62	288	16	13	0	0	0
0	1886	662	10	61	288	16	13	0	0	0
0	1886	662	10	60	288	16	13	0	0	0
0	1886	662	10	59	288	16	13	0	0	0
0	1886	662	10	58	288	16	13	0	0	0
0	1886	662	10	57	288	16	13	0	0	0
0	1886	662	10	56	288	16	13	0	0	0
0	1886	662	10	55	288	16	13	0	0	0
0	1886	662	10	54	288	16	13	0	0	0
0	1886	662	10	53	288	16	13	0	0	0
0	1886	662	10	52	288	16	13	0	0	0
0	1886	662	10	51	288	16	13	0	0	0
0	1886	662	10	50	288	16	13	0	0	0
0	1886	662	10	49	288	16	13	0	0	0
0	1886	662	10	48	288	16	13	0	0	0
0	1886	662	10	47	288	16	13	0	0	0
0	1886	662	10	46	288	16	13	0	0	0
0	1886	662	10	45	288	16	13	0	0	0
0	1886	662	10	44	288	16	13	0	0	0
0	1886	662	10	43	288	16	13	0	0	0
0	1886	662	10	42	288	16	13	0	0	0
0	1886	662	10	41	288	16	13	0	0	0
0	1886	662	10	40	288	16	13	0	0	0
0	1886	662	10	39	288	16	13	0	0	0
0	1886	662	10	38	288	16	13	0	0	0
0	1886	662	10	37	288	16	13	0	0	0
0	1886	662	10	36	288	16	13	0	0	0
0	1886	662	10	35	288	16	13	0	0	0
0	1886	662	10	34	288	16	13	0	0	0
0	1564	692	1	66	288	16	5	4	32	32
0	1564	692	1	65	288	16	5	4	32	32
0	1564	692	1	64	288	16	5	4	32	32
0	1564	692	1	63	288	16	5	4	32	32
0	1564	692	1	62	288	16	5	4	32	32
0	1564	692	1	61	288	16	5	4	32	32
0	1564	692	1	60	288	16	5	4	32	32
0	1564	692	1	59	288	16	5	4	32	32
0	1564	692	1	58	288	16	5	4	32	32
0	1564	692	1	57	288	16	5	4	32	32
0	1564	692	1	56	288	16	5	4	32	32
0	1564	692	1	55	288	16	5	4	32	32
0	1564	692	1	54	288	16	5	4	32	32
0	1564	692	1	53	288	16	5	4	32	32
0	1564	692	1	52	288	16	5	4	32	32
0	1564	692	1	51	288	16	5	4	32	32
0	1564	692	1	50	288	16	5	4	32	32
0	1564	692	1	49	288	16	5	4	32	32
0	1564	692	1	48	288	16	5	4	32	32
0	1564	692	1	47	288	16	5	4	32	32
0	1564	692	1	46	288	16	5	4	32	32
0	1564	692	1	45	288	16	5	4	32	32
0	1564	692	1	44	288	16	5	4	32	32
0	1564	692	1	43	288	16	5	4	32	32
0	1564	692	1	42	288	16	5	4	32	32
0	1564	692	1	41	288	16	5	4	32	32
0	1564	692	1	40	288	16	5	4	32	32
0	1564	692	1	39	288	16	5	4	32	32
0	1564	692	1	38	288	16	5	4	32	32
0	1564	692	1	37	288	16	5	4	32	32
0	1564	692	1	36	288	16	5	4	32	32
0	1564	692	1	35	288	16	5	4	32	32
0	865	718	27	162	288	16	32	31	129	0
0	865	718	27	161	288	16	32	31	129	0
0	865	718	27	160	288	16	32	31	129	0
0	865	718	27	159	288	16	32	31	129	0
0	865	718	27	158	288	16	32	31	129	0
0	865	718	27	157	288	16	32	31	129	0
0	865	718	27	156	288	16	32	31	129	0
0	865	718	27	155	288	16	32	31	129	0
0	865	718	27	154	288	16	32	31	129	0
0	865	718	27	153	288	16	32	31	129	0
0	865	718	27	152	288	16	32	31	129	0
0	865	718	27	151	288	16	32	31	129	0
0	865	718	27	150	288	16	32	31	129	0
0	865	718	27	149	288	16	32	31	129	0
0	865	718	27	148	288	16	32	31	129	0
0	865	718	27	147	288	16	32	31	129	0
0	865	718	27	146	288	16	32	31	129	0
0	865	718	27	145	288	16	32	31	129	0
0	865	718	27	144	288	16	32	31	129	0
0	865	718	27	143	288	16	32	31	129	0
0	865	718	27	142	288	16	32	31	129	0
0	865	718	27	141	288	16	32	31	129	0
0	865	718	27	140	288	16	32	31	129	0
0	865	718	27	139	288	16	32	31	129	0
0	865	718	27	138	288	16	32	31	129	0
0	865	718	27	137	288	16	32	31	129	0
0	865	718	27	136	288	16	32	31	129	0
0	865	718	27	135	288	16	32	31	129	0
0	865	718	27	134	288	16	32	31	129	0
0	865	718	27	133	288	16	32	31	129	0
0	865	718	27	132	288	16	32	31	129	0
0	865	718	27	131	288	16	32	31	129	0
0	1946	724	1	66	288	16	2	0	12	12
0	1946	724	1	65	288	16	2	0	12	12
0	1946	724	1	64	288	16	2	0	12	12
0	1946	724	1	63	288	16	2	0	12	12
0	1946	724	1	62	288	16	2	0	12	12
0	1946	724	1	61	288	16	2	0	12	12
0	1946	724	1	60	288	16	2	0	12	12
0	1946	724	1	59	288	16	2	0	12	12
0	1946	724	1	58	288	16	2	0	12	12
0	1946	724	1	57	288	16	2	0	12	12
0	1946	724	1	56	288	16	2	0	12	12
0	1946	724	1	55	288	16	2	0	12	12
0	1946	724	1	54	288	16	2	0	12	12
0	1946	724	1	53	288	16	2	0	12	12
0	1946	724	1	52	288	16	2	0	12	12
0	1946	724	1	51	288	16	2	0	12	12
0	1946	724	1	50	288	16	2	0	12	12
0	1946	724	1	49	288	16	2	0	12	12
0	1946	724	1	48	288	16	2	0	12	12
0	1946	724	1	47	288	16	2	0	12	12
0	1946	724	1	46	288	16	2	0	12	12
0	1946	724	1	45	288	16	2	0	12	12
0	1946	724	1	44	288	16	2	0	12	12
0	1946	724	1	43	288	16	2	0	12	12
0	1946	724	1	42	288	16	2	0	12	12
0	1946	724	1	41	288	16	2	0	12	12
0	1946	724	1	40	288	16	2	0	12	12
0	1946	724	1	39	288	16	2	0	12	12
0	1946	724	1	38	288	16	2	0	12	12
0	1946	724	1	37	288	16	2	0	12	12
0	1946	724	1	36	288	16	2	0	12	12
0	1946	724	1	35	288	16	2	0	12	12
0	1705	730	8	65	288	16	56	0	0	0
0	1705	730	8	64	288	16	56	0	0	0
0	1705	730	8	63	288	16	56	0	0	0
0	1705	730	8	62	288	16	56	0	0	0
0	1705	730	8	61	288	16	56	0	0	0
0	1705	730	8	60	288	16	56	0	0	0
0	1705	730	8	59	288	16	56	0	0	0
0	1705	730	8	58	288	16	56	0	0	0
0	1705	730	8	57	288	16	56	0	0	0
0	1705	730	8	56	288	16	56	0	0	0
0	1705	730	8	55	288	16	56	0	0	0
0	1705	730	8	54	288	16	56	0	0	0
0	1705	730	8	53	288	16	56	0	0	0
0	1705	730	8	52	288	16	56	0	0	0
0	1705	730	8	51	288	16	56	0	0	0
0	1705	730	8	50	288	16	56	0	0	0
0	1705	730	8	49	288	16	56	0	0	0
0	1705	730	8	48	288	16	56	0	0	0
0	1705	730	8	47	288	16	56	0	0	0
0	1705	730	8	46	288	16	56	0	0	0
0	1705	730	8	45	288	16	56	0	0	0
0	1705	730	8	44	288	16	56	0	0	0
0	1705	730	8	43	288	16	56	0	0	0
0	1705	730	8	42	288	16	56	0	0	0
0	1705	730	8	41	288	16	56	0	0	0
0	1705	730	8	40	288	16	56	0	0	0
0	1705	730	8	39	288	16	56	0	0	0
0	1705	730	8	38	288	16	56	0	0	0
0	1705	730	8	37	288	16	56	0	0	0
0	1705	730	8	36	288	16	56	0	0	0
0	1705	730	8	35	288	16	56	0	0	0
0	1705	730	8	34	288	16	56	0	0	0
0	1684	731	1	67	288	16	32	0	0	0
0	1684	731	1	68	288	16	32	0	0	0
0	1684	731	1	69	288	16	32	0	0	0
0	1684	731	1	70	288	16	32	0	0	0
0	1684	731	1	71	288	16	32	0	0	0
0	1684	731	1	72	288	16	32	0	0	0
0	1684	731	1	73	288	16	32	0	0	0
0	1684	731	1	74	288	16	32	0	0	0
0	1684	731	1	75	288	16	32	0	0	0
0	1684	731	1	76	288	16	32	0	0	0
0	1684	731	1	77	288	16	32	0	0	0
0	1684	731	1	78	288	16	32	0	0	0
0	1684	731	1	79	288	16	32	0	0	0
0	1684	731	1	80	288	16	32	0	0	0
0	1684	731	1	81	288	16	32	0	0	0
0	1684	731	1	82	288	16	32	0	0	0
0	1684	731	1	83	288	16	32	0	0	0
0	1684	731	1	84	288	16	32	0	0	0
0	1684	731	1	85	288	16	32	0	0	0
0	1684	731	1	86	288	16	32	0	0	0
0	1684	731	1	87	288	16	32	0	0	0
0	1684	731	1	88	288	16	32	0	0	0
0	1684	731	1	89	288	16	32	0	0	0
0	1684	731	1	90	288	16	32	0	0	0
0	1684	731	1	91	288	16	32	0	0	0
0	1684	731	1	92	288	16	32	0	0	0
0	1684	731	1	93	288	16	32	0	0	0
0	1684	731	1	94	288	16	32	0	0	0
0	1684	731	1	95	288	16	32	0	0	0
0	1684	731	1	96	288	16	32	0	0	0
0	1684	731	1	97	288	16	32	0	0	0
0	1684	731	1	98	288	16	32	0	0	0
0	1921	747	7	55	288	16	10	6	32	32
0	1921	747	7	56	288	16	10	6	32	32
0	1921	747	7	57	288	16	10	6	32	32
0	1921	747	7	58	288	16	10	6	32	32
0	1921	747	7	59	288	16	10	6	32	32
0	1921	747	7	60	288	16	10	6	32	32
0	1921	747	7	61	288	16	10	6	32	32
0	1921	747	7	62	288	16	10	6	32	32
0	1921	747	7	63	288	16	10	6	32	32
0	1921	747	7	64	288	16	10	6	32	32
0	1921	747	7	65	288	16	10	6	32	32
0	1921	747	7	66	288	16	10	6	32	32
0	1921	747	7	67	288	16	10	6	32	32
0	1921	747	7	68	288	16	10	6	32	32
0	1921	747	7	69	288	16	10	6	32	32
0	1921	747	7	70	288	16	10	6	32	32
0	1921	747	7	71	288	16	10	6	32	32
0	1921	747	7	72	288	16	10	6	32	32
0	1921	747	7	73	288	16	10	6	32	32
0	1921	747	7	74	288	16	10	6	32	32
0	1921	747	7	75	288	16	10	6	32	32
0	1921	747	7	76	288	16	10	6	32	32
0	1921	747	7	77	288	16	10	6	32	32
0	1921	747	7	78	288	16	10	6	32	32
0	1921	747	7	79	288	16	10	6	32	32
0	1921	747	7	80	288	16	10	6	32	32
0	1921	747	7	81	288	16	10	6	32	32
0	1921	747	7	82	288	16	10	6	32	32
0	1921	747	7	83	288	16	10	6	32	32
0	1921	747	7	84	288	16	10	6	32	32
0	1921	747	7	85	288	16	10	6	32	32
0	1921	747	7	86	288	16	10	6	32	32
0	1890	787	2	141	288	16	6	3	17	17
0	1890	787	2	140	288	16	6	3	17	17
0	1890	787	2	139	288	16	6	3	17	17
0	1890	787	2	138	288	16	6	3	17	17
0	1890	787	2	137	288	16	6	3	17	17
0	1890	787	2	136	288	16	6	3	17	17
0	1890	787	2	135	288	16	6	3	17	17
0	1890	787	2	134	288	16	6	3	17	17
0	1890	787	2	133	288	16	6	3	17	17
0	1890	787	2	132	288	16	6	3	17	17
0	1890	787	2	131	288	16	6	3	17	17
0	1890	787	2	130	288	16	6	3	17	17
0	1890	787	2	129	288	16	6	3	17	17
0	1890	787	2	128	288	16	6	3	17	17
0	1890	787	2	127	288	16	6	3	17	17
0	1890	787	2	126	288	16	6	3	17	17
0	1890	787	2	125	288	16	6	3	17	17
0	1890	787	2	124	288	16	6	3	17	17
0	1890	787	2	123	288	16	6	3	17	17
0	1890	787	2	122	288	16	6	3	17	17
0	1890	787	2	121	288	16	6	3	17	17
0	1890	787	2	120	288	16	6	3	17	17
0	1890	787	2	119	288	16	6	3	17	17
0	1890	787	2	118	288	16	6	3	17	17
0	1890	787	2	117	288	16	6	3	17	17
0	1890	787	2	116	288	16	6	3	17	17
0	1890	787	2	115	288	16	6	3	17	17
0	1890	787	2	114	288	16	6	3	17	17
0	1890	787	2	113	288	16	6	3	17	17
0	1890	787	2	112	288	16	6	3	17	17
0	1890	787	2	111	288	16	6	3	17	17
0	1890	787	2	110	288	16	6	3	17	17
0	1962	790	1295	31	288	16	1347	1333	26	0
0	1962	790	1295	30	288	16	1347	1333	26	0
0	1962	790	1295	29	288	16	1347	1333	26	0
0	1962	790	1295	28	288	16	1347	1333	26	0
