level	ix	iy	code	meets	faces	in_cell	representable_meets	any_representable
0	1075	796	288	1	2	1	0	0
0	1109	1257	288	1	2	1	0	0
0	1109	1263	288	1	2	1	0	0
0	1109	1268	288	1	2	1	0	0
0	1126	1568	288	1	26	3	0	0
0	1126	1569	288	1	26	3	0	0
0	1139	1596	288	1	9	1	0	0
0	1139	1597	288	1	9	1	0	0
0	1139	1598	288	1	9	3	0	0
0	1139	1599	288	1	9	1	0	0
0	1139	1600	288	1	9	3	0	0
0	1139	1601	288	1	9	1	0	0
0	1139	1602	288	1	9	1	0	0
0	1139	1603	288	1	9	1	0	0
0	1139	1604	288	1	9	3	0	0
0	1139	1605	288	1	9	3	0	0
0	1152	1392	288	1	10	1	0	0
0	1194	1662	291	1	3	1	0	0
0	1214	1159	291	1	2	1	0	0
0	1248	885	288	1	2	1	0	0
0	1248	1061	288	1	3	3	0	0
0	1248	1063	288	1	3	1	0	0
0	1248	1065	288	1	3	1	0	0
0	1248	1067	288	1	3	1	0	0
0	1248	1070	288	1	3	1	0	0
0	1248	1074	288	1	3	1	0	0
0	1248	1076	288	1	3	1	0	0
0	1248	1078	288	1	3	1	0	0
0	1248	1083	288	1	3	1	0	0
0	1248	1085	288	1	3	1	0	0
0	1248	1087	288	1	3	1	0	0
0	1248	1089	288	1	3	1	0	0
0	1248	1091	288	1	3	1	0	0
0	1248	1093	288	1	3	1	0	0
0	1248	1095	288	1	3	1	0	0
0	1248	1098	288	1	3	1	0	0
0	1248	1100	288	1	3	1	0	0
0	1248	1102	288	1	3	1	0	0
0	1248	1104	288	1	3	1	0	0
0	1248	1106	288	1	3	1	0	0
0	1248	1108	288	1	3	1	0	0
0	1248	1111	288	1	3	1	0	0
0	1248	1113	288	1	3	1	0	0
0	1248	1121	288	1	10	1	0	0
0	1248	1124	288	1	10	1	0	0
0	1248	1128	288	1	10	1	0	0
0	1248	1130	288	1	10	1	0	0
0	1248	1132	288	1	10	3	0	0
0	1248	1134	288	1	10	1	0	0
0	1248	1136	288	1	10	1	0	0
0	1248	1141	288	1	10	1	0	0
0	1248	1143	288	1	10	1	0	0
0	1248	1149	288	1	10	1	0	0
0	1248	1156	288	1	3	1	0	0
0	1248	1158	288	1	3	1	0	0
0	1248	1160	288	1	3	1	0	0
0	1248	1162	288	1	3	1	0	0
0	1248	1165	288	1	3	1	0	0
0	1248	1167	288	1	3	1	0	0
0	1248	1169	288	1	3	1	0	0
0	1248	1171	288	1	3	1	0	0
0	1248	1173	288	1	3	1	0	0
0	1248	1175	288	1	3	1	0	0
0	1248	1177	288	1	3	1	0	0
0	1248	1180	288	1	3	1	0	0
0	1248	1182	288	1	3	1	0	0
0	1248	1184	288	1	3	1	0	0
0	1248	1186	288	1	3	1	0	0
0	1248	1188	288	1	3	1	0	0
0	1248	1195	288	1	3	1	0	0
0	1248	1197	288	1	3	1	0	0
0	1248	1199	288	1	3	1	0	0
0	1248	1203	288	1	3	1	0	0
0	1248	1206	288	1	3	1	0	0
0	1248	1208	288	1	3	1	0	0
0	1248	1210	288	1	3	1	0	0
0	1248	1214	288	1	3	1	0	0
0	1248	1216	288	1	3	1	0	0
0	1248	1219	288	1	3	1	0	0
0	1248	1223	288	1	3	1	0	0
0	1248	1225	288	1	3	1	0	0
0	1248	1227	288	1	3	1	0	0
0	1248	1229	288	1	3	1	0	0
0	1248	1231	288	1	3	1	0	0
0	1248	1234	288	1	3	1	0	0
0	1248	1236	288	1	3	1	0	0
0	1248	1238	288	1	3	1	0	0
0	1248	1242	288	1	2	1	0	0
0	1248	1244	288	1	2	1	0	0
0	1248	1247	288	1	2	1	0	0
0	1248	1249	288	1	2	1	0	0
0	1248	1251	288	1	2	1	0	0
0	1248	1255	288	1	2	1	0	0
0	1248	1257	288	1	2	1	0	0
0	1248	1260	288	1	2	1	0	0
0	1248	1262	288	1	2	1	0	0
0	1248	1264	288	1	2	1	0	0
0	1248	1266	288	1	2	1	0	0
0	1248	1277	288	1	4	1	0	0
0	1248	1290	288	1	4	1	0	0
0	1248	1292	288	1	4	1	0	0
0	1248	1303	288	1	5	1	0	0
0	1248	1305	288	1	5	1	0	0
0	1248	1307	288	1	5	1	0	0
0	1248	1309	288	1	5	1	0	0
0	1248	1311	288	1	5	1	0	0
0	1248	1361	288	1	3	1	0	0
0	1248	1363	288	1	3	1	0	0
0	1248	1365	288	1	3	1	0	0
0	1248	1368	288	1	3	1	0	0
0	1248	1370	288	1	3	1	0	0
0	1248	1372	288	1	3	1	0	0
0	1248	1374	288	1	3	1	0	0
0	1248	1376	288	1	3	1	0	0
0	1248	1378	288	1	3	1	0	0
0	1248	1398	288	1	2	1	0	0
0	1248	1400	288	1	2	1	0	0
0	1248	1402	288	1	2	1	0	0
0	1248	1463	288	1	6	1	0	0
0	1248	1478	288	1	6	1	0	0
0	1248	1480	288	1	6	1	0	0
0	1248	1484	288	1	6	1	0	0
0	1248	1486	288	1	6	1	0	0
0	1248	1489	288	1	3	1	0	0
0	1248	1491	288	1	3	1	0	0
0	1248	1495	288	1	3	1	0	0
0	1248	1497	288	1	3	1	0	0
0	1248	1499	288	1	3	1	0	0
0	1248	1502	288	1	3	1	0	0
0	1248	1508	288	1	5	1	0	0
0	1248	1510	288	1	5	1	0	0
0	1248	1512	288	1	5	1	0	0
0	1248	1514	288	1	5	1	0	0
0	1248	1534	288	1	4	1	0	0
0	1248	1536	288	1	4	1	0	0
0	1248	1538	288	1	4	1	0	0
0	1248	1545	288	1	4	1	0	0
0	1248	1547	288	1	4	1	0	0
0	1248	1549	288	1	4	1	0	0
0	1248	1569	288	1	3	1	0	0
0	1248	1575	288	1	3	1	0	0
0	1248	1577	288	1	3	1	0	0
0	1248	1586	288	1	7	1	0	0
0	1248	1588	288	1	7	1	0	0
0	1248	1590	288	1	7	1	0	0
0	1248	1592	288	1	7	1	0	0
0	1248	1594	288	1	7	1	0	0
0	1248	1597	288	1	7	1	0	0
0	1248	1599	288	1	7	1	0	0
0	1248	1603	288	1	7	1	0	0
0	1248	1605	288	1	7	1	0	0
0	1248	1607	288	1	7	1	0	0
0	1248	1612	288	1	7	1	0	0
0	1248	1614	288	1	7	1	0	0
0	1248	1616	288	1	7	1	0	0
0	1248	1618	288	1	7	1	0	0
0	1248	1620	288	1	7	1	0	0
0	1248	1627	288	1	7	1	0	0
0	1248	1629	288	1	7	1	0	0
0	1248	1631	288	1	7	1	0	0
0	1248	1648	288	1	2	1	0	0
0	1248	1651	288	1	2	1	0	0
0	1248	1653	288	1	2	1	0	0
0	1248	1655	288	1	2	1	0	0
0	1248	1657	288	1	2	1	0	0
0	1248	1668	288	1	2	1	0	0
0	1248	1670	288	1	2	1	0	0
0	1248	1672	288	1	2	1	0	0
0	1248	1677	288	1	3	1	0	0
0	1248	1683	288	1	3	1	0	0
0	1281	1642	288	1	3	1	0	0
0	1288	1527	288	1	12	1	0	0
0	1299	1527	288	1	12	1	0	0
0	1307	1756	291	1	3	1	0	0
0	1348	1125	288	1	8	1	0	0
0	1348	1152	288	1	4	1	0	0
0	1360	1615	288	1	2	1	0	0
0	1365	1708	291	1	28	1	0	0
0	1371	1152	288	1	4	1	0	0
0	1374	1152	288	1	4	1	0	0
0	1377	1152	288	1	4	1	0	0
0	1401	1281	288	1	3	1	0	0
0	1454	766	288	1	3	1	0	0
0	1454	767	288	1	3	1	0	0
0	1712	1274	288	2	3	2	0	0
0	1777	1279	291	1	4	1	0	0
0	1852	746	288	1	4	1	0	0
0	1903	995	291	1	2	1	0	0
