level	ix	iy	status	old_bytes	new_bytes	old_cell_sha256	new_cell_sha256	old_leaves	new_leaves
0	872	880	changed	86308	86312	27842c1645f97a1c1aec5f41f0b5d840264936d98db891e110124bc93921dddf	e22712701b419f462247dae2f1f6b25997d7af8f1f77eac1b4e1a20526b7c03d	1	1
0	1530	843	changed	138554	138558	827ab7fe63d3c8a7318b08a6a8ad3cac17cbbfea76b190b56f2ec17360373f1b	08a7cbb65cc2055aa4cd3990e0602463bd8498820501642c153bade70dd097d1	4	4
0	1530	844	changed	123898	123902	6eea8eaa742f2aec52d0f299db90b637c8415ed3faa6327cd92a61a3f9e20e23	ba2ec4371a70d4f97aec040ddfa30456839dce2645eff251f160408224f5cd1a	1	1
0	1583	707	changed	109002	109006	e44859f1fd0d3b0913ecfbd1e5d52a9a837958a5581405850e375ece59c7ae97	0d035fd6ddef2d9c37a888e622aa301870ccda70ea06555b480b13cb86df1807	1	1
0	1669	748	changed	93644	93648	da50883e18f587f043aac052a8933f274db2ed5a35fe4d95a81431437344247c	818f14bafe1d9a1a52b410ce3f0fc1714a657299df44810d8775f9c55a34ffe8	1	1
0	1672	748	changed	107384	107388	48f35336a3b29dcb4ebbe1cb96b7debae21cd68c7041b74c362b27633f9005fb	a0bee6e046ac4e1c516859b72a243f6211d503e97651c6e9c6d22f5ad6891e89	1	1
0	1673	718	changed	153560	153564	5d5b9b2466893ed2d9cf551e0cde5523b7aa8d175805f5236dfe9d63356fc459	9a1569a7c922033fe534b04d19a326f29e36cde184b534ae39df1ecce76f6f5e	4	4
0	1673	719	changed	177082	177086	b23e2e6b044b541707f169d78547618920b7c1e3128b17d0310b6307184482f2	06d58c0e970506847f3a5fcecd3ce2459a9393854981bdd1cd01e96548ff4ce9	4	4
0	1681	729	changed	129430	129434	fdf4aa4a7a0df475cb937476cfb6be7063c10f7c5521d83c467659556d136711	bf38e78c0992088bd00fa54eb59e6cb7950b8876f10397cda639fa60f9032ee3	1	1
0	1687	735	changed	205152	205156	5b2c3bd65fc9bc6e0a2b5b2ed9e0d44edceb7730a59c564fb4eb6a36c5640c43	504e3da7ff55a3c104f0c02c9792728ff73e2bc2184170c2d3b7da68c93ec2a1	16	16
0	1688	734	changed	337018	337022	21b5e68b6e77b0500091ca4676ef97d00884c80d80dd70bc4ae40e7af7df0cff	8d36b051a7071a8df6b41d348631e3042fb329765473a6d0ac758fe999b0536f	16	16
0	1711	729	changed	239190	239198	b253d40f176757d8deece662fa03338c0dc906dfece27108dc032e2a886f3935	eabd73c1d7e0df13ea6e28d6592e2387134de8fc26f9fd984798f7fc8e4b8e01	4	4
0	1712	729	changed	92208	92212	9fe0071df9ab569b202c099454596af7f535574bdc717caf67e4dd45e0e30d4b	9c24251123423a540a1c11bfe1f9719b4cf6f800ccb01786582f41fc027a5031	1	1
0	1712	730	changed	104102	104106	f3e7e1a10f7a343579b87918e5e644fe213ede90c778e30dcced098a269a4acf	ca4ea48f42276f8c5b55b547ace5f14a96b58d8a7d25a45d1b82ae00085f135d	1	1
0	1732	1493	changed	85994	85998	d7f3b53503950f8fa12e03e17b879214e459cf1e24a7d33560c1d88eb819c4f8	1de7e0f61535dad4025fcfc424bf3583ce4b887a0ee92b6cc1f1da9d186253fa	1	1
0	1755	591	changed	310002	310006	dcfce9b1943528b41511a40b846a2d46d6fa90836c74e72e101a41ffba76f748	9702322baa80d19abae54c6e84e23cf8b2e3c64c1486150b89ed8b157128ea5f	16	16
0	1769	587	changed	295284	295288	ae5a190af7f34d9e59e6f9e27aebcbd4c5074a554e8d29d1a6551e30f36c8a40	0a688972928813978eeb3406d7de88989f7b7e184332561a34d2d5a1dee56635	4	4
0	1789	731	changed	106796	106800	4a5d6152a4e7338ac5537b6bdefdf09c96eb0f6e447975aee8dc80332d8122a5	25c0342f6ae1d581d7cb7f5b97280fcca4581d46d6f45de873427a43d1f1c664	1	1
0	1793	737	changed	87988	87992	73eaeb2117d580ebccb5154c854fe5dd5ac5515685c6aa934e555ea3a4859488	9097a840d942bc1d09cc75751bc4274b31ab8327599ef3ac76dcebe149fb9d31	1	1
0	1794	736	changed	156592	156596	5ebb81bcbb73507b2c7e7aa766107364858d7e0b48be07c4df529eb7d6c3035e	4faacc009d0e70b8ae96ea32ae9ac2554bd2604463d885d47abf990a1872a280	4	4
0	1795	647	changed	85632	85636	1d1ec7ff1d6b560ab92d078047c3440206024331077916ef62ec2629cc11786e	7dec82b54256912e414859028625899f05c7382d267a2b635c0d55bc33451a09	1	1
0	1796	648	changed	90822	90826	1210b6b3276e49f62d46f642170ff8f44bf3946cf80a550d47fb13e9533c7e61	52e04e7137a743cbdbb3829346b9de25efddd70beb4517e2e94226887359322b	1	1
0	1814	1467	changed	158704	158708	ca2186f5c078c10dad2efd5a037ae9cd873675573778e07b480277df35c2cb12	6fdb22935896281db768aa0fb8d0391880117d62844c861dda535f9644af98c3	4	4
0	1830	1447	changed	231314	231318	95d95b0d14094e6e08e4ff13c2f699f2be87f24706483a65b8038a9c4a8259fd	782cf56a41fb906d00c94a7a4c06402c3f33c38c804109e6f4450c7e1770a719	4	4
0	1842	1303	changed	103640	103644	f9855b0f7dae76f9989428dfae737dd3f7474cff0d3c729057213528e5c40d11	aedd07f06dba72fbbabae8f902326770758dfdf177072c8b544dfe1cd80169ec	1	1
0	1886	839	changed	209974	209978	bc0daf108fd285dd62d42e6e4fe25b3fc3f8a4332346d6af8d8fd753ef903784	b29631750f495c1040da33324c1b671ca29bfa55322a19b15d7de0482f17baad	4	4
0	1903	846	changed	101288	101292	4b058c8fdbfa036d9d93e5509a0646f9097e755dbb45f6f77c5034e02b1bac37	e5726647cbd112312fdfe9a182f9b696fa82ab9f1871f0707c7cdb6c2c65407a	1	1
0	1911	1139	changed	89496	89500	8aad057e1eba0dda0d4adf4b27dca2656f6e3b1e370d380ac6d40fe51db5d0fc	200edee2840a8ae9e4c72dc41aacb261d2d009faa8df3c0072581fc5eea78abf	1	1
0	1915	980	changed	569786	569802	aadb22f3007cc1c0c9ed619c7aa384f4cd5be4476d5183e7681a0c04b18f6501	43214e715f0eea2a92b0dccbe14d2e0614d39381a2d1fe5dbc3a4e2ab32dd875	12	12
0	1929	1121	changed	126370	126374	353b857ec0ffe6d84dd4c68d1892c4330bf4d7ced24a366b66fae0f96898fa53	10ffaba01474f98ff5caf2b4157b022f4af47ad65e389816c3b4fda1c0416fbf	1	1
0	1936	1119	changed	153166	153170	cf26bd946538a40f8ee5f2184be9b8e0d9406f0194342641943eb81e02d929ef	d8b1cc8be0f13a091587847acb3a3f08139c1be70f08584f3ac722a36fcc98b6	4	4
0	1941	1105	changed	228722	228726	2758c0be4080ee296e5c1149f0615009f9483139ae9cb842b74507e94bea34f1	62f20dfa97d1008526ae7f183f7c2c63f758c0a41b81beb463e5696ec90db760	4	4
0	1948	1098	changed	102590	102594	0454ba97e65f0ecded5a66794527b90c75f84693ddc71eeed1aa971ae624ee8c	7042eb5a435220664a6d8fa17523baef768302628335b6991deff1794bb4a1fb	1	1
0	1957	771	changed	357522	357526	cf9dbad6ab5bfc62d7644311aeb6b70f17de0afa6009fa612a989de40e80669d	26a55ae3664a9e109cd1e240fddf8140835738a3c577bd07db7d2b67e5a417b7	16	16
0	1969	1069	changed	116768	116772	f5f1d0626bf3a67fb80c0a0b109f559fe035ed7c4a6dab53ce346bfa2927348a	840bff6a8d2c97b01c1e9e59ee19bbae89ec91e9b7c831340c94d9342ad4c340	1	1
0	1969	1070	changed	97898	97902	dfe73758c9b758e04fea2102364bc7e82d6700e9c0bc765a0c40df98907dbb59	b393927ca0ad2b7335e7c17b1ac957812ca730d58ef7fdbbcc9b3b4f4f789fae	1	1
0	2007	1179	changed	93534	93538	8c862f61c2ad573c9ad4a5639796d320b94f06063f22e3393c3b2c0bf469c759	766261ee5a4595520bdb343544bf35512b7602ce9b464b06508267372d7c242b	1	1
