level	ix	iy	status	in_multiset_list	old_routed_sha256	new_routed_sha256	old_leaves	new_leaves
0	872	880	changed	1	549d669e945a133b82d726e63ee3de533315b417c50da29a06df6afd7753c26d	a337bd38e5400ef0b5736e067c8649fe7eb55cacc527dc713cd8aee8cadf98b7	1	1
0	1530	843	changed	1	62fe730ce392955836bfb8c6823c64ddf50c63c5ef6c39e658cbffa0e6d854ef	22858ed19c22e1d1f887a6d4b189d7f95d0862b9e5a575f1fbacfc905fefcde8	4	4
0	1530	844	changed	1	31c8fef365ba65199f27d6a58efe84ff0a93cce2a9d8c2acc67355e706753717	c140597dd01ca79e0f5eb91bc86f5ce6cd94b00b3f2552c7edba3296cc841699	1	1
0	1583	707	changed	1	fe630bd6a0747db672f9aeff6189c1b37f5b9655c22241d7124b4a64905e2065	4c76ade8e91ded7e0359766093f6edec3b2720121d014b47e7f6d8d3686bfc85	1	1
0	1669	748	changed	1	1e5527de0e3852cdc4b5932d56e8e556c1d601dd38309d961f604960b5ac5c62	81a71a032b0e14960f0c4ceb7a248af0389347cb76d8771118ff4cfc582c035a	1	1
0	1672	748	changed	1	5345391f7a055323c68b0718ea2ab47fea104cec1921e46a485d7c87fcec5790	c4a44d48138d5d58b5cf1c3684db56134103a83d1574486c697c8aabe2ce18df	1	1
0	1673	718	changed	1	76db7bae57311a1e6c693c561752480ec3ffa82a6f4a1f0c747b496e0ba5934e	375473dfb83a00200ff091a4f775fd4bb640d4bb57d67de4bed63266470a30b6	4	4
0	1673	719	changed	1	c2b9490d207d20c7388d5c37351c5ca8e81f5b0a62f5d75ac2ce216da2d0735e	64489c5a5093d4f8628ed8fc19e571fcc14281d0ef62764798303482d47392ba	4	4
0	1681	729	changed	1	514581f4f91a67585495b5786e6bfd8e4952b4e8aa744821df224f4eea981fc5	fa96e69ca48a3c0c68611b77780c1f063bfa47cd1cf0e6db84096656fa012993	1	1
0	1687	735	changed	1	d41a5bfba0ed106100ec958f0ed398ab70eca2478af3acd40fd6fff725aa4764	970822b35ca735000b1cdab69aacb6071e3c43fa1396b1577f0875f79c655f95	16	16
0	1688	734	changed	1	d9bbfdcd62ccdaf7fecd24b42d817897e7b02e4241615c1e7a8768ced7978b50	ee458e8e8ce1f84c9470d998dcede851f4f9f93d2f90a531adb3b460326d4dd1	16	16
0	1711	729	changed	1	0e761ef0753d63bf2c12ad2dff2527c356a846861bd16d430c7733797edb324b	139e1f5973e579577299f9be24585a1a1c22213c0f9bd4052302db4220f5c441	4	4
0	1712	729	changed	1	258b15fcc9ea7218a41ab768bc80b9b79a142653323b18544feb18da37c4136b	40ec1d6dbc0b993e3fe2c64a5e027e8fb8cea8b97e0e38f0e163b648d925da0c	1	1
0	1712	730	changed	1	b676e160bff909ac4ec01fe6053e52c89355f7e157098bf72acdb02a22641adc	584fec36d488fa338fa0f94b886425f55bd241d605047964dc095001e4aefd7d	1	1
0	1732	1493	changed	1	95bb62c168dadaa54e57a7334be3ee6e07d6bbc9ad82a66981f0446609fae894	f04534db32cf30694fc76b2e16f164c0946d96cc442ac26b0d20531a03809308	1	1
0	1755	591	changed	1	8cc5363ec591b86d21c74c73aab6a120fca47df96bc4fa8bd74900c0cf258b19	60a57955bacd98137ba57879f20ecb5bc657a4932138d1b10e36e7ec6f065622	16	16
0	1769	587	changed	1	8c51919e0d2f47d4f8c06c60eca5a153709e41ade900dfa4c5e416e22fac46f4	87a3a7da131604b656491ed0ed612288a36eb4009d3dc1a802b13f6a3ef833de	4	4
0	1789	731	changed	1	c36ab4e915a47db233384686cc5c22cba4861501b59a32a897331be14dc8215d	86217798105fcb30e22bea1b7e2b177e74be6e66da0a70d86615bbd289f2aff5	1	1
0	1793	737	changed	1	cd10cb9b53a5bd642fd256ca6fda27aebad6ca6ef54c5c389f38767db689ae84	1c59db51428fbb97f664942752094658c5e873aa86d6cc591470bf53151ab0bc	1	1
0	1794	736	changed	1	575d4f8acc467db41a99c6c75f6bafacce72d65282dc96fe7908579064cd05dc	e55c54bde6ff529a0cb57597bfe9c7f8772e32806bb726f1c1e28bdf5e934078	4	4
0	1795	647	changed	1	a7a93138cd8018b0f665f796feb91528e60b0428be1c1bac923030112d91105d	ca65a24b20595a3dac2e11a972ee0affce1b189081f9efaaa7c6422e91dc3162	1	1
0	1796	648	changed	1	8f8e04161ede91c7a6e22e190dd75c2a8b102524d59282223785c49bb87bf2d7	488e15d3cdf20844a928e9e735874c987359424181faf110642873665036fa3e	1	1
0	1814	1467	changed	1	b72eb81c952fb9dd0e80808c0215cd38d478e7a75dfa0af68d8b8eb9df56ad60	f388bdc5d1301942860ae99cd5aa9ecb662239b04c8d4cd240a255a5d7c38659	4	4
0	1830	1447	changed	1	41a450382dc7f4e7f5dd6b32ecbc21e25cb8dd6faa602351d84185d202d0fe08	e66e8dcfced98a30c437ba7ebd87d132f9893e75428d9c858ad6c5b2a15605c9	4	4
0	1842	1303	changed	1	425dd12e999ceefed8ff5b2aecaea42e4aee8193c035c0b3c8e5ba6564bc855b	4bdc488a883b806f6f331b1dee1ca7274e8306cc6a5404a32a15650478b24687	1	1
0	1886	839	changed	1	10e618bf17f5e24c24b7c33938611895649d066d7e08c58862c461c2d0ccba95	9c8f63316ce7a668bdfa3dc195feea32141cfa5cd806c3ea4e8f71510a026d29	4	4
0	1903	846	changed	1	d79b807e8c4489e7fd245ce296cf4df6700d7123da80802fb5ec63e47db24ccb	60dcabb99d71c2aa7c9abc7b6fa472b1c067da1e05072cf82afd8f36623410b2	1	1
0	1911	1139	changed	1	ad255354cf1b03dc5c593d90f74398ecd25a759e6829073485e05fe0fd2f4ba6	1a073c9cb9b43f39eecfc8c1449f8d7f8aec6c849aa0c51d299ee68d14e2417d	1	1
0	1915	980	changed	1	9f6c44214b61bc71cadaeb2b0143194e55b92120919d1c42ae7d8796b25ee62d	eb34d9a06dbea8d54312e6aaf092a73e50210d8d6f3e278a2517044c5894a6ad	12	12
0	1929	1121	changed	1	79b40e95378ffa8cc996608965417224d96320b3eaeb4f6fcc25dd78cc112e17	3bad7720d6134cb3d2c4ce71c28c1abdeb3acda48edf4f32f5c9d4f6dd0ec881	1	1
0	1936	1119	changed	1	8eb98634ae9e28c7dab1abd3d163fd8e54523e9316f3d432e1a6508fef883b9f	c99d9d05de2a6a13f68e04eb74e75944a8f89acce3250c839861d90e4c6c8abc	4	4
0	1941	1105	changed	1	812a8ff27c9da02a879cf658da2c61e3a687b47988875d24e7d6344a859cc4d3	e3cad4334022399be3fece03126a46ae99a98b2f44d5334714ccf27f68f02dfb	4	4
0	1948	1098	changed	1	9ddc4fb5bf9ffe945df63d16ac22e0a55d1d4ef02d475d04f60543ba510bdbbb	41be214cedba3a8c710871f2713cda60b41fb7df9e786464ef7321a59ba93d3d	1	1
0	1957	771	changed	1	a6601d32387f6c4739aab58f869773dd3597ca4eebcd149e0bfb8af0d7093565	37fd2738fff182d8a593590f4566d722b7a0dfd31d30a219e245eb2cb2594a3a	16	16
0	1969	1069	changed	1	75ce8101c097e6c045ed300c53fffef44432474ed9384fb860be7b0dd5d39cc8	06235f7e257bdc37ee6214d3569a9a12b628fcbbe7d65f6b602908e507d4d33d	1	1
0	1969	1070	changed	1	9d1a0b59dea48d229b9adfda80cc661e11dfd0a88c3494c85180301bb12b3889	38c532186b3231e5f7a48ffbe3cbe87a121e3e65f10b54cb8b0f8932e66cc614	1	1
0	2007	1179	changed	1	92b53ebaec77ca8a736ce4a7f27920f3353dedff16135cc976211f39d675eb75	2719caf36f7232ca80a59b3ca8b642e0e0c8475aec8e6eeab3b536666c684dba	1	1
