level	ix	iy	depth	shape	vert	code	vx	vy	src_ix	src_iy	src_rec	decision	producer_class	clause_a	clause_b	clause_c	extra
0	1797	424	2	866	6	288	116	1933	1796	424	136	producer_home_outside_R_cap	producer_home_outside_R_cap	0	0	0	"{""n_cands"": 3533, ""n_ib"": 11, ""n_cover"": 1, ""rect"": [0.0, 0.0, 4096.0, 4096.0], ""max_radius"": 8}"
0	1797	424	2	866	5	288	232	1953	1796	424	136	producer_home_outside_R_cap	producer_home_outside_R_cap	0	0	0	"{""n_cands"": 3533, ""n_ib"": 11, ""n_cover"": 1, ""rect"": [0.0, 0.0, 4096.0, 4096.0], ""max_radius"": 8}"
0	1797	424	2	866	4	288	348	1972	1796	424	136	producer_home_outside_R_cap	producer_home_outside_R_cap	0	0	0	"{""n_cands"": 3533, ""n_ib"": 11, ""n_cover"": 1, ""rect"": [0.0, 0.0, 4096.0, 4096.0], ""max_radius"": 8}"
0	1797	424	2	866	3	288	464	1991	1796	424	136	producer_home_outside_R_cap	producer_home_outside_R_cap	0	0	0	"{""n_cands"": 3533, ""n_ib"": 11, ""n_cover"": 1, ""rect"": [0.0, 0.0, 4096.0, 4096.0], ""max_radius"": 8}"
0	1797	424	2	866	2	288	580	2010	1796	424	135	producer_home_outside_R_cap	producer_home_outside_R_cap	0	0	0	"{""n_cands"": 3533, ""n_ib"": 11, ""n_cover"": 1, ""rect"": [0.0, 0.0, 4096.0, 4096.0], ""max_radius"": 8}"
0	1797	424	2	866	1	288	696	2029	1796	424	135	producer_home_outside_R_cap	producer_home_outside_R_cap	0	0	0	"{""n_cands"": 3533, ""n_ib"": 11, ""n_cover"": 1, ""rect"": [0.0, 0.0, 4096.0, 4096.0], ""max_radius"": 8}"
0	1797	424	2	824	27	289	1750	3975	1798	424	0	producer_home_outside_R_cap	producer_home_outside_R_cap	0	0	0	"{""n_cands"": 3533, ""n_ib"": 21, ""n_cover"": 1, ""rect"": [0.0, 0.0, 4096.0, 4096.0], ""max_radius"": 8}"
0	1797	424	2	824	26	289	1800	3855	-2147483648	-2147483648	-1	producer_home_outside_R_cap	producer_home_outside_R_cap	0	0	0	"{""n_cands"": 3533, ""n_ib"": 21, ""n_cover"": 1, ""rect"": [0.0, 0.0, 4096.0, 4096.0], ""max_radius"": 8}"
0	1797	424	2	824	25	289	1849	3734	-2147483648	-2147483648	-1	producer_home_outside_R_cap	producer_home_outside_R_cap	0	0	0	"{""n_cands"": 3533, ""n_ib"": 21, ""n_cover"": 1, ""rect"": [0.0, 0.0, 4096.0, 4096.0], ""max_radius"": 8}"
0	1797	424	2	824	24	289	1899	3614	-2147483648	-2147483648	-1	producer_home_outside_R_cap	producer_home_outside_R_cap	0	0	0	"{""n_cands"": 3533, ""n_ib"": 21, ""n_cover"": 1, ""rect"": [0.0, 0.0, 4096.0, 4096.0], ""max_radius"": 8}"
0	1797	424	2	824	23	289	1949	3493	-2147483648	-2147483648	-1	producer_home_outside_R_cap	producer_home_outside_R_cap	0	0	0	"{""n_cands"": 3533, ""n_ib"": 21, ""n_cover"": 1, ""rect"": [0.0, 0.0, 4096.0, 4096.0], ""max_radius"": 8}"
0	1797	424	2	824	22	289	1998	3372	-2147483648	-2147483648	-1	producer_home_outside_R_cap	producer_home_outside_R_cap	0	0	0	"{""n_cands"": 3533, ""n_ib"": 21, ""n_cover"": 1, ""rect"": [0.0, 0.0, 4096.0, 4096.0], ""max_radius"": 8}"
0	832	856	2	19	16	288	2783	120	832	855	5	producer_home_outside_R_cap	producer_home_outside_R_cap	0	0	0	"{""n_cands"": 3250, ""n_ib"": 21, ""n_cover"": 4, ""rect"": [0.0, 0.0, 4096.0, 4096.0], ""max_radius"": 8}"
0	832	856	2	19	15	288	2827	241	832	855	5	producer_home_outside_R_cap	producer_home_outside_R_cap	0	0	0	"{""n_cands"": 3250, ""n_ib"": 21, ""n_cover"": 4, ""rect"": [0.0, 0.0, 4096.0, 4096.0], ""max_radius"": 8}"
0	832	856	2	19	14	288	2872	361	832	855	5	producer_home_outside_R_cap	producer_home_outside_R_cap	0	0	0	"{""n_cands"": 3250, ""n_ib"": 21, ""n_cover"": 4, ""rect"": [0.0, 0.0, 4096.0, 4096.0], ""max_radius"": 8}"
0	832	856	2	19	13	288	2916	482	832	855	5	producer_home_outside_R_cap	producer_home_outside_R_cap	0	0	0	"{""n_cands"": 3250, ""n_ib"": 21, ""n_cover"": 4, ""rect"": [0.0, 0.0, 4096.0, 4096.0], ""max_radius"": 8}"
0	832	856	2	19	12	288	2961	602	832	855	5	producer_home_outside_R_cap	producer_home_outside_R_cap	0	0	0	"{""n_cands"": 3250, ""n_ib"": 21, ""n_cover"": 4, ""rect"": [0.0, 0.0, 4096.0, 4096.0], ""max_radius"": 8}"
0	832	856	2	19	11	288	3006	723	832	855	5	producer_home_outside_R_cap	producer_home_outside_R_cap	0	0	0	"{""n_cands"": 3250, ""n_ib"": 21, ""n_cover"": 4, ""rect"": [0.0, 0.0, 4096.0, 4096.0], ""max_radius"": 8}"
0	832	856	2	19	10	288	3050	843	832	855	5	producer_home_outside_R_cap	producer_home_outside_R_cap	0	0	0	"{""n_cands"": 3250, ""n_ib"": 21, ""n_cover"": 4, ""rect"": [0.0, 0.0, 4096.0, 4096.0], ""max_radius"": 8}"
0	832	856	2	19	9	288	3095	964	832	855	5	producer_home_outside_R_cap	producer_home_outside_R_cap	0	0	0	"{""n_cands"": 3250, ""n_ib"": 21, ""n_cover"": 4, ""rect"": [0.0, 0.0, 4096.0, 4096.0], ""max_radius"": 8}"
0	832	856	2	19	8	288	3139	1084	-2147483648	-2147483648	-1	producer_home_outside_R_cap	producer_home_outside_R_cap	0	0	0	"{""n_cands"": 3250, ""n_ib"": 21, ""n_cover"": 4, ""rect"": [0.0, 0.0, 4096.0, 4096.0], ""max_radius"": 8}"
0	832	856	2	19	7	288	3184	1205	-2147483648	-2147483648	-1	producer_home_outside_R_cap	producer_home_outside_R_cap	0	0	0	"{""n_cands"": 3250, ""n_ib"": 21, ""n_cover"": 4, ""rect"": [0.0, 0.0, 4096.0, 4096.0], ""max_radius"": 8}"
0	832	856	2	19	6	288	3228	1325	-2147483648	-2147483648	-1	producer_home_outside_R_cap	producer_home_outside_R_cap	0	0	0	"{""n_cands"": 3250, ""n_ib"": 21, ""n_cover"": 4, ""rect"": [0.0, 0.0, 4096.0, 4096.0], ""max_radius"": 8}"
0	832	856	2	19	5	288	3273	1446	832	856	75	producer_home_outside_R_cap	producer_home_outside_R_cap	0	0	0	"{""n_cands"": 3250, ""n_ib"": 21, ""n_cover"": 4, ""rect"": [0.0, 0.0, 4096.0, 4096.0], ""max_radius"": 8}"
0	832	856	2	19	4	288	3317	1566	832	856	75	producer_home_outside_R_cap	producer_home_outside_R_cap	0	0	0	"{""n_cands"": 3250, ""n_ib"": 21, ""n_cover"": 4, ""rect"": [0.0, 0.0, 4096.0, 4096.0], ""max_radius"": 8}"
0	832	856	2	19	3	288	3362	1687	832	856	100	producer_home_outside_R_cap	producer_home_outside_R_cap	0	0	0	"{""n_cands"": 3250, ""n_ib"": 21, ""n_cover"": 4, ""rect"": [0.0, 0.0, 4096.0, 4096.0], ""max_radius"": 8}"
0	832	856	2	19	2	288	3406	1807	832	856	100	producer_home_outside_R_cap	producer_home_outside_R_cap	0	0	0	"{""n_cands"": 3250, ""n_ib"": 21, ""n_cover"": 4, ""rect"": [0.0, 0.0, 4096.0, 4096.0], ""max_radius"": 8}"
0	832	856	2	19	1	288	3451	1928	832	856	100	producer_home_outside_R_cap	producer_home_outside_R_cap	0	0	0	"{""n_cands"": 3250, ""n_ib"": 21, ""n_cover"": 4, ""rect"": [0.0, 0.0, 4096.0, 4096.0], ""max_radius"": 8}"
0	828	862	2	69	92	288	120	1920	828	862	232	producer_home_outside_R_cap	producer_home_outside_R_cap	0	0	0	"{""n_cands"": 1483, ""n_ib"": 43, ""n_cover"": 1, ""rect"": [0.0, 0.0, 4096.0, 4096.0], ""max_radius"": 8}"
0	828	862	2	69	91	288	241	1928	828	862	232	producer_home_outside_R_cap	producer_home_outside_R_cap	0	0	0	"{""n_cands"": 1483, ""n_ib"": 43, ""n_cover"": 1, ""rect"": [0.0, 0.0, 4096.0, 4096.0], ""max_radius"": 8}"
0	828	862	2	69	90	288	361	1936	828	862	232	producer_home_outside_R_cap	producer_home_outside_R_cap	0	0	0	"{""n_cands"": 1483, ""n_ib"": 43, ""n_cover"": 1, ""rect"": [0.0, 0.0, 4096.0, 4096.0], ""max_radius"": 8}"
0	828	862	2	69	89	288	482	1944	828	862	1389	producer_home_outside_R_cap	producer_home_outside_R_cap	0	0	0	"{""n_cands"": 1483, ""n_ib"": 43, ""n_cover"": 1, ""rect"": [0.0, 0.0, 4096.0, 4096.0], ""max_radius"": 8}"
0	828	862	2	69	88	288	602	1952	-2147483648	-2147483648	-1	producer_home_outside_R_cap	producer_home_outside_R_cap	0	0	0	"{""n_cands"": 1483, ""n_ib"": 43, ""n_cover"": 1, ""rect"": [0.0, 0.0, 4096.0, 4096.0], ""max_radius"": 8}"
0	828	862	2	69	87	288	723	1960	-2147483648	-2147483648	-1	producer_home_outside_R_cap	producer_home_outside_R_cap	0	0	0	"{""n_cands"": 1483, ""n_ib"": 43, ""n_cover"": 1, ""rect"": [0.0, 0.0, 4096.0, 4096.0], ""max_radius"": 8}"
0	828	862	2	69	86	288	843	1968	-2147483648	-2147483648	-1	producer_home_outside_R_cap	producer_home_outside_R_cap	0	0	0	"{""n_cands"": 1483, ""n_ib"": 43, ""n_cover"": 1, ""rect"": [0.0, 0.0, 4096.0, 4096.0], ""max_radius"": 8}"
0	828	862	2	69	85	288	964	1976	-2147483648	-2147483648	-1	producer_home_outside_R_cap	producer_home_outside_R_cap	0	0	0	"{""n_cands"": 1483, ""n_ib"": 43, ""n_cover"": 1, ""rect"": [0.0, 0.0, 4096.0, 4096.0], ""max_radius"": 8}"
0	828	862	2	69	84	288	1084	1984	-2147483648	-2147483648	-1	producer_home_outside_R_cap	producer_home_outside_R_cap	0	0	0	"{""n_cands"": 1483, ""n_ib"": 43, ""n_cover"": 1, ""rect"": [0.0, 0.0, 4096.0, 4096.0], ""max_radius"": 8}"
0	828	862	2	69	83	288	1205	1992	828	862	1389	producer_home_outside_R_cap	producer_home_outside_R_cap	0	0	0	"{""n_cands"": 1483, ""n_ib"": 43, ""n_cover"": 1, ""rect"": [0.0, 0.0, 4096.0, 4096.0], ""max_radius"": 8}"
0	828	862	2	69	82	288	1325	2000	828	862	22	producer_home_outside_R_cap	producer_home_outside_R_cap	0	0	0	"{""n_cands"": 1483, ""n_ib"": 43, ""n_cover"": 1, ""rect"": [0.0, 0.0, 4096.0, 4096.0], ""max_radius"": 8}"
0	828	862	2	69	81	288	1446	2008	-2147483648	-2147483648	-1	producer_home_outside_R_cap	producer_home_outside_R_cap	0	0	0	"{""n_cands"": 1483, ""n_ib"": 43, ""n_cover"": 1, ""rect"": [0.0, 0.0, 4096.0, 4096.0], ""max_radius"": 8}"
0	828	862	2	69	80	288	1566	2016	828	862	22	producer_home_outside_R_cap	producer_home_outside_R_cap	0	0	0	"{""n_cands"": 1483, ""n_ib"": 43, ""n_cover"": 1, ""rect"": [0.0, 0.0, 4096.0, 4096.0], ""max_radius"": 8}"
0	828	862	2	69	79	288	1687	2024	828	862	1389	producer_home_outside_R_cap	producer_home_outside_R_cap	0	0	0	"{""n_cands"": 1483, ""n_ib"": 43, ""n_cover"": 1, ""rect"": [0.0, 0.0, 4096.0, 4096.0], ""max_radius"": 8}"
0	828	862	2	69	78	288	1807	2032	828	862	1404	producer_home_outside_R_cap	producer_home_outside_R_cap	0	0	0	"{""n_cands"": 1483, ""n_ib"": 43, ""n_cover"": 1, ""rect"": [0.0, 0.0, 4096.0, 4096.0], ""max_radius"": 8}"
0	828	862	2	69	77	288	1928	2040	827	861	30	producer_home_outside_R_cap	producer_home_outside_R_cap	0	0	0	"{""n_cands"": 1483, ""n_ib"": 43, ""n_cover"": 1, ""rect"": [0.0, 0.0, 4096.0, 4096.0], ""max_radius"": 8}"
0	828	862	2	106	101	288	3988	2002	828	862	389	producer_home_outside_R_cap	producer_home_outside_R_cap	0	0	0	"{""n_cands"": 1483, ""n_ib"": 100, ""n_cover"": 1, ""rect"": [0.0, 0.0, 4096.0, 4096.0], ""max_radius"": 8}"
0	828	862	2	2	67	291	120	4061	-2147483648	-2147483648	-1	producer_home_outside_R_cap	producer_home_outside_R_cap	0	0	0	"{""n_cands"": 1483, ""n_ib"": 35, ""n_cover"": 1, ""rect"": [0.0, 0.0, 4096.0, 4096.0], ""max_radius"": 8}"
0	828	862	2	2	68	291	241	4026	-2147483648	-2147483648	-1	producer_home_outside_R_cap	producer_home_outside_R_cap	0	0	0	"{""n_cands"": 1483, ""n_ib"": 35, ""n_cover"": 1, ""rect"": [0.0, 0.0, 4096.0, 4096.0], ""max_radius"": 8}"
0	828	862	2	2	69	291	361	3990	-2147483648	-2147483648	-1	producer_home_outside_R_cap	producer_home_outside_R_cap	0	0	0	"{""n_cands"": 1483, ""n_ib"": 35, ""n_cover"": 1, ""rect"": [0.0, 0.0, 4096.0, 4096.0], ""max_radius"": 8}"
0	828	862	2	2	70	291	482	3955	-2147483648	-2147483648	-1	producer_home_outside_R_cap	producer_home_outside_R_cap	0	0	0	"{""n_cands"": 1483, ""n_ib"": 35, ""n_cover"": 1, ""rect"": [0.0, 0.0, 4096.0, 4096.0], ""max_radius"": 8}"
0	828	862	2	2	71	291	602	3920	-2147483648	-2147483648	-1	producer_home_outside_R_cap	producer_home_outside_R_cap	0	0	0	"{""n_cands"": 1483, ""n_ib"": 35, ""n_cover"": 1, ""rect"": [0.0, 0.0, 4096.0, 4096.0], ""max_radius"": 8}"
0	828	862	2	2	72	291	723	3885	-2147483648	-2147483648	-1	producer_home_outside_R_cap	producer_home_outside_R_cap	0	0	0	"{""n_cands"": 1483, ""n_ib"": 35, ""n_cover"": 1, ""rect"": [0.0, 0.0, 4096.0, 4096.0], ""max_radius"": 8}"
0	828	862	2	2	73	291	843	3849	-2147483648	-2147483648	-1	producer_home_outside_R_cap	producer_home_outside_R_cap	0	0	0	"{""n_cands"": 1483, ""n_ib"": 35, ""n_cover"": 1, ""rect"": [0.0, 0.0, 4096.0, 4096.0], ""max_radius"": 8}"
0	828	862	2	2	74	291	964	3814	-2147483648	-2147483648	-1	producer_home_outside_R_cap	producer_home_outside_R_cap	0	0	0	"{""n_cands"": 1483, ""n_ib"": 35, ""n_cover"": 1, ""rect"": [0.0, 0.0, 4096.0, 4096.0], ""max_radius"": 8}"
0	828	862	2	2	75	291	1084	3779	828	862	23	producer_home_outside_R_cap	producer_home_outside_R_cap	0	0	0	"{""n_cands"": 1483, ""n_ib"": 35, ""n_cover"": 1, ""rect"": [0.0, 0.0, 4096.0, 4096.0], ""max_radius"": 8}"
0	828	862	2	685	29	288	2138	2464	827	861	30	producer_home_outside_R_cap	producer_home_outside_R_cap	0	0	0	"{""n_cands"": 1483, ""n_ib"": 18, ""n_cover"": 1, ""rect"": [0.0, 0.0, 4096.0, 4096.0], ""max_radius"": 8}"
0	828	862	2	685	28	288	2228	2590	828	862	1389	producer_home_outside_R_cap	producer_home_outside_R_cap	0	0	0	"{""n_cands"": 1483, ""n_ib"": 18, ""n_cover"": 1, ""rect"": [0.0, 0.0, 4096.0, 4096.0], ""max_radius"": 8}"
0	828	862	2	685	27	288	2318	2715	828	862	622	producer_home_outside_R_cap	producer_home_outside_R_cap	0	0	0	"{""n_cands"": 1483, ""n_ib"": 18, ""n_cover"": 1, ""rect"": [0.0, 0.0, 4096.0, 4096.0], ""max_radius"": 8}"
0	828	862	2	685	25	288	2498	2966	828	862	432	producer_home_outside_R_cap	producer_home_outside_R_cap	0	0	0	"{""n_cands"": 1483, ""n_ib"": 18, ""n_cover"": 1, ""rect"": [0.0, 0.0, 4096.0, 4096.0], ""max_radius"": 8}"
0	828	862	2	685	24	288	2588	3092	828	862	771	producer_home_outside_R_cap	producer_home_outside_R_cap	0	0	0	"{""n_cands"": 1483, ""n_ib"": 18, ""n_cover"": 1, ""rect"": [0.0, 0.0, 4096.0, 4096.0], ""max_radius"": 8}"
0	828	862	2	685	23	288	2678	3217	828	862	787	producer_home_outside_R_cap	producer_home_outside_R_cap	0	0	0	"{""n_cands"": 1483, ""n_ib"": 18, ""n_cover"": 1, ""rect"": [0.0, 0.0, 4096.0, 4096.0], ""max_radius"": 8}"
0	828	862	2	54	115	288	2704	3855	828	862	393	producer_home_outside_R_cap	producer_home_outside_R_cap	0	0	0	"{""n_cands"": 1483, ""n_ib"": 101, ""n_cover"": 1, ""rect"": [0.0, 0.0, 4096.0, 4096.0], ""max_radius"": 8}"
0	828	862	2	685	22	288	2768	3343	828	862	827	producer_home_outside_R_cap	producer_home_outside_R_cap	0	0	0	"{""n_cands"": 1483, ""n_ib"": 18, ""n_cover"": 1, ""rect"": [0.0, 0.0, 4096.0, 4096.0], ""max_radius"": 8}"
0	828	862	2	54	114	288	2797	3735	828	862	393	producer_home_outside_R_cap	producer_home_outside_R_cap	0	0	0	"{""n_cands"": 1483, ""n_ib"": 101, ""n_cover"": 1, ""rect"": [0.0, 0.0, 4096.0, 4096.0], ""max_radius"": 8}"
0	828	862	2	685	21	288	2857	3468	828	862	1076	producer_home_outside_R_cap	producer_home_outside_R_cap	0	0	0	"{""n_cands"": 1483, ""n_ib"": 18, ""n_cover"": 1, ""rect"": [0.0, 0.0, 4096.0, 4096.0], ""max_radius"": 8}"
0	828	862	2	685	20	288	2947	3594	828	862	1389	producer_home_outside_R_cap	producer_home_outside_R_cap	0	0	0	"{""n_cands"": 1483, ""n_ib"": 18, ""n_cover"": 1, ""rect"": [0.0, 0.0, 4096.0, 4096.0], ""max_radius"": 8}"
0	828	862	2	54	112	288	2983	3494	828	862	393	producer_home_outside_R_cap	producer_home_outside_R_cap	0	0	0	"{""n_cands"": 1483, ""n_ib"": 101, ""n_cover"": 1, ""rect"": [0.0, 0.0, 4096.0, 4096.0], ""max_radius"": 8}"
0	828	862	2	685	19	288	3037	3719	828	862	389	producer_home_outside_R_cap	producer_home_outside_R_cap	0	0	0	"{""n_cands"": 1483, ""n_ib"": 18, ""n_cover"": 1, ""rect"": [0.0, 0.0, 4096.0, 4096.0], ""max_radius"": 8}"
0	828	862	2	54	111	288	3076	3373	828	862	393	producer_home_outside_R_cap	producer_home_outside_R_cap	0	0	0	"{""n_cands"": 1483, ""n_ib"": 101, ""n_cover"": 1, ""rect"": [0.0, 0.0, 4096.0, 4096.0], ""max_radius"": 8}"
0	828	862	2	685	18	288	3127	3845	828	862	236	producer_home_outside_R_cap	producer_home_outside_R_cap	0	0	0	"{""n_cands"": 1483, ""n_ib"": 18, ""n_cover"": 1, ""rect"": [0.0, 0.0, 4096.0, 4096.0], ""max_radius"": 8}"
0	828	862	2	54	110	288	3168	3253	828	862	393	producer_home_outside_R_cap	producer_home_outside_R_cap	0	0	0	"{""n_cands"": 1483, ""n_ib"": 101, ""n_cover"": 1, ""rect"": [0.0, 0.0, 4096.0, 4096.0], ""max_radius"": 8}"
0	828	862	2	685	17	288	3217	3970	827	861	30	producer_home_outside_R_cap	producer_home_outside_R_cap	0	0	0	"{""n_cands"": 1483, ""n_ib"": 18, ""n_cover"": 1, ""rect"": [0.0, 0.0, 4096.0, 4096.0], ""max_radius"": 8}"
0	828	862	2	54	109	288	3261	3132	828	862	393	producer_home_outside_R_cap	producer_home_outside_R_cap	0	0	0	"{""n_cands"": 1483, ""n_ib"": 101, ""n_cover"": 1, ""rect"": [0.0, 0.0, 4096.0, 4096.0], ""max_radius"": 8}"
0	828	862	2	54	108	288	3354	3012	829	862	40	producer_home_outside_R_cap	producer_home_outside_R_cap	0	0	0	"{""n_cands"": 1483, ""n_ib"": 101, ""n_cover"": 1, ""rect"": [0.0, 0.0, 4096.0, 4096.0], ""max_radius"": 8}"
0	828	862	2	54	107	288	3447	2891	831	861	28	producer_home_outside_R_cap	producer_home_outside_R_cap	0	0	0	"{""n_cands"": 1483, ""n_ib"": 101, ""n_cover"": 1, ""rect"": [0.0, 0.0, 4096.0, 4096.0], ""max_radius"": 8}"
0	828	862	2	54	106	288	3539	2771	829	862	279	producer_home_outside_R_cap	producer_home_outside_R_cap	0	0	0	"{""n_cands"": 1483, ""n_ib"": 101, ""n_cover"": 1, ""rect"": [0.0, 0.0, 4096.0, 4096.0], ""max_radius"": 8}"
0	828	862	2	54	105	288	3632	2650	829	862	258	producer_home_outside_R_cap	producer_home_outside_R_cap	0	0	0	"{""n_cands"": 1483, ""n_ib"": 101, ""n_cover"": 1, ""rect"": [0.0, 0.0, 4096.0, 4096.0], ""max_radius"": 8}"
0	828	862	2	54	104	288	3725	2530	829	862	12	producer_home_outside_R_cap	producer_home_outside_R_cap	0	0	0	"{""n_cands"": 1483, ""n_ib"": 101, ""n_cover"": 1, ""rect"": [0.0, 0.0, 4096.0, 4096.0], ""max_radius"": 8}"
0	828	862	2	54	103	288	3818	2409	829	862	12	producer_home_outside_R_cap	producer_home_outside_R_cap	0	0	0	"{""n_cands"": 1483, ""n_ib"": 101, ""n_cover"": 1, ""rect"": [0.0, 0.0, 4096.0, 4096.0], ""max_radius"": 8}"
0	828	862	2	54	102	288	3910	2289	829	862	12	producer_home_outside_R_cap	producer_home_outside_R_cap	0	0	0	"{""n_cands"": 1483, ""n_ib"": 101, ""n_cover"": 1, ""rect"": [0.0, 0.0, 4096.0, 4096.0], ""max_radius"": 8}"
0	828	862	2	54	101	288	4003	2168	829	862	12	producer_home_outside_R_cap	producer_home_outside_R_cap	0	0	0	"{""n_cands"": 1483, ""n_ib"": 101, ""n_cover"": 1, ""rect"": [0.0, 0.0, 4096.0, 4096.0], ""max_radius"": 8}"
