dump_row	level	ix	iy	type	block	shape_ref	branch	c_tol_only	mirror_emits	c_records	representable	all_demanders_unrepresentable
0	0	1814	548	288	[0,39,0,7,2,0,0]	L0:home(1814,547):ordinal=3	b	False	False	0	False	1
1	0	1709	554	291	[0,38,5,6,2,5,0]	L0:home(1710,554):ordinal=1	b	False	False	0	False	1
2	0	851	637	288	[0,35,10,3,2,2,1]	tall=6214:L0:home(851,617):ordinal=0	b	False	False	0	False	1
3	0	867	638	288	[0,35,11,3,2,3,1]	tall=6215:L0:home(867,617):ordinal=0	b	False	False	0	False	1
3	0	867	638	288	[0,35,11,3,2,3,1]	tall=7492:L0:home(923,638):ordinal=0	b	False	False	0	False	1
3	0	867	638	288	[0,35,11,3,2,3,1]	tall=10371:L0:home(867,681):ordinal=0	b	False	False	0	False	1
4	0	869	638	288	[0,35,11,3,2,3,1]	tall=7492:L0:home(923,638):ordinal=0	b	False	False	0	False	1
5	0	870	638	288	[0,35,11,3,2,3,1]	tall=7492:L0:home(923,638):ordinal=0	b	False	False	0	False	1
6	0	871	638	288	[0,35,11,3,2,3,1]	tall=7492:L0:home(923,638):ordinal=0	b	False	False	0	False	1
7	0	872	638	288	[0,35,11,3,2,3,1]	tall=7492:L0:home(923,638):ordinal=0	b	False	False	0	False	1
8	0	873	638	288	[0,35,11,3,2,3,1]	tall=7492:L0:home(923,638):ordinal=0	b	False	False	0	False	1
9	0	875	638	288	[0,35,11,3,2,3,1]	tall=7492:L0:home(923,638):ordinal=0	b	False	False	0	False	1
10	0	876	638	288	[0,35,11,3,2,3,1]	tall=7492:L0:home(923,638):ordinal=0	b	False	False	0	False	1
11	0	877	638	288	[0,35,11,3,2,3,1]	tall=7492:L0:home(923,638):ordinal=0	b	False	False	0	False	1
12	0	878	638	288	[0,35,11,3,2,3,1]	tall=7492:L0:home(923,638):ordinal=0	b	False	False	0	False	1
13	0	880	638	288	[0,35,11,3,2,3,1]	tall=7492:L0:home(923,638):ordinal=0	b	False	False	0	False	1
14	0	881	638	288	[0,35,11,3,2,3,1]	tall=7492:L0:home(923,638):ordinal=0	b	False	False	0	False	1
15	0	882	638	288	[0,35,11,3,2,3,1]	tall=7492:L0:home(923,638):ordinal=0	b	False	False	0	False	1
16	0	883	638	288	[0,35,11,3,2,3,1]	tall=7492:L0:home(923,638):ordinal=0	b	False	False	0	False	1
17	0	885	638	288	[0,35,11,3,2,3,1]	tall=7492:L0:home(923,638):ordinal=0	b	False	False	0	False	1
18	0	886	638	288	[0,35,11,3,2,3,1]	tall=7492:L0:home(923,638):ordinal=0	b	False	False	0	False	1
19	0	887	638	288	[0,35,11,3,2,3,1]	tall=7492:L0:home(923,638):ordinal=0	b	False	False	0	False	1
20	0	888	638	288	[0,35,11,3,2,3,1]	tall=7492:L0:home(923,638):ordinal=0	b	False	False	0	False	1
21	0	890	638	288	[0,35,11,3,2,3,1]	tall=7492:L0:home(923,638):ordinal=0	b	False	False	0	False	1
22	0	892	638	288	[0,35,11,3,2,3,1]	tall=7492:L0:home(923,638):ordinal=0	b	False	False	0	False	1
23	0	893	638	288	[0,35,11,3,2,3,1]	tall=7492:L0:home(923,638):ordinal=0	b	False	False	0	False	1
24	0	894	638	288	[0,35,11,3,2,3,1]	tall=7492:L0:home(923,638):ordinal=0	b	False	False	0	False	1
335	0	1379	1138	288	[0,69,11,5,4,3,1]	tall=39083:L0:home(1379,1143):ordinal=0	c	True	False	0	False	1
