level	ix	iy	code	p0	p1	p2	p3	p4	p5	p6	shape	vert	dump_row	phase2_group	phase3_group
0	1814	548	288	0	0	0	0	0	0	0	-1	-1	0	r-absent-complete-repair-zero	r-absent-complete-repair-zero
0	1709	554	291	0	0	0	0	0	0	0	-1	-1	1	r-absent-complete-repair-zero	r-absent-complete-repair-zero
0	851	637	288	0	0	0	0	0	0	0	-1	-1	2	g-omits-cell-local-dvd-type	g-omits-cell-local-dvd-type
0	867	638	288	0	0	0	0	0	0	0	-1	-1	3	g-omits-cell-local-dvd-type	g-omits-cell-local-dvd-type
0	869	638	288	0	0	0	0	0	0	0	-1	-1	4	g-omits-cell-local-dvd-type	g-omits-cell-local-dvd-type
0	870	638	288	0	0	0	0	0	0	0	-1	-1	5	g-omits-cell-local-dvd-type	g-omits-cell-local-dvd-type
0	871	638	288	0	0	0	0	0	0	0	-1	-1	6	g-omits-cell-local-dvd-type	g-omits-cell-local-dvd-type
0	872	638	288	0	0	0	0	0	0	0	-1	-1	7	g-omits-cell-local-dvd-type	g-omits-cell-local-dvd-type
0	873	638	288	0	0	0	0	0	0	0	-1	-1	8	g-omits-cell-local-dvd-type	g-omits-cell-local-dvd-type
0	875	638	288	0	0	0	0	0	0	0	-1	-1	9	g-omits-cell-local-dvd-type	g-omits-cell-local-dvd-type
0	876	638	288	0	0	0	0	0	0	0	-1	-1	10	g-omits-cell-local-dvd-type	g-omits-cell-local-dvd-type
0	877	638	288	0	0	0	0	0	0	0	-1	-1	11	g-omits-cell-local-dvd-type	g-omits-cell-local-dvd-type
0	878	638	288	0	0	0	0	0	0	0	-1	-1	12	g-omits-cell-local-dvd-type	g-omits-cell-local-dvd-type
0	880	638	288	0	0	0	0	0	0	0	-1	-1	13	g-omits-cell-local-dvd-type	g-omits-cell-local-dvd-type
0	881	638	288	0	0	0	0	0	0	0	-1	-1	14	g-omits-cell-local-dvd-type	g-omits-cell-local-dvd-type
0	882	638	288	0	0	0	0	0	0	0	-1	-1	15	g-omits-cell-local-dvd-type	g-omits-cell-local-dvd-type
0	883	638	288	0	0	0	0	0	0	0	-1	-1	16	g-omits-cell-local-dvd-type	g-omits-cell-local-dvd-type
0	885	638	288	0	0	0	0	0	0	0	-1	-1	17	g-omits-cell-local-dvd-type	g-omits-cell-local-dvd-type
0	886	638	288	0	0	0	0	0	0	0	-1	-1	18	g-omits-cell-local-dvd-type	g-omits-cell-local-dvd-type
0	887	638	288	0	0	0	0	0	0	0	-1	-1	19	g-omits-cell-local-dvd-type	g-omits-cell-local-dvd-type
0	888	638	288	0	0	0	0	0	0	0	-1	-1	20	g-omits-cell-local-dvd-type	g-omits-cell-local-dvd-type
0	890	638	288	0	0	0	0	0	0	0	-1	-1	21	g-omits-cell-local-dvd-type	g-omits-cell-local-dvd-type
0	892	638	288	0	0	0	0	0	0	0	-1	-1	22	g-omits-cell-local-dvd-type	g-omits-cell-local-dvd-type
0	893	638	288	0	0	0	0	0	0	0	-1	-1	23	g-omits-cell-local-dvd-type	g-omits-cell-local-dvd-type
0	894	638	288	0	0	0	0	0	0	0	-1	-1	24	g-omits-cell-local-dvd-type	g-omits-cell-local-dvd-type
0	895	638	288	0	0	0	0	0	0	0	-1	-1	25	g-omits-cell-local-dvd-type	g-omits-cell-local-dvd-type
0	897	638	288	0	0	0	0	0	0	0	-1	-1	26	g-omits-cell-local-dvd-type	g-omits-cell-local-dvd-type
0	899	638	288	0	0	0	0	0	0	0	-1	-1	27	g-omits-cell-local-dvd-type	g-omits-cell-local-dvd-type
0	900	638	288	0	0	0	0	0	0	0	-1	-1	28	g-omits-cell-local-dvd-type	g-omits-cell-local-dvd-type
0	901	638	288	0	0	0	0	0	0	0	-1	-1	29	g-omits-cell-local-dvd-type	g-omits-cell-local-dvd-type
0	902	638	288	0	0	0	0	0	0	0	-1	-1	30	g-omits-cell-local-dvd-type	g-omits-cell-local-dvd-type
0	904	638	288	0	0	0	0	0	0	0	-1	-1	31	g-omits-cell-local-dvd-type	g-omits-cell-local-dvd-type
0	905	638	288	0	0	0	0	0	0	0	-1	-1	32	g-omits-cell-local-dvd-type	g-omits-cell-local-dvd-type
0	906	638	288	0	0	0	0	0	0	0	-1	-1	33	g-omits-cell-local-dvd-type	g-omits-cell-local-dvd-type
0	907	638	288	0	0	0	0	0	0	0	-1	-1	34	g-omits-cell-local-dvd-type	g-omits-cell-local-dvd-type
0	908	638	288	0	0	0	0	0	0	0	-1	-1	35	g-omits-cell-local-dvd-type	g-omits-cell-local-dvd-type
0	910	638	288	0	0	0	0	0	0	0	-1	-1	36	g-omits-cell-local-dvd-type	g-omits-cell-local-dvd-type
0	911	638	288	0	0	0	0	0	0	0	-1	-1	37	g-omits-cell-local-dvd-type	g-omits-cell-local-dvd-type
0	912	638	288	0	0	0	0	0	0	0	-1	-1	38	g-omits-cell-local-dvd-type	g-omits-cell-local-dvd-type
0	913	638	288	0	0	0	0	0	0	0	-1	-1	39	g-omits-cell-local-dvd-type	g-omits-cell-local-dvd-type
0	915	638	288	0	0	0	0	0	0	0	-1	-1	40	g-omits-cell-local-dvd-type	g-omits-cell-local-dvd-type
0	916	638	288	0	0	0	0	0	0	0	-1	-1	41	g-omits-cell-local-dvd-type	g-omits-cell-local-dvd-type
0	918	638	288	0	0	0	0	0	0	0	-1	-1	42	g-omits-cell-local-dvd-type	g-omits-cell-local-dvd-type
0	919	638	288	0	0	0	0	0	0	0	-1	-1	43	g-omits-cell-local-dvd-type	g-omits-cell-local-dvd-type
0	920	638	288	0	0	0	0	0	0	0	-1	-1	44	g-omits-cell-local-dvd-type	g-omits-cell-local-dvd-type
0	921	638	288	0	0	0	0	0	0	0	-1	-1	45	g-omits-cell-local-dvd-type	g-omits-cell-local-dvd-type
0	922	638	288	0	0	0	0	0	0	0	-1	-1	46	g-omits-cell-local-dvd-type	g-omits-cell-local-dvd-type
0	923	638	288	0	0	0	0	0	0	0	-1	-1	47	g-omits-cell-local-dvd-type	g-omits-cell-local-dvd-type
0	925	638	288	0	0	0	0	0	0	0	-1	-1	48	g-omits-cell-local-dvd-type	g-omits-cell-local-dvd-type
0	927	638	288	0	0	0	0	0	0	0	-1	-1	49	g-omits-cell-local-dvd-type	g-omits-cell-local-dvd-type
0	928	638	288	0	0	0	0	0	0	0	-1	-1	50	g-omits-cell-local-dvd-type	g-omits-cell-local-dvd-type
0	929	638	288	0	0	0	0	0	0	0	-1	-1	51	g-omits-cell-local-dvd-type	g-omits-cell-local-dvd-type
0	930	638	288	0	0	0	0	0	0	0	-1	-1	52	g-omits-cell-local-dvd-type	g-omits-cell-local-dvd-type
0	931	638	288	0	0	0	0	0	0	0	-1	-1	53	g-omits-cell-local-dvd-type	g-omits-cell-local-dvd-type
0	933	638	288	0	0	0	0	0	0	0	-1	-1	54	g-omits-cell-local-dvd-type	g-omits-cell-local-dvd-type
0	934	638	288	0	0	0	0	0	0	0	-1	-1	55	g-omits-cell-local-dvd-type	g-omits-cell-local-dvd-type
0	935	638	288	0	0	0	0	0	0	0	-1	-1	56	g-omits-cell-local-dvd-type	g-omits-cell-local-dvd-type
0	937	638	288	0	0	0	0	0	0	0	-1	-1	57	g-omits-cell-local-dvd-type	g-omits-cell-local-dvd-type
0	938	638	288	0	0	0	0	0	0	0	-1	-1	58	g-omits-cell-local-dvd-type	g-omits-cell-local-dvd-type
0	939	638	288	0	0	0	0	0	0	0	-1	-1	59	g-omits-cell-local-dvd-type	g-omits-cell-local-dvd-type
0	940	638	288	0	0	0	0	0	0	0	-1	-1	60	g-omits-cell-local-dvd-type	g-omits-cell-local-dvd-type
0	942	638	288	0	0	0	0	0	0	0	-1	-1	61	g-omits-cell-local-dvd-type	g-omits-cell-local-dvd-type
0	943	638	288	0	0	0	0	0	0	0	-1	-1	62	g-omits-cell-local-dvd-type	g-omits-cell-local-dvd-type
0	944	638	288	0	0	0	0	0	0	0	-1	-1	63	g-omits-cell-local-dvd-type	g-omits-cell-local-dvd-type
0	945	638	288	0	0	0	0	0	0	0	-1	-1	64	g-omits-cell-local-dvd-type	g-omits-cell-local-dvd-type
0	946	638	288	0	0	0	0	0	0	0	-1	-1	65	g-omits-cell-local-dvd-type	g-omits-cell-local-dvd-type
0	948	638	288	0	0	0	0	0	0	0	-1	-1	66	g-omits-cell-local-dvd-type	g-omits-cell-local-dvd-type
0	949	638	288	0	0	0	0	0	0	0	-1	-1	67	g-omits-cell-local-dvd-type	g-omits-cell-local-dvd-type
0	950	638	288	0	0	0	0	0	0	0	-1	-1	68	g-omits-cell-local-dvd-type	g-omits-cell-local-dvd-type
0	951	638	288	0	0	0	0	0	0	0	-1	-1	69	g-omits-cell-local-dvd-type	g-omits-cell-local-dvd-type
0	953	638	288	0	0	0	0	0	0	0	-1	-1	70	g-omits-cell-local-dvd-type	g-omits-cell-local-dvd-type
0	954	638	288	0	0	0	0	0	0	0	-1	-1	71	g-omits-cell-local-dvd-type	g-omits-cell-local-dvd-type
0	955	638	288	0	0	0	0	0	0	0	-1	-1	72	g-omits-cell-local-dvd-type	g-omits-cell-local-dvd-type
0	956	638	288	0	0	0	0	0	0	0	-1	-1	73	g-omits-cell-local-dvd-type	g-omits-cell-local-dvd-type
0	957	638	288	0	0	0	0	0	0	0	-1	-1	74	g-omits-cell-local-dvd-type	g-omits-cell-local-dvd-type
0	958	638	288	0	0	0	0	0	0	0	-1	-1	75	g-omits-cell-local-dvd-type	g-omits-cell-local-dvd-type
0	960	638	288	0	0	0	0	0	0	0	-1	-1	76	g-omits-cell-local-dvd-type	g-omits-cell-local-dvd-type
0	962	638	288	0	0	0	0	0	0	0	-1	-1	77	g-omits-cell-local-dvd-type	g-omits-cell-local-dvd-type
0	963	638	288	0	0	0	0	0	0	0	-1	-1	78	g-omits-cell-local-dvd-type	g-omits-cell-local-dvd-type
0	965	638	288	0	0	0	0	0	0	0	-1	-1	79	g-omits-cell-local-dvd-type	g-omits-cell-local-dvd-type
0	967	638	288	0	0	0	0	0	0	0	-1	-1	80	g-omits-cell-local-dvd-type	g-omits-cell-local-dvd-type
0	968	638	288	0	0	0	0	0	0	0	-1	-1	81	g-omits-cell-local-dvd-type	g-omits-cell-local-dvd-type
0	969	638	288	0	0	0	0	0	0	0	-1	-1	82	g-omits-cell-local-dvd-type	g-omits-cell-local-dvd-type
0	970	638	288	0	0	0	0	0	0	0	-1	-1	83	g-omits-cell-local-dvd-type	g-omits-cell-local-dvd-type
0	971	638	288	0	0	0	0	0	0	0	-1	-1	84	g-omits-cell-local-dvd-type	g-omits-cell-local-dvd-type
0	973	638	288	0	0	0	0	0	0	0	-1	-1	85	g-omits-cell-local-dvd-type	g-omits-cell-local-dvd-type
0	975	638	288	0	0	0	0	0	0	0	-1	-1	86	g-omits-cell-local-dvd-type	g-omits-cell-local-dvd-type
0	976	638	288	0	0	0	0	0	0	0	-1	-1	87	g-omits-cell-local-dvd-type	g-omits-cell-local-dvd-type
0	978	638	288	0	0	0	0	0	0	0	-1	-1	88	g-omits-cell-local-dvd-type	g-omits-cell-local-dvd-type
0	980	638	288	0	0	0	0	0	0	0	-1	-1	89	g-omits-cell-local-dvd-type	g-omits-cell-local-dvd-type
0	982	638	288	0	0	0	0	0	0	0	-1	-1	90	g-omits-cell-local-dvd-type	g-omits-cell-local-dvd-type
0	983	638	288	0	0	0	0	0	0	0	-1	-1	91	g-omits-cell-local-dvd-type	g-omits-cell-local-dvd-type
0	985	638	288	0	0	0	0	0	0	0	-1	-1	92	g-omits-cell-local-dvd-type	g-omits-cell-local-dvd-type
0	986	638	288	0	0	0	0	0	0	0	-1	-1	93	g-omits-cell-local-dvd-type	g-omits-cell-local-dvd-type
0	988	638	288	0	0	0	0	0	0	0	-1	-1	94	g-omits-cell-local-dvd-type	g-omits-cell-local-dvd-type
0	989	638	288	0	0	0	0	0	0	0	-1	-1	95	g-omits-cell-local-dvd-type	g-omits-cell-local-dvd-type
0	991	638	288	0	0	0	0	0	0	0	-1	-1	96	g-omits-cell-local-dvd-type	g-omits-cell-local-dvd-type
0	992	638	288	0	0	0	0	0	0	0	-1	-1	97	g-omits-cell-local-dvd-type	g-omits-cell-local-dvd-type
0	993	638	288	0	0	0	0	0	0	0	-1	-1	98	g-omits-cell-local-dvd-type	g-omits-cell-local-dvd-type
0	995	638	288	0	0	0	0	0	0	0	-1	-1	99	g-omits-cell-local-dvd-type	g-omits-cell-local-dvd-type
0	996	638	288	0	0	0	0	0	0	0	-1	-1	100	g-omits-cell-local-dvd-type	g-omits-cell-local-dvd-type
0	997	638	288	0	0	0	0	0	0	0	-1	-1	101	g-omits-cell-local-dvd-type	g-omits-cell-local-dvd-type
0	998	638	288	0	0	0	0	0	0	0	-1	-1	102	g-omits-cell-local-dvd-type	g-omits-cell-local-dvd-type
0	1000	638	288	0	0	0	0	0	0	0	-1	-1	103	g-omits-cell-local-dvd-type	g-omits-cell-local-dvd-type
0	1001	638	288	0	0	0	0	0	0	0	-1	-1	104	g-omits-cell-local-dvd-type	g-omits-cell-local-dvd-type
0	1003	638	288	0	0	0	0	0	0	0	-1	-1	105	g-omits-cell-local-dvd-type	g-omits-cell-local-dvd-type
0	1004	638	288	0	0	0	0	0	0	0	-1	-1	106	g-omits-cell-local-dvd-type	g-omits-cell-local-dvd-type
0	1006	638	288	0	0	0	0	0	0	0	-1	-1	107	g-omits-cell-local-dvd-type	g-omits-cell-local-dvd-type
0	1007	638	288	0	0	0	0	0	0	0	-1	-1	108	g-omits-cell-local-dvd-type	g-omits-cell-local-dvd-type
0	1008	638	288	0	0	0	0	0	0	0	-1	-1	109	g-omits-cell-local-dvd-type	g-omits-cell-local-dvd-type
0	1009	638	288	0	0	0	0	0	0	0	-1	-1	110	g-omits-cell-local-dvd-type	g-omits-cell-local-dvd-type
0	1011	638	288	0	0	0	0	0	0	0	-1	-1	111	g-omits-cell-local-dvd-type	g-omits-cell-local-dvd-type
0	1012	638	288	0	0	0	0	0	0	0	-1	-1	112	g-omits-cell-local-dvd-type	g-omits-cell-local-dvd-type
0	1013	638	288	0	0	0	0	0	0	0	-1	-1	113	g-omits-cell-local-dvd-type	g-omits-cell-local-dvd-type
0	1015	638	288	0	0	0	0	0	0	0	-1	-1	114	g-omits-cell-local-dvd-type	g-omits-cell-local-dvd-type
0	1016	638	288	0	0	0	0	0	0	0	-1	-1	115	g-omits-cell-local-dvd-type	g-omits-cell-local-dvd-type
0	1018	638	288	0	0	0	0	0	0	0	-1	-1	116	g-omits-cell-local-dvd-type	g-omits-cell-local-dvd-type
0	1019	638	288	0	0	0	0	0	0	0	-1	-1	117	g-omits-cell-local-dvd-type	g-omits-cell-local-dvd-type
0	1021	638	288	0	0	0	0	0	0	0	-1	-1	118	g-omits-cell-local-dvd-type	g-omits-cell-local-dvd-type
0	851	639	288	0	0	0	0	0	0	0	-1	-1	119	g-omits-cell-local-dvd-type	g-omits-cell-local-dvd-type
0	980	639	288	0	0	0	0	0	0	0	-1	-1	120	g-omits-cell-local-dvd-type	g-omits-cell-local-dvd-type
0	1793	647	578	0	0	0	0	0	0	0	-1	-1	121	r-absent-complete-repair-zero	r-absent-complete-repair-zero
0	1608	672	288	0	0	0	0	0	0	0	-1	-1	122	r-absent-complete-repair-zero	r-absent-complete-repair-zero
0	1703	685	288	0	0	0	0	0	0	0	-1	-1	123	r-absent-complete-repair-zero	r-absent-complete-repair-zero
0	1694	687	288	0	0	0	0	0	0	0	-1	-1	124	r-absent-complete-repair-zero	r-absent-complete-repair-zero
0	1546	690	288	0	0	0	0	0	0	0	-1	-1	125	r-absent-complete-repair-zero	r-absent-complete-repair-zero
0	1716	690	291	0	0	0	0	0	0	0	-1	-1	126	r-absent-complete-repair-zero	r-absent-complete-repair-zero
0	1690	693	291	0	0	0	0	0	0	0	-1	-1	127	r-absent-complete-repair-zero	r-absent-complete-repair-zero
0	855	695	288	0	0	0	0	0	0	0	-1	-1	128	g-omits-cell-local-dvd-type	g-omits-cell-local-dvd-type
0	856	695	288	0	0	0	0	0	0	0	-1	-1	129	g-omits-cell-local-dvd-type	g-omits-cell-local-dvd-type
0	857	695	288	0	0	0	0	0	0	0	-1	-1	130	g-omits-cell-local-dvd-type	g-omits-cell-local-dvd-type
0	858	695	288	0	0	0	0	0	0	0	-1	-1	131	g-omits-cell-local-dvd-type	g-omits-cell-local-dvd-type
0	859	695	288	0	0	0	0	0	0	0	-1	-1	132	g-omits-cell-local-dvd-type	g-omits-cell-local-dvd-type
0	860	695	288	0	0	0	0	0	0	0	-1	-1	133	g-omits-cell-local-dvd-type	g-omits-cell-local-dvd-type
0	862	695	288	0	0	0	0	0	0	0	-1	-1	134	g-omits-cell-local-dvd-type	g-omits-cell-local-dvd-type
0	863	695	288	0	0	0	0	0	0	0	-1	-1	135	g-omits-cell-local-dvd-type	g-omits-cell-local-dvd-type
0	865	695	288	0	0	0	0	0	0	0	-1	-1	136	g-omits-cell-local-dvd-type	g-omits-cell-local-dvd-type
0	867	695	288	0	0	0	0	0	0	0	-1	-1	137	g-omits-cell-local-dvd-type	g-omits-cell-local-dvd-type
0	1695	699	288	0	0	0	0	0	0	0	-1	-1	138	r-absent-complete-repair-zero	r-absent-complete-repair-zero
0	1783	701	288	0	0	0	0	0	0	0	-1	-1	139	r-absent-complete-repair-zero	r-absent-complete-repair-zero
0	694	710	288	0	0	0	0	0	0	0	-1	-1	140	g-omits-cell-local-dvd-type	g-omits-cell-local-dvd-type
0	695	710	288	0	0	0	0	0	0	0	-1	-1	141	g-omits-cell-local-dvd-type	g-omits-cell-local-dvd-type
0	696	710	288	0	0	0	0	0	0	0	-1	-1	142	g-omits-cell-local-dvd-type	g-omits-cell-local-dvd-type
0	697	710	288	0	0	0	0	0	0	0	-1	-1	143	g-omits-cell-local-dvd-type	g-omits-cell-local-dvd-type
0	699	710	288	0	0	0	0	0	0	0	-1	-1	144	g-omits-cell-local-dvd-type	g-omits-cell-local-dvd-type
0	700	710	288	0	0	0	0	0	0	0	-1	-1	145	g-omits-cell-local-dvd-type	g-omits-cell-local-dvd-type
0	702	710	288	0	0	0	0	0	0	0	-1	-1	146	g-omits-cell-local-dvd-type	g-omits-cell-local-dvd-type
0	703	710	288	0	0	0	0	0	0	0	-1	-1	147	g-omits-cell-local-dvd-type	g-omits-cell-local-dvd-type
0	705	710	288	0	0	0	0	0	0	0	-1	-1	148	g-omits-cell-local-dvd-type	g-omits-cell-local-dvd-type
0	706	710	288	0	0	0	0	0	0	0	-1	-1	149	g-omits-cell-local-dvd-type	g-omits-cell-local-dvd-type
0	707	710	288	0	0	0	0	0	0	0	-1	-1	150	g-omits-cell-local-dvd-type	g-omits-cell-local-dvd-type
0	708	710	288	0	0	0	0	0	0	0	-1	-1	151	g-omits-cell-local-dvd-type	g-omits-cell-local-dvd-type
0	710	710	288	0	0	0	0	0	0	0	-1	-1	152	g-omits-cell-local-dvd-type	g-omits-cell-local-dvd-type
0	711	710	288	0	0	0	0	0	0	0	-1	-1	153	g-omits-cell-local-dvd-type	g-omits-cell-local-dvd-type
0	712	710	288	0	0	0	0	0	0	0	-1	-1	154	g-omits-cell-local-dvd-type	g-omits-cell-local-dvd-type
0	714	710	288	0	0	0	0	0	0	0	-1	-1	155	g-omits-cell-local-dvd-type	g-omits-cell-local-dvd-type
0	715	710	288	0	0	0	0	0	0	0	-1	-1	156	g-omits-cell-local-dvd-type	g-omits-cell-local-dvd-type
0	717	710	288	0	0	0	0	0	0	0	-1	-1	157	g-omits-cell-local-dvd-type	g-omits-cell-local-dvd-type
0	718	710	288	0	0	0	0	0	0	0	-1	-1	158	g-omits-cell-local-dvd-type	g-omits-cell-local-dvd-type
0	719	710	288	0	0	0	0	0	0	0	-1	-1	159	g-omits-cell-local-dvd-type	g-omits-cell-local-dvd-type
0	721	710	288	0	0	0	0	0	0	0	-1	-1	160	g-omits-cell-local-dvd-type	g-omits-cell-local-dvd-type
0	722	710	288	0	0	0	0	0	0	0	-1	-1	161	g-omits-cell-local-dvd-type	g-omits-cell-local-dvd-type
0	723	710	288	0	0	0	0	0	0	0	-1	-1	162	g-omits-cell-local-dvd-type	g-omits-cell-local-dvd-type
0	724	710	288	0	0	0	0	0	0	0	-1	-1	163	g-omits-cell-local-dvd-type	g-omits-cell-local-dvd-type
0	726	710	288	0	0	0	0	0	0	0	-1	-1	164	g-omits-cell-local-dvd-type	g-omits-cell-local-dvd-type
0	727	710	288	0	0	0	0	0	0	0	-1	-1	165	g-omits-cell-local-dvd-type	g-omits-cell-local-dvd-type
0	729	710	288	0	0	0	0	0	0	0	-1	-1	166	g-omits-cell-local-dvd-type	g-omits-cell-local-dvd-type
0	730	710	288	0	0	0	0	0	0	0	-1	-1	167	g-omits-cell-local-dvd-type	g-omits-cell-local-dvd-type
0	732	710	288	0	0	0	0	0	0	0	-1	-1	168	g-omits-cell-local-dvd-type	g-omits-cell-local-dvd-type
0	733	710	288	0	0	0	0	0	0	0	-1	-1	169	g-omits-cell-local-dvd-type	g-omits-cell-local-dvd-type
0	734	710	288	0	0	0	0	0	0	0	-1	-1	170	g-omits-cell-local-dvd-type	g-omits-cell-local-dvd-type
0	736	710	288	0	0	0	0	0	0	0	-1	-1	171	g-omits-cell-local-dvd-type	g-omits-cell-local-dvd-type
0	737	710	288	0	0	0	0	0	0	0	-1	-1	172	g-omits-cell-local-dvd-type	g-omits-cell-local-dvd-type
0	1581	716	288	0	0	0	0	0	0	0	-1	-1	173	r-absent-complete-repair-zero	r-absent-complete-repair-zero
0	1749	716	288	0	0	0	0	0	0	0	-1	-1	174	r-absent-complete-repair-zero	r-absent-complete-repair-zero
0	1806	731	291	0	0	0	0	0	0	0	-1	-1	175	r-absent-complete-repair-zero	r-absent-complete-repair-zero
0	1066	733	288	0	0	0	0	0	0	0	-1	-1	176	g-omits-cell-local-dvd-type	g-omits-cell-local-dvd-type
0	1068	733	288	0	0	0	0	0	0	0	-1	-1	177	g-omits-cell-local-dvd-type	g-omits-cell-local-dvd-type
0	1069	733	288	0	0	0	0	0	0	0	-1	-1	178	g-omits-cell-local-dvd-type	g-omits-cell-local-dvd-type
0	1070	733	288	0	0	0	0	0	0	0	-1	-1	179	g-omits-cell-local-dvd-type	g-omits-cell-local-dvd-type
0	1072	733	288	0	0	0	0	0	0	0	-1	-1	180	g-omits-cell-local-dvd-type	g-omits-cell-local-dvd-type
0	1073	733	288	0	0	0	0	0	0	0	-1	-1	181	g-omits-cell-local-dvd-type	g-omits-cell-local-dvd-type
0	1075	733	288	0	0	0	0	0	0	0	-1	-1	182	g-omits-cell-local-dvd-type	g-omits-cell-local-dvd-type
0	1076	733	288	0	0	0	0	0	0	0	-1	-1	183	g-omits-cell-local-dvd-type	g-omits-cell-local-dvd-type
0	1077	733	288	0	0	0	0	0	0	0	-1	-1	184	g-omits-cell-local-dvd-type	g-omits-cell-local-dvd-type
0	1078	733	288	0	0	0	0	0	0	0	-1	-1	185	g-omits-cell-local-dvd-type	g-omits-cell-local-dvd-type
0	1066	734	288	0	0	0	0	0	0	0	-1	-1	186	g-omits-cell-local-dvd-type	g-omits-cell-local-dvd-type
0	1852	746	288	0	0	0	0	0	0	0	-1	-1	187	r-absent-complete-repair-zero	r-absent-complete-repair-zero
0	766	760	288	0	0	0	0	0	0	0	-1	-1	188	g-omits-cell-local-dvd-type	g-omits-cell-local-dvd-type
0	768	760	288	0	0	0	0	0	0	0	-1	-1	189	g-omits-cell-local-dvd-type	g-omits-cell-local-dvd-type
0	770	760	288	0	0	0	0	0	0	0	-1	-1	190	g-omits-cell-local-dvd-type	g-omits-cell-local-dvd-type
0	771	760	288	0	0	0	0	0	0	0	-1	-1	191	g-omits-cell-local-dvd-type	g-omits-cell-local-dvd-type
0	772	760	288	0	0	0	0	0	0	0	-1	-1	192	g-omits-cell-local-dvd-type	g-omits-cell-local-dvd-type
0	773	760	288	0	0	0	0	0	0	0	-1	-1	193	g-omits-cell-local-dvd-type	g-omits-cell-local-dvd-type
0	774	760	288	0	0	0	0	0	0	0	-1	-1	194	g-omits-cell-local-dvd-type	g-omits-cell-local-dvd-type
0	775	760	288	0	0	0	0	0	0	0	-1	-1	195	g-omits-cell-local-dvd-type	g-omits-cell-local-dvd-type
0	776	760	288	0	0	0	0	0	0	0	-1	-1	196	g-omits-cell-local-dvd-type	g-omits-cell-local-dvd-type
0	778	760	288	0	0	0	0	0	0	0	-1	-1	197	g-omits-cell-local-dvd-type	g-omits-cell-local-dvd-type
0	783	760	288	0	0	0	0	0	0	0	-1	-1	198	r-absent-complete-repair-zero	r-absent-complete-repair-zero
0	1414	764	288	0	0	0	0	0	0	0	-1	-1	199	r-absent-complete-repair-zero	r-absent-complete-repair-zero
0	1454	766	288	0	0	0	0	0	0	0	-1	-1	200	r-absent-complete-repair-zero	r-absent-complete-repair-zero
0	1454	767	288	0	0	0	0	0	0	0	-1	-1	201	r-absent-complete-repair-zero	r-absent-complete-repair-zero
0	1639	767	288	0	0	0	0	0	0	0	-1	-1	202	r-absent-complete-repair-zero	r-absent-complete-repair-zero
0	1829	770	288	0	0	0	0	0	0	0	-1	-1	203	r-absent-complete-repair-zero	r-absent-complete-repair-zero
0	1720	774	288	0	0	0	0	0	0	0	-1	-1	204	r-absent-complete-repair-zero	r-absent-complete-repair-zero
0	962	780	291	0	0	0	0	0	0	0	-1	-1	205	r-absent-complete-repair-zero	r-absent-complete-repair-zero
0	1063	784	288	0	0	0	0	0	0	0	-1	-1	206	r-absent-complete-repair-zero	r-absent-complete-repair-zero
0	1608	786	288	0	0	0	0	0	0	0	-1	-1	207	r-absent-complete-repair-zero	r-absent-complete-repair-zero
0	1063	789	288	0	0	0	0	0	0	0	-1	-1	208	r-absent-complete-repair-zero	r-absent-complete-repair-zero
0	1570	789	288	0	0	0	0	0	0	0	-1	-1	209	r-absent-complete-repair-zero	r-absent-complete-repair-zero
0	694	790	288	0	0	0	0	0	0	0	-1	-1	210	g-omits-cell-local-dvd-type	g-omits-cell-local-dvd-type
0	1075	790	288	0	0	0	0	0	0	0	-1	-1	211	r-absent-complete-repair-zero	r-absent-complete-repair-zero
0	1723	792	288	0	0	0	0	0	0	0	-1	-1	212	r-absent-complete-repair-zero	r-absent-complete-repair-zero
0	1780	792	288	0	0	0	0	0	0	0	-1	-1	213	r-absent-complete-repair-zero	r-absent-complete-repair-zero
0	1063	794	288	0	0	0	0	0	0	0	-1	-1	214	r-absent-complete-repair-zero	r-absent-complete-repair-zero
0	1075	796	288	0	0	0	0	0	0	0	-1	-1	215	r-absent-complete-repair-zero	r-absent-complete-repair-zero
0	1469	800	288	0	0	0	0	0	0	0	-1	-1	216	r-absent-complete-repair-zero	r-absent-complete-repair-zero
0	1705	820	288	0	0	0	0	0	0	0	-1	-1	217	r-absent-complete-repair-zero	r-absent-complete-repair-zero
0	1531	822	288	0	0	0	0	0	0	0	-1	-1	218	r-absent-complete-repair-zero	r-absent-complete-repair-zero
0	960	832	288	0	0	0	0	0	0	0	-1	-1	219	r-absent-complete-repair-zero	r-absent-complete-repair-zero
0	1424	832	288	0	0	0	0	0	0	0	-1	-1	220	r-absent-complete-repair-zero	r-absent-complete-repair-zero
0	960	838	288	0	0	0	0	0	0	0	-1	-1	221	r-absent-complete-repair-zero	r-absent-complete-repair-zero
0	960	843	288	0	0	0	0	0	0	0	-1	-1	222	r-absent-complete-repair-zero	r-absent-complete-repair-zero
0	1751	845	288	0	0	0	0	0	0	0	-1	-1	223	r-absent-complete-repair-zero	r-absent-complete-repair-zero
0	793	854	288	0	0	0	0	0	0	0	-1	-1	224	r-absent-complete-repair-zero	r-absent-complete-repair-zero
0	794	854	288	0	0	0	0	0	0	0	-1	-1	225	r-absent-complete-repair-zero	r-absent-complete-repair-zero
0	795	854	288	0	0	0	0	0	0	0	-1	-1	226	r-absent-complete-repair-zero	r-absent-complete-repair-zero
0	796	855	288	0	0	0	0	0	0	0	-1	-1	227	r-absent-complete-repair-zero	r-absent-complete-repair-zero
0	960	858	288	0	0	0	0	0	0	0	-1	-1	228	r-absent-complete-repair-zero	r-absent-complete-repair-zero
0	785	859	288	0	0	0	0	0	0	0	-1	-1	229	r-absent-complete-repair-zero	r-absent-complete-repair-zero
0	787	859	288	0	0	0	0	0	0	0	-1	-1	230	r-absent-complete-repair-zero	r-absent-complete-repair-zero
0	789	859	288	0	0	0	0	0	0	0	-1	-1	231	r-absent-complete-repair-zero	r-absent-complete-repair-zero
0	791	859	288	0	0	0	0	0	0	0	-1	-1	232	r-absent-complete-repair-zero	r-absent-complete-repair-zero
0	1435	863	288	0	0	0	0	0	0	0	-1	-1	233	r-absent-complete-repair-zero	r-absent-complete-repair-zero
0	1860	866	288	0	0	0	0	0	0	0	-1	-1	234	r-absent-complete-repair-zero	r-absent-complete-repair-zero
0	1364	875	288	0	0	0	0	0	0	0	-1	-1	235	r-absent-complete-repair-zero	r-absent-complete-repair-zero
0	913	876	578	0	0	0	0	0	0	0	-1	-1	236	r-absent-complete-repair-zero	r-absent-complete-repair-zero
0	784	878	288	0	0	0	0	0	0	0	-1	-1	237	r-absent-complete-repair-zero	r-absent-complete-repair-zero
0	786	878	288	0	0	0	0	0	0	0	-1	-1	238	r-absent-complete-repair-zero	r-absent-complete-repair-zero
0	787	878	288	0	0	0	0	0	0	0	-1	-1	239	r-absent-complete-repair-zero	r-absent-complete-repair-zero
0	788	878	288	0	0	0	0	0	0	0	-1	-1	240	r-absent-complete-repair-zero	r-absent-complete-repair-zero
0	789	878	288	0	0	0	0	0	0	0	-1	-1	241	r-absent-complete-repair-zero	r-absent-complete-repair-zero
0	790	878	288	0	0	0	0	0	0	0	-1	-1	242	r-absent-complete-repair-zero	r-absent-complete-repair-zero
0	1291	880	288	0	0	0	0	0	0	0	-1	-1	243	r-absent-complete-repair-zero	r-absent-complete-repair-zero
0	1248	883	288	0	0	0	0	0	0	0	-1	-1	244	r-absent-complete-repair-zero	r-absent-complete-repair-zero
0	1248	885	288	0	0	0	0	0	0	0	-1	-1	245	r-absent-complete-repair-zero	r-absent-complete-repair-zero
0	834	886	321	0	0	0	0	0	0	0	-1	-1	246	g-omits-cell-local-dvd-type	g-omits-cell-local-dvd-type
0	931	914	288	0	0	0	0	0	0	0	-1	-1	247	r-absent-complete-repair-zero	r-absent-complete-repair-zero
0	1788	917	291	0	0	0	0	0	0	0	-1	-1	248	r-absent-complete-repair-zero	r-absent-complete-repair-zero
0	1248	921	288	0	0	0	0	0	0	0	-1	-1	249	r-absent-complete-repair-zero	r-absent-complete-repair-zero
0	970	923	288	0	0	0	0	0	0	0	-1	-1	250	r-absent-complete-repair-zero	r-absent-complete-repair-zero
0	1906	945	578	0	0	0	0	0	0	0	-1	-1	251	r-absent-complete-repair-zero	r-absent-complete-repair-zero
0	2132	945	288	0	0	0	0	0	0	0	-1	-1	252	g-omits-cell-local-dvd-type	g-omits-cell-local-dvd-type
0	1914	949	578	0	0	0	0	0	0	0	-1	-1	253	r-absent-complete-repair-zero	r-absent-complete-repair-zero
0	1899	958	291	0	0	0	0	0	0	0	-1	-1	254	r-absent-complete-repair-zero	r-absent-complete-repair-zero
0	993	975	288	0	0	0	0	0	0	0	-1	-1	255	r-absent-complete-repair-zero	r-absent-complete-repair-zero
0	1907	975	291	0	0	0	0	0	0	0	-1	-1	256	r-absent-complete-repair-zero	r-absent-complete-repair-zero
0	1823	983	288	0	0	0	0	0	0	0	-1	-1	257	r-absent-complete-repair-zero	r-absent-complete-repair-zero
0	1925	990	578	0	0	0	0	0	0	0	-1	-1	258	r-absent-complete-repair-zero	r-absent-complete-repair-zero
0	1926	992	578	0	0	0	0	0	0	0	-1	-1	259	r-absent-complete-repair-zero	r-absent-complete-repair-zero
0	1903	995	291	0	0	0	0	0	0	0	-1	-1	260	r-absent-complete-repair-zero	r-absent-complete-repair-zero
0	1846	1008	288	0	0	0	0	0	0	0	-1	-1	261	r-absent-complete-repair-zero	r-absent-complete-repair-zero
0	637	1017	288	0	0	0	0	0	0	0	-1	-1	262	g-omits-cell-local-dvd-type	g-omits-cell-local-dvd-type
0	640	1017	288	0	0	0	0	0	0	0	-1	-1	263	g-omits-cell-local-dvd-type	g-omits-cell-local-dvd-type
0	645	1017	288	0	0	0	0	0	0	0	-1	-1	264	g-omits-cell-local-dvd-type	g-omits-cell-local-dvd-type
0	650	1017	288	0	0	0	0	0	0	0	-1	-1	265	g-omits-cell-local-dvd-type	g-omits-cell-local-dvd-type
0	655	1017	288	0	0	0	0	0	0	0	-1	-1	266	g-omits-cell-local-dvd-type	g-omits-cell-local-dvd-type
0	660	1017	288	0	0	0	0	0	0	0	-1	-1	267	g-omits-cell-local-dvd-type	g-omits-cell-local-dvd-type
0	665	1017	288	0	0	0	0	0	0	0	-1	-1	268	g-omits-cell-local-dvd-type	g-omits-cell-local-dvd-type
0	670	1017	288	0	0	0	0	0	0	0	-1	-1	269	g-omits-cell-local-dvd-type	g-omits-cell-local-dvd-type
0	675	1017	288	0	0	0	0	0	0	0	-1	-1	270	g-omits-cell-local-dvd-type	g-omits-cell-local-dvd-type
0	680	1017	288	0	0	0	0	0	0	0	-1	-1	271	g-omits-cell-local-dvd-type	g-omits-cell-local-dvd-type
0	685	1017	288	0	0	0	0	0	0	0	-1	-1	272	g-omits-cell-local-dvd-type	g-omits-cell-local-dvd-type
0	690	1017	288	0	0	0	0	0	0	0	-1	-1	273	g-omits-cell-local-dvd-type	g-omits-cell-local-dvd-type
0	695	1017	288	0	0	0	0	0	0	0	-1	-1	274	g-omits-cell-local-dvd-type	g-omits-cell-local-dvd-type
0	700	1017	288	0	0	0	0	0	0	0	-1	-1	275	g-omits-cell-local-dvd-type	g-omits-cell-local-dvd-type
0	705	1017	288	0	0	0	0	0	0	0	-1	-1	276	g-omits-cell-local-dvd-type	g-omits-cell-local-dvd-type
0	710	1017	288	0	0	0	0	0	0	0	-1	-1	277	g-omits-cell-local-dvd-type	g-omits-cell-local-dvd-type
0	718	1017	288	0	0	0	0	0	0	0	-1	-1	278	g-omits-cell-local-dvd-type	g-omits-cell-local-dvd-type
0	1892	1020	291	0	0	0	0	0	0	0	-1	-1	279	r-absent-complete-repair-zero	r-absent-complete-repair-zero
0	1975	1021	291	0	0	0	0	0	0	0	-1	-1	280	r-absent-complete-repair-zero	r-absent-complete-repair-zero
0	1038	1026	288	0	0	0	0	0	0	0	-1	-1	281	r-absent-complete-repair-zero	r-absent-complete-repair-zero
0	1915	1030	288	0	0	0	0	0	0	0	-1	-1	282	r-absent-complete-repair-zero	r-absent-complete-repair-zero
0	1931	1038	288	0	0	0	0	0	0	0	-1	-1	283	r-absent-complete-repair-zero	r-absent-complete-repair-zero
0	1411	1044	288	0	0	0	0	0	0	0	-1	-1	284	r-absent-complete-repair-zero	r-absent-complete-repair-zero
0	1041	1047	288	0	0	0	0	0	0	0	-1	-1	285	r-absent-complete-repair-zero	r-absent-complete-repair-zero
0	1751	1047	288	0	0	0	0	0	0	0	-1	-1	286	r-absent-complete-repair-zero	r-absent-complete-repair-zero
0	738	1051	288	0	0	0	0	0	0	0	-1	-1	287	r-absent-complete-repair-zero	r-absent-complete-repair-zero
0	1248	1052	288	0	0	0	0	0	0	0	-1	-1	288	r-absent-complete-repair-zero	r-absent-complete-repair-zero
0	1248	1054	288	0	0	0	0	0	0	0	-1	-1	289	r-absent-complete-repair-zero	r-absent-complete-repair-zero
0	1412	1056	288	0	0	0	0	0	0	0	-1	-1	290	r-absent-complete-repair-zero	r-absent-complete-repair-zero
0	1248	1057	288	0	0	0	0	0	0	0	-1	-1	291	r-absent-complete-repair-zero	r-absent-complete-repair-zero
0	1248	1061	288	0	0	0	0	0	0	0	-1	-1	292	r-absent-complete-repair-zero	r-absent-complete-repair-zero
0	1248	1063	288	0	0	0	0	0	0	0	-1	-1	293	r-absent-complete-repair-zero	r-absent-complete-repair-zero
0	1248	1065	288	0	0	0	0	0	0	0	-1	-1	294	r-absent-complete-repair-zero	r-absent-complete-repair-zero
0	1248	1067	288	0	0	0	0	0	0	0	-1	-1	295	r-absent-complete-repair-zero	r-absent-complete-repair-zero
0	1248	1070	288	0	0	0	0	0	0	0	-1	-1	296	r-absent-complete-repair-zero	r-absent-complete-repair-zero
0	1404	1072	578	0	0	0	0	0	0	0	-1	-1	297	r-absent-complete-repair-zero	r-absent-complete-repair-zero
0	1248	1074	288	0	0	0	0	0	0	0	-1	-1	298	r-absent-complete-repair-zero	r-absent-complete-repair-zero
0	979	1075	288	0	0	0	0	0	0	0	-1	-1	299	r-absent-complete-repair-zero	r-absent-complete-repair-zero
0	1248	1076	288	0	0	0	0	0	0	0	-1	-1	300	r-absent-complete-repair-zero	r-absent-complete-repair-zero
0	1248	1078	288	0	0	0	0	0	0	0	-1	-1	301	r-absent-complete-repair-zero	r-absent-complete-repair-zero
0	1248	1083	288	0	0	0	0	0	0	0	-1	-1	302	r-absent-complete-repair-zero	r-absent-complete-repair-zero
0	1248	1085	288	0	0	0	0	0	0	0	-1	-1	303	r-absent-complete-repair-zero	r-absent-complete-repair-zero
0	1248	1087	288	0	0	0	0	0	0	0	-1	-1	304	r-absent-complete-repair-zero	r-absent-complete-repair-zero
0	1396	1087	288	0	0	0	0	0	0	0	-1	-1	305	r-absent-complete-repair-zero	r-absent-complete-repair-zero
0	1248	1089	288	0	0	0	0	0	0	0	-1	-1	306	r-absent-complete-repair-zero	r-absent-complete-repair-zero
0	1248	1091	288	0	0	0	0	0	0	0	-1	-1	307	r-absent-complete-repair-zero	r-absent-complete-repair-zero
0	1248	1093	288	0	0	0	0	0	0	0	-1	-1	308	r-absent-complete-repair-zero	r-absent-complete-repair-zero
0	1248	1095	288	0	0	0	0	0	0	0	-1	-1	309	r-absent-complete-repair-zero	r-absent-complete-repair-zero
0	1248	1098	288	0	0	0	0	0	0	0	-1	-1	310	r-absent-complete-repair-zero	r-absent-complete-repair-zero
0	1248	1100	288	0	0	0	0	0	0	0	-1	-1	311	r-absent-complete-repair-zero	r-absent-complete-repair-zero
0	1248	1102	288	0	0	0	0	0	0	0	-1	-1	312	r-absent-complete-repair-zero	r-absent-complete-repair-zero
0	1248	1104	288	0	0	0	0	0	0	0	-1	-1	313	r-absent-complete-repair-zero	r-absent-complete-repair-zero
0	1787	1104	288	0	0	0	0	0	0	0	-1	-1	314	r-absent-complete-repair-zero	r-absent-complete-repair-zero
0	1248	1106	288	0	0	0	0	0	0	0	-1	-1	315	r-absent-complete-repair-zero	r-absent-complete-repair-zero
0	1248	1108	288	0	0	0	0	0	0	0	-1	-1	316	r-absent-complete-repair-zero	r-absent-complete-repair-zero
0	1945	1110	578	0	0	0	0	0	0	0	-1	-1	317	r-absent-complete-repair-zero	r-absent-complete-repair-zero
0	1248	1111	288	0	0	0	0	0	0	0	-1	-1	318	r-absent-complete-repair-zero	r-absent-complete-repair-zero
0	1248	1113	288	0	0	0	0	0	0	0	-1	-1	319	r-absent-complete-repair-zero	r-absent-complete-repair-zero
0	1248	1117	288	0	0	0	0	0	0	0	-1	-1	320	r-absent-complete-repair-zero	r-absent-complete-repair-zero
0	1936	1118	578	0	0	0	0	0	0	0	-1	-1	321	r-absent-complete-repair-zero	r-absent-complete-repair-zero
0	966	1121	288	0	0	0	0	0	0	0	-1	-1	322	r-absent-complete-repair-zero	r-absent-complete-repair-zero
0	1248	1121	288	0	0	0	0	0	0	0	-1	-1	323	r-absent-complete-repair-zero	r-absent-complete-repair-zero
0	1109	1122	288	0	0	0	0	0	0	0	-1	-1	324	r-absent-complete-repair-zero	r-absent-complete-repair-zero
0	1248	1124	288	0	0	0	0	0	0	0	-1	-1	325	r-absent-complete-repair-zero	r-absent-complete-repair-zero
0	1348	1125	288	0	0	0	0	0	0	0	-1	-1	326	r-absent-complete-repair-zero	r-absent-complete-repair-zero
0	1248	1126	288	0	0	0	0	0	0	0	-1	-1	327	r-absent-complete-repair-zero	r-absent-complete-repair-zero
0	1109	1127	288	0	0	0	0	0	0	0	-1	-1	328	r-absent-complete-repair-zero	r-absent-complete-repair-zero
0	1248	1128	288	0	0	0	0	0	0	0	-1	-1	329	r-absent-complete-repair-zero	r-absent-complete-repair-zero
0	1248	1130	288	0	0	0	0	0	0	0	-1	-1	330	r-absent-complete-repair-zero	r-absent-complete-repair-zero
0	1248	1132	288	0	0	0	0	0	0	0	-1	-1	331	r-absent-complete-repair-zero	r-absent-complete-repair-zero
0	1109	1133	288	0	0	0	0	0	0	0	-1	-1	332	r-absent-complete-repair-zero	r-absent-complete-repair-zero
0	1248	1134	288	0	0	0	0	0	0	0	-1	-1	333	r-absent-complete-repair-zero	r-absent-complete-repair-zero
0	1248	1136	288	0	0	0	0	0	0	0	-1	-1	334	r-absent-complete-repair-zero	r-absent-complete-repair-zero
0	1379	1138	288	0	0	0	0	0	0	0	-1	-1	335	open-question:Q-source-335	open-question:Q-source-335
0	1109	1139	288	0	0	0	0	0	0	0	-1	-1	336	r-absent-complete-repair-zero	r-absent-complete-repair-zero
0	1401	1139	291	0	0	0	0	0	0	0	-1	-1	337	r-absent-complete-repair-zero	r-absent-complete-repair-zero
0	1248	1141	288	0	0	0	0	0	0	0	-1	-1	338	r-absent-complete-repair-zero	r-absent-complete-repair-zero
0	622	1142	288	0	0	0	0	0	0	0	-1	-1	339	g-omits-cell-local-dvd-type	g-omits-cell-local-dvd-type
0	626	1142	288	0	0	0	0	0	0	0	-1	-1	340	g-omits-cell-local-dvd-type	g-omits-cell-local-dvd-type
0	630	1142	288	0	0	0	0	0	0	0	-1	-1	341	g-omits-cell-local-dvd-type	g-omits-cell-local-dvd-type
0	634	1142	288	0	0	0	0	0	0	0	-1	-1	342	g-omits-cell-local-dvd-type	g-omits-cell-local-dvd-type
0	639	1142	288	0	0	0	0	0	0	0	-1	-1	343	g-omits-cell-local-dvd-type	g-omits-cell-local-dvd-type
0	643	1142	288	0	0	0	0	0	0	0	-1	-1	344	g-omits-cell-local-dvd-type	g-omits-cell-local-dvd-type
0	647	1142	288	0	0	0	0	0	0	0	-1	-1	345	g-omits-cell-local-dvd-type	g-omits-cell-local-dvd-type
0	1600	1142	291	0	0	0	0	0	0	0	-1	-1	346	r-absent-complete-repair-zero	r-absent-complete-repair-zero
0	1248	1143	288	0	0	0	0	0	0	0	-1	-1	347	r-absent-complete-repair-zero	r-absent-complete-repair-zero
0	1352	1144	288	0	0	0	0	0	0	0	-1	-1	348	r-absent-complete-repair-zero	r-absent-complete-repair-zero
0	1248	1145	288	0	0	0	0	0	0	0	-1	-1	349	r-absent-complete-repair-zero	r-absent-complete-repair-zero
0	1248	1147	288	0	0	0	0	0	0	0	-1	-1	350	r-absent-complete-repair-zero	r-absent-complete-repair-zero
0	1248	1149	288	0	0	0	0	0	0	0	-1	-1	351	r-absent-complete-repair-zero	r-absent-complete-repair-zero
0	1321	1152	288	0	0	0	0	0	0	0	-1	-1	352	r-absent-complete-repair-zero	r-absent-complete-repair-zero
0	1322	1152	288	0	0	0	0	0	0	0	-1	-1	353	r-absent-complete-repair-zero	r-absent-complete-repair-zero
0	1345	1152	288	0	0	0	0	0	0	0	-1	-1	354	r-absent-complete-repair-zero	r-absent-complete-repair-zero
0	1348	1152	288	0	0	0	0	0	0	0	-1	-1	355	r-absent-complete-repair-zero	r-absent-complete-repair-zero
0	1350	1152	288	0	0	0	0	0	0	0	-1	-1	356	r-absent-complete-repair-zero	r-absent-complete-repair-zero
0	1371	1152	288	0	0	0	0	0	0	0	-1	-1	357	r-absent-complete-repair-zero	r-absent-complete-repair-zero
0	1374	1152	288	0	0	0	0	0	0	0	-1	-1	358	r-absent-complete-repair-zero	r-absent-complete-repair-zero
0	1377	1152	288	0	0	0	0	0	0	0	-1	-1	359	r-absent-complete-repair-zero	r-absent-complete-repair-zero
0	1512	1152	288	0	0	0	0	0	0	0	-1	-1	360	r-absent-complete-repair-zero	r-absent-complete-repair-zero
0	1248	1154	288	0	0	0	0	0	0	0	-1	-1	361	r-absent-complete-repair-zero	r-absent-complete-repair-zero
0	1248	1156	288	0	0	0	0	0	0	0	-1	-1	362	r-absent-complete-repair-zero	r-absent-complete-repair-zero
0	1248	1158	288	0	0	0	0	0	0	0	-1	-1	363	r-absent-complete-repair-zero	r-absent-complete-repair-zero
0	1214	1159	291	0	0	0	0	0	0	0	-1	-1	364	r-absent-complete-repair-zero	r-absent-complete-repair-zero
0	1248	1160	288	0	0	0	0	0	0	0	-1	-1	365	r-absent-complete-repair-zero	r-absent-complete-repair-zero
0	1248	1162	288	0	0	0	0	0	0	0	-1	-1	366	r-absent-complete-repair-zero	r-absent-complete-repair-zero
0	1248	1165	288	0	0	0	0	0	0	0	-1	-1	367	r-absent-complete-repair-zero	r-absent-complete-repair-zero
0	1248	1167	288	0	0	0	0	0	0	0	-1	-1	368	r-absent-complete-repair-zero	r-absent-complete-repair-zero
0	1248	1169	288	0	0	0	0	0	0	0	-1	-1	369	r-absent-complete-repair-zero	r-absent-complete-repair-zero
0	991	1170	291	0	0	0	0	0	0	0	-1	-1	370	r-absent-complete-repair-zero	r-absent-complete-repair-zero
0	1248	1171	288	0	0	0	0	0	0	0	-1	-1	371	r-absent-complete-repair-zero	r-absent-complete-repair-zero
0	992	1172	291	0	0	0	0	0	0	0	-1	-1	372	r-absent-complete-repair-zero	r-absent-complete-repair-zero
0	1248	1173	288	0	0	0	0	0	0	0	-1	-1	373	r-absent-complete-repair-zero	r-absent-complete-repair-zero
0	1248	1175	288	0	0	0	0	0	0	0	-1	-1	374	r-absent-complete-repair-zero	r-absent-complete-repair-zero
0	1491	1176	288	0	0	0	0	0	0	0	-1	-1	375	r-absent-complete-repair-zero	r-absent-complete-repair-zero
0	1248	1177	288	0	0	0	0	0	0	0	-1	-1	376	r-absent-complete-repair-zero	r-absent-complete-repair-zero
0	1248	1180	288	0	0	0	0	0	0	0	-1	-1	377	r-absent-complete-repair-zero	r-absent-complete-repair-zero
0	1248	1182	288	0	0	0	0	0	0	0	-1	-1	378	r-absent-complete-repair-zero	r-absent-complete-repair-zero
0	916	1183	288	0	0	0	0	0	0	0	-1	-1	379	r-absent-complete-repair-zero	r-absent-complete-repair-zero
0	1248	1184	288	0	0	0	0	0	0	0	-1	-1	380	r-absent-complete-repair-zero	r-absent-complete-repair-zero
0	1248	1186	288	0	0	0	0	0	0	0	-1	-1	381	r-absent-complete-repair-zero	r-absent-complete-repair-zero
0	1248	1188	288	0	0	0	0	0	0	0	-1	-1	382	r-absent-complete-repair-zero	r-absent-complete-repair-zero
0	1248	1195	288	0	0	0	0	0	0	0	-1	-1	383	r-absent-complete-repair-zero	r-absent-complete-repair-zero
0	1248	1197	288	0	0	0	0	0	0	0	-1	-1	384	r-absent-complete-repair-zero	r-absent-complete-repair-zero
0	1009	1198	291	0	0	0	0	0	0	0	-1	-1	385	r-absent-complete-repair-zero	r-absent-complete-repair-zero
0	1248	1199	288	0	0	0	0	0	0	0	-1	-1	386	r-absent-complete-repair-zero	r-absent-complete-repair-zero
0	1248	1203	288	0	0	0	0	0	0	0	-1	-1	387	r-absent-complete-repair-zero	r-absent-complete-repair-zero
0	1248	1206	288	0	0	0	0	0	0	0	-1	-1	388	r-absent-complete-repair-zero	r-absent-complete-repair-zero
0	1248	1208	288	0	0	0	0	0	0	0	-1	-1	389	r-absent-complete-repair-zero	r-absent-complete-repair-zero
0	900	1209	288	0	0	0	0	0	0	0	-1	-1	390	r-absent-complete-repair-zero	r-absent-complete-repair-zero
0	1248	1210	288	0	0	0	0	0	0	0	-1	-1	391	r-absent-complete-repair-zero	r-absent-complete-repair-zero
0	1248	1214	288	0	0	0	0	0	0	0	-1	-1	392	r-absent-complete-repair-zero	r-absent-complete-repair-zero
0	1248	1216	288	0	0	0	0	0	0	0	-1	-1	393	r-absent-complete-repair-zero	r-absent-complete-repair-zero
0	1248	1219	288	0	0	0	0	0	0	0	-1	-1	394	r-absent-complete-repair-zero	r-absent-complete-repair-zero
0	1248	1223	288	0	0	0	0	0	0	0	-1	-1	395	r-absent-complete-repair-zero	r-absent-complete-repair-zero
0	2049	1224	288	0	0	0	0	0	0	0	-1	-1	396	g-omits-cell-local-dvd-type	g-omits-cell-local-dvd-type
0	2050	1224	288	0	0	0	0	0	0	0	-1	-1	397	g-omits-cell-local-dvd-type	g-omits-cell-local-dvd-type
0	2053	1224	288	0	0	0	0	0	0	0	-1	-1	398	g-omits-cell-local-dvd-type	g-omits-cell-local-dvd-type
0	2055	1224	288	0	0	0	0	0	0	0	-1	-1	399	g-omits-cell-local-dvd-type	g-omits-cell-local-dvd-type
0	2056	1224	288	0	0	0	0	0	0	0	-1	-1	400	g-omits-cell-local-dvd-type	g-omits-cell-local-dvd-type
0	2058	1224	288	0	0	0	0	0	0	0	-1	-1	401	g-omits-cell-local-dvd-type	g-omits-cell-local-dvd-type
0	2059	1224	288	0	0	0	0	0	0	0	-1	-1	402	g-omits-cell-local-dvd-type	g-omits-cell-local-dvd-type
0	2060	1224	288	0	0	0	0	0	0	0	-1	-1	403	g-omits-cell-local-dvd-type	g-omits-cell-local-dvd-type
0	2062	1224	288	0	0	0	0	0	0	0	-1	-1	404	g-omits-cell-local-dvd-type	g-omits-cell-local-dvd-type
0	2063	1224	288	0	0	0	0	0	0	0	-1	-1	405	g-omits-cell-local-dvd-type	g-omits-cell-local-dvd-type
0	2065	1224	288	0	0	0	0	0	0	0	-1	-1	406	g-omits-cell-local-dvd-type	g-omits-cell-local-dvd-type
0	2066	1224	288	0	0	0	0	0	0	0	-1	-1	407	g-omits-cell-local-dvd-type	g-omits-cell-local-dvd-type
0	2068	1224	288	0	0	0	0	0	0	0	-1	-1	408	g-omits-cell-local-dvd-type	g-omits-cell-local-dvd-type
0	2069	1224	288	0	0	0	0	0	0	0	-1	-1	409	g-omits-cell-local-dvd-type	g-omits-cell-local-dvd-type
0	2070	1224	288	0	0	0	0	0	0	0	-1	-1	410	g-omits-cell-local-dvd-type	g-omits-cell-local-dvd-type
0	2072	1224	288	0	0	0	0	0	0	0	-1	-1	411	g-omits-cell-local-dvd-type	g-omits-cell-local-dvd-type
0	2073	1224	288	0	0	0	0	0	0	0	-1	-1	412	g-omits-cell-local-dvd-type	g-omits-cell-local-dvd-type
0	2075	1224	288	0	0	0	0	0	0	0	-1	-1	413	g-omits-cell-local-dvd-type	g-omits-cell-local-dvd-type
0	2076	1224	288	0	0	0	0	0	0	0	-1	-1	414	g-omits-cell-local-dvd-type	g-omits-cell-local-dvd-type
0	2078	1224	288	0	0	0	0	0	0	0	-1	-1	415	g-omits-cell-local-dvd-type	g-omits-cell-local-dvd-type
0	2079	1224	288	0	0	0	0	0	0	0	-1	-1	416	g-omits-cell-local-dvd-type	g-omits-cell-local-dvd-type
0	2080	1224	288	0	0	0	0	0	0	0	-1	-1	417	g-omits-cell-local-dvd-type	g-omits-cell-local-dvd-type
0	2096	1224	288	0	0	0	0	0	0	0	-1	-1	418	g-omits-cell-local-dvd-type	g-omits-cell-local-dvd-type
0	2098	1224	288	0	0	0	0	0	0	0	-1	-1	419	g-omits-cell-local-dvd-type	g-omits-cell-local-dvd-type
0	2099	1224	288	0	0	0	0	0	0	0	-1	-1	420	g-omits-cell-local-dvd-type	g-omits-cell-local-dvd-type
0	2100	1224	288	0	0	0	0	0	0	0	-1	-1	421	g-omits-cell-local-dvd-type	g-omits-cell-local-dvd-type
0	2102	1224	288	0	0	0	0	0	0	0	-1	-1	422	g-omits-cell-local-dvd-type	g-omits-cell-local-dvd-type
0	2103	1224	288	0	0	0	0	0	0	0	-1	-1	423	g-omits-cell-local-dvd-type	g-omits-cell-local-dvd-type
0	2105	1224	288	0	0	0	0	0	0	0	-1	-1	424	g-omits-cell-local-dvd-type	g-omits-cell-local-dvd-type
0	2106	1224	288	0	0	0	0	0	0	0	-1	-1	425	g-omits-cell-local-dvd-type	g-omits-cell-local-dvd-type
0	2108	1224	288	0	0	0	0	0	0	0	-1	-1	426	g-omits-cell-local-dvd-type	g-omits-cell-local-dvd-type
0	2109	1224	288	0	0	0	0	0	0	0	-1	-1	427	g-omits-cell-local-dvd-type	g-omits-cell-local-dvd-type
0	2110	1224	288	0	0	0	0	0	0	0	-1	-1	428	g-omits-cell-local-dvd-type	g-omits-cell-local-dvd-type
0	2112	1224	288	0	0	0	0	0	0	0	-1	-1	429	g-omits-cell-local-dvd-type	g-omits-cell-local-dvd-type
0	2113	1224	288	0	0	0	0	0	0	0	-1	-1	430	g-omits-cell-local-dvd-type	g-omits-cell-local-dvd-type
0	2115	1224	288	0	0	0	0	0	0	0	-1	-1	431	g-omits-cell-local-dvd-type	g-omits-cell-local-dvd-type
0	2116	1224	288	0	0	0	0	0	0	0	-1	-1	432	g-omits-cell-local-dvd-type	g-omits-cell-local-dvd-type
0	2118	1224	288	0	0	0	0	0	0	0	-1	-1	433	g-omits-cell-local-dvd-type	g-omits-cell-local-dvd-type
0	2119	1224	288	0	0	0	0	0	0	0	-1	-1	434	g-omits-cell-local-dvd-type	g-omits-cell-local-dvd-type
0	2120	1224	288	0	0	0	0	0	0	0	-1	-1	435	g-omits-cell-local-dvd-type	g-omits-cell-local-dvd-type
0	2122	1224	288	0	0	0	0	0	0	0	-1	-1	436	g-omits-cell-local-dvd-type	g-omits-cell-local-dvd-type
0	2123	1224	288	0	0	0	0	0	0	0	-1	-1	437	g-omits-cell-local-dvd-type	g-omits-cell-local-dvd-type
0	2125	1224	288	0	0	0	0	0	0	0	-1	-1	438	g-omits-cell-local-dvd-type	g-omits-cell-local-dvd-type
0	2126	1224	288	0	0	0	0	0	0	0	-1	-1	439	g-omits-cell-local-dvd-type	g-omits-cell-local-dvd-type
0	2128	1224	288	0	0	0	0	0	0	0	-1	-1	440	g-omits-cell-local-dvd-type	g-omits-cell-local-dvd-type
0	2129	1224	288	0	0	0	0	0	0	0	-1	-1	441	g-omits-cell-local-dvd-type	g-omits-cell-local-dvd-type
0	2130	1224	288	0	0	0	0	0	0	0	-1	-1	442	g-omits-cell-local-dvd-type	g-omits-cell-local-dvd-type
0	2132	1224	288	0	0	0	0	0	0	0	-1	-1	443	g-omits-cell-local-dvd-type	g-omits-cell-local-dvd-type
0	2133	1224	288	0	0	0	0	0	0	0	-1	-1	444	g-omits-cell-local-dvd-type	g-omits-cell-local-dvd-type
0	2135	1224	288	0	0	0	0	0	0	0	-1	-1	445	g-omits-cell-local-dvd-type	g-omits-cell-local-dvd-type
0	2136	1224	288	0	0	0	0	0	0	0	-1	-1	446	g-omits-cell-local-dvd-type	g-omits-cell-local-dvd-type
0	2138	1224	288	0	0	0	0	0	0	0	-1	-1	447	g-omits-cell-local-dvd-type	g-omits-cell-local-dvd-type
0	2139	1224	288	0	0	0	0	0	0	0	-1	-1	448	g-omits-cell-local-dvd-type	g-omits-cell-local-dvd-type
0	2140	1224	288	0	0	0	0	0	0	0	-1	-1	449	g-omits-cell-local-dvd-type	g-omits-cell-local-dvd-type
0	2142	1224	288	0	0	0	0	0	0	0	-1	-1	450	g-omits-cell-local-dvd-type	g-omits-cell-local-dvd-type
0	2143	1224	288	0	0	0	0	0	0	0	-1	-1	451	g-omits-cell-local-dvd-type	g-omits-cell-local-dvd-type
0	2145	1224	288	0	0	0	0	0	0	0	-1	-1	452	g-omits-cell-local-dvd-type	g-omits-cell-local-dvd-type
0	2146	1224	288	0	0	0	0	0	0	0	-1	-1	453	g-omits-cell-local-dvd-type	g-omits-cell-local-dvd-type
0	2148	1224	288	0	0	0	0	0	0	0	-1	-1	454	g-omits-cell-local-dvd-type	g-omits-cell-local-dvd-type
0	2149	1224	288	0	0	0	0	0	0	0	-1	-1	455	g-omits-cell-local-dvd-type	g-omits-cell-local-dvd-type
0	2150	1224	288	0	0	0	0	0	0	0	-1	-1	456	g-omits-cell-local-dvd-type	g-omits-cell-local-dvd-type
0	2152	1224	288	0	0	0	0	0	0	0	-1	-1	457	g-omits-cell-local-dvd-type	g-omits-cell-local-dvd-type
0	2153	1224	288	0	0	0	0	0	0	0	-1	-1	458	g-omits-cell-local-dvd-type	g-omits-cell-local-dvd-type
0	2155	1224	288	0	0	0	0	0	0	0	-1	-1	459	g-omits-cell-local-dvd-type	g-omits-cell-local-dvd-type
0	2156	1224	288	0	0	0	0	0	0	0	-1	-1	460	g-omits-cell-local-dvd-type	g-omits-cell-local-dvd-type
0	2158	1224	288	0	0	0	0	0	0	0	-1	-1	461	g-omits-cell-local-dvd-type	g-omits-cell-local-dvd-type
0	2159	1224	288	0	0	0	0	0	0	0	-1	-1	462	g-omits-cell-local-dvd-type	g-omits-cell-local-dvd-type
0	2160	1224	288	0	0	0	0	0	0	0	-1	-1	463	g-omits-cell-local-dvd-type	g-omits-cell-local-dvd-type
0	2162	1224	288	0	0	0	0	0	0	0	-1	-1	464	g-omits-cell-local-dvd-type	g-omits-cell-local-dvd-type
0	2163	1224	288	0	0	0	0	0	0	0	-1	-1	465	g-omits-cell-local-dvd-type	g-omits-cell-local-dvd-type
0	2165	1224	288	0	0	0	0	0	0	0	-1	-1	466	g-omits-cell-local-dvd-type	g-omits-cell-local-dvd-type
0	2166	1224	288	0	0	0	0	0	0	0	-1	-1	467	g-omits-cell-local-dvd-type	g-omits-cell-local-dvd-type
0	2168	1224	288	0	0	0	0	0	0	0	-1	-1	468	g-omits-cell-local-dvd-type	g-omits-cell-local-dvd-type
0	2169	1224	288	0	0	0	0	0	0	0	-1	-1	469	g-omits-cell-local-dvd-type	g-omits-cell-local-dvd-type
0	2170	1224	288	0	0	0	0	0	0	0	-1	-1	470	g-omits-cell-local-dvd-type	g-omits-cell-local-dvd-type
0	2172	1224	288	0	0	0	0	0	0	0	-1	-1	471	g-omits-cell-local-dvd-type	g-omits-cell-local-dvd-type
0	2173	1224	288	0	0	0	0	0	0	0	-1	-1	472	g-omits-cell-local-dvd-type	g-omits-cell-local-dvd-type
0	2175	1224	288	0	0	0	0	0	0	0	-1	-1	473	g-omits-cell-local-dvd-type	g-omits-cell-local-dvd-type
0	2176	1224	288	0	0	0	0	0	0	0	-1	-1	474	g-omits-cell-local-dvd-type	g-omits-cell-local-dvd-type
0	2178	1224	288	0	0	0	0	0	0	0	-1	-1	475	g-omits-cell-local-dvd-type	g-omits-cell-local-dvd-type
0	2179	1224	288	0	0	0	0	0	0	0	-1	-1	476	g-omits-cell-local-dvd-type	g-omits-cell-local-dvd-type
0	2180	1224	288	0	0	0	0	0	0	0	-1	-1	477	g-omits-cell-local-dvd-type	g-omits-cell-local-dvd-type
0	2182	1224	288	0	0	0	0	0	0	0	-1	-1	478	g-omits-cell-local-dvd-type	g-omits-cell-local-dvd-type
0	2183	1224	288	0	0	0	0	0	0	0	-1	-1	479	g-omits-cell-local-dvd-type	g-omits-cell-local-dvd-type
0	2185	1224	288	0	0	0	0	0	0	0	-1	-1	480	g-omits-cell-local-dvd-type	g-omits-cell-local-dvd-type
0	906	1225	291	0	0	0	0	0	0	0	-1	-1	481	r-absent-complete-repair-zero	r-absent-complete-repair-zero
0	1248	1225	288	0	0	0	0	0	0	0	-1	-1	482	r-absent-complete-repair-zero	r-absent-complete-repair-zero
0	1248	1227	288	0	0	0	0	0	0	0	-1	-1	483	r-absent-complete-repair-zero	r-absent-complete-repair-zero
0	1248	1229	288	0	0	0	0	0	0	0	-1	-1	484	r-absent-complete-repair-zero	r-absent-complete-repair-zero
0	1248	1231	288	0	0	0	0	0	0	0	-1	-1	485	r-absent-complete-repair-zero	r-absent-complete-repair-zero
0	1248	1234	288	0	0	0	0	0	0	0	-1	-1	486	r-absent-complete-repair-zero	r-absent-complete-repair-zero
0	1248	1236	288	0	0	0	0	0	0	0	-1	-1	487	r-absent-complete-repair-zero	r-absent-complete-repair-zero
0	1332	1236	291	0	0	0	0	0	0	0	-1	-1	488	r-absent-complete-repair-zero	r-absent-complete-repair-zero
0	1248	1238	288	0	0	0	0	0	0	0	-1	-1	489	r-absent-complete-repair-zero	r-absent-complete-repair-zero
0	1248	1240	288	0	0	0	0	0	0	0	-1	-1	490	r-absent-complete-repair-zero	r-absent-complete-repair-zero
0	1248	1242	288	0	0	0	0	0	0	0	-1	-1	491	r-absent-complete-repair-zero	r-absent-complete-repair-zero
0	1248	1244	288	0	0	0	0	0	0	0	-1	-1	492	r-absent-complete-repair-zero	r-absent-complete-repair-zero
0	1248	1247	288	0	0	0	0	0	0	0	-1	-1	493	r-absent-complete-repair-zero	r-absent-complete-repair-zero
0	1248	1249	288	0	0	0	0	0	0	0	-1	-1	494	r-absent-complete-repair-zero	r-absent-complete-repair-zero
0	1248	1251	288	0	0	0	0	0	0	0	-1	-1	495	r-absent-complete-repair-zero	r-absent-complete-repair-zero
0	1248	1253	288	0	0	0	0	0	0	0	-1	-1	496	r-absent-complete-repair-zero	r-absent-complete-repair-zero
0	1248	1255	288	0	0	0	0	0	0	0	-1	-1	497	r-absent-complete-repair-zero	r-absent-complete-repair-zero
0	1109	1257	288	0	0	0	0	0	0	0	-1	-1	498	r-absent-complete-repair-zero	r-absent-complete-repair-zero
0	1248	1257	288	0	0	0	0	0	0	0	-1	-1	499	r-absent-complete-repair-zero	r-absent-complete-repair-zero
0	1596	1259	291	0	0	0	0	0	0	0	-1	-1	500	r-absent-complete-repair-zero	r-absent-complete-repair-zero
0	1248	1260	288	0	0	0	0	0	0	0	-1	-1	501	r-absent-complete-repair-zero	r-absent-complete-repair-zero
0	1248	1262	288	0	0	0	0	0	0	0	-1	-1	502	r-absent-complete-repair-zero	r-absent-complete-repair-zero
0	1109	1263	288	0	0	0	0	0	0	0	-1	-1	503	r-absent-complete-repair-zero	r-absent-complete-repair-zero
0	1278	1263	288	0	0	0	0	0	0	0	-1	-1	504	r-absent-complete-repair-zero	r-absent-complete-repair-zero
0	1248	1264	288	0	0	0	0	0	0	0	-1	-1	505	r-absent-complete-repair-zero	r-absent-complete-repair-zero
0	1248	1266	288	0	0	0	0	0	0	0	-1	-1	506	r-absent-complete-repair-zero	r-absent-complete-repair-zero
0	1109	1268	288	0	0	0	0	0	0	0	-1	-1	507	r-absent-complete-repair-zero	r-absent-complete-repair-zero
0	1841	1268	578	0	0	0	0	0	0	0	-1	-1	508	r-absent-complete-repair-zero	r-absent-complete-repair-zero
0	1765	1269	578	0	0	0	0	0	0	0	-1	-1	509	r-absent-complete-repair-zero	r-absent-complete-repair-zero
0	1756	1270	578	0	0	0	0	0	0	0	-1	-1	510	r-absent-complete-repair-zero	r-absent-complete-repair-zero
0	1759	1270	578	0	0	0	0	0	0	0	-1	-1	511	r-absent-complete-repair-zero	r-absent-complete-repair-zero
0	1712	1274	288	0	0	0	0	0	0	0	-1	-1	512	r-absent-complete-repair-zero	r-absent-complete-repair-zero
0	1722	1275	288	0	0	0	0	0	0	0	-1	-1	513	r-absent-complete-repair-zero	r-absent-complete-repair-zero
0	1248	1277	288	0	0	0	0	0	0	0	-1	-1	514	r-absent-complete-repair-zero	r-absent-complete-repair-zero
0	1248	1279	288	0	0	0	0	0	0	0	-1	-1	515	r-absent-complete-repair-zero	r-absent-complete-repair-zero
0	1535	1279	288	0	0	0	0	0	0	0	-1	-1	516	r-absent-complete-repair-zero	r-absent-complete-repair-zero
0	1777	1279	291	0	0	0	0	0	0	0	-1	-1	517	r-absent-complete-repair-zero	r-absent-complete-repair-zero
0	1248	1281	288	0	0	0	0	0	0	0	-1	-1	518	r-absent-complete-repair-zero	r-absent-complete-repair-zero
0	1401	1281	288	0	0	0	0	0	0	0	-1	-1	519	r-absent-complete-repair-zero	r-absent-complete-repair-zero
0	1248	1283	288	0	0	0	0	0	0	0	-1	-1	520	r-absent-complete-repair-zero	r-absent-complete-repair-zero
0	1248	1285	288	0	0	0	0	0	0	0	-1	-1	521	r-absent-complete-repair-zero	r-absent-complete-repair-zero
0	1248	1290	288	0	0	0	0	0	0	0	-1	-1	522	r-absent-complete-repair-zero	r-absent-complete-repair-zero
0	1715	1291	288	0	0	0	0	0	0	0	-1	-1	523	r-absent-complete-repair-zero	r-absent-complete-repair-zero
0	1248	1292	288	0	0	0	0	0	0	0	-1	-1	524	r-absent-complete-repair-zero	r-absent-complete-repair-zero
0	1248	1296	288	0	0	0	0	0	0	0	-1	-1	525	r-absent-complete-repair-zero	r-absent-complete-repair-zero
0	1699	1296	288	0	0	0	0	0	0	0	-1	-1	526	r-absent-complete-repair-zero	r-absent-complete-repair-zero
0	1248	1298	288	0	0	0	0	0	0	0	-1	-1	527	r-absent-complete-repair-zero	r-absent-complete-repair-zero
0	1248	1301	288	0	0	0	0	0	0	0	-1	-1	528	r-absent-complete-repair-zero	r-absent-complete-repair-zero
0	1248	1303	288	0	0	0	0	0	0	0	-1	-1	529	r-absent-complete-repair-zero	r-absent-complete-repair-zero
0	1248	1305	288	0	0	0	0	0	0	0	-1	-1	530	r-absent-complete-repair-zero	r-absent-complete-repair-zero
0	1248	1307	288	0	0	0	0	0	0	0	-1	-1	531	r-absent-complete-repair-zero	r-absent-complete-repair-zero
0	1248	1309	288	0	0	0	0	0	0	0	-1	-1	532	r-absent-complete-repair-zero	r-absent-complete-repair-zero
0	1248	1311	288	0	0	0	0	0	0	0	-1	-1	533	r-absent-complete-repair-zero	r-absent-complete-repair-zero
0	644	1312	288	0	0	0	0	0	0	0	-1	-1	534	g-omits-cell-local-dvd-type	g-omits-cell-local-dvd-type
0	646	1312	288	0	0	0	0	0	0	0	-1	-1	535	g-omits-cell-local-dvd-type	g-omits-cell-local-dvd-type
0	649	1312	288	0	0	0	0	0	0	0	-1	-1	536	g-omits-cell-local-dvd-type	g-omits-cell-local-dvd-type
0	653	1312	288	0	0	0	0	0	0	0	-1	-1	537	g-omits-cell-local-dvd-type	g-omits-cell-local-dvd-type
0	656	1312	288	0	0	0	0	0	0	0	-1	-1	538	g-omits-cell-local-dvd-type	g-omits-cell-local-dvd-type
0	659	1312	288	0	0	0	0	0	0	0	-1	-1	539	g-omits-cell-local-dvd-type	g-omits-cell-local-dvd-type
0	663	1312	288	0	0	0	0	0	0	0	-1	-1	540	g-omits-cell-local-dvd-type	g-omits-cell-local-dvd-type
0	666	1312	288	0	0	0	0	0	0	0	-1	-1	541	g-omits-cell-local-dvd-type	g-omits-cell-local-dvd-type
0	671	1312	288	0	0	0	0	0	0	0	-1	-1	542	g-omits-cell-local-dvd-type	g-omits-cell-local-dvd-type
0	674	1312	288	0	0	0	0	0	0	0	-1	-1	543	g-omits-cell-local-dvd-type	g-omits-cell-local-dvd-type
0	677	1312	288	0	0	0	0	0	0	0	-1	-1	544	g-omits-cell-local-dvd-type	g-omits-cell-local-dvd-type
0	680	1312	288	0	0	0	0	0	0	0	-1	-1	545	g-omits-cell-local-dvd-type	g-omits-cell-local-dvd-type
0	684	1312	288	0	0	0	0	0	0	0	-1	-1	546	g-omits-cell-local-dvd-type	g-omits-cell-local-dvd-type
0	687	1312	288	0	0	0	0	0	0	0	-1	-1	547	g-omits-cell-local-dvd-type	g-omits-cell-local-dvd-type
0	690	1312	288	0	0	0	0	0	0	0	-1	-1	548	g-omits-cell-local-dvd-type	g-omits-cell-local-dvd-type
0	693	1312	288	0	0	0	0	0	0	0	-1	-1	549	g-omits-cell-local-dvd-type	g-omits-cell-local-dvd-type
0	697	1312	288	0	0	0	0	0	0	0	-1	-1	550	g-omits-cell-local-dvd-type	g-omits-cell-local-dvd-type
0	700	1312	288	0	0	0	0	0	0	0	-1	-1	551	g-omits-cell-local-dvd-type	g-omits-cell-local-dvd-type
0	703	1312	288	0	0	0	0	0	0	0	-1	-1	552	g-omits-cell-local-dvd-type	g-omits-cell-local-dvd-type
0	707	1312	288	0	0	0	0	0	0	0	-1	-1	553	g-omits-cell-local-dvd-type	g-omits-cell-local-dvd-type
0	710	1312	288	0	0	0	0	0	0	0	-1	-1	554	g-omits-cell-local-dvd-type	g-omits-cell-local-dvd-type
0	715	1312	288	0	0	0	0	0	0	0	-1	-1	555	g-omits-cell-local-dvd-type	g-omits-cell-local-dvd-type
0	719	1312	288	0	0	0	0	0	0	0	-1	-1	556	g-omits-cell-local-dvd-type	g-omits-cell-local-dvd-type
0	722	1312	288	0	0	0	0	0	0	0	-1	-1	557	g-omits-cell-local-dvd-type	g-omits-cell-local-dvd-type
0	728	1312	288	0	0	0	0	0	0	0	-1	-1	558	g-omits-cell-local-dvd-type	g-omits-cell-local-dvd-type
0	732	1312	288	0	0	0	0	0	0	0	-1	-1	559	g-omits-cell-local-dvd-type	g-omits-cell-local-dvd-type
0	735	1312	288	0	0	0	0	0	0	0	-1	-1	560	g-omits-cell-local-dvd-type	g-omits-cell-local-dvd-type
0	738	1312	288	0	0	0	0	0	0	0	-1	-1	561	g-omits-cell-local-dvd-type	g-omits-cell-local-dvd-type
0	1248	1314	288	0	0	0	0	0	0	0	-1	-1	562	r-absent-complete-repair-zero	r-absent-complete-repair-zero
0	1505	1315	288	0	0	0	0	0	0	0	-1	-1	563	r-absent-complete-repair-zero	r-absent-complete-repair-zero
0	1636	1324	288	0	0	0	0	0	0	0	-1	-1	564	r-absent-complete-repair-zero	r-absent-complete-repair-zero
0	1637	1325	288	0	0	0	0	0	0	0	-1	-1	565	r-absent-complete-repair-zero	r-absent-complete-repair-zero
0	1192	1333	288	0	0	0	0	0	0	0	-1	-1	566	r-absent-complete-repair-zero	r-absent-complete-repair-zero
0	1904	1350	288	0	0	0	0	0	0	0	-1	-1	567	g-omits-cell-local-dvd-type	g-omits-cell-local-dvd-type
0	1248	1352	288	0	0	0	0	0	0	0	-1	-1	568	r-absent-complete-repair-zero	r-absent-complete-repair-zero
0	1248	1355	288	0	0	0	0	0	0	0	-1	-1	569	r-absent-complete-repair-zero	r-absent-complete-repair-zero
0	1248	1357	288	0	0	0	0	0	0	0	-1	-1	570	r-absent-complete-repair-zero	r-absent-complete-repair-zero
0	1248	1359	288	0	0	0	0	0	0	0	-1	-1	571	r-absent-complete-repair-zero	r-absent-complete-repair-zero
0	1248	1361	288	0	0	0	0	0	0	0	-1	-1	572	r-absent-complete-repair-zero	r-absent-complete-repair-zero
0	1574	1361	288	0	0	0	0	0	0	0	-1	-1	573	r-absent-complete-repair-zero	r-absent-complete-repair-zero
0	1248	1363	288	0	0	0	0	0	0	0	-1	-1	574	r-absent-complete-repair-zero	r-absent-complete-repair-zero
0	1248	1365	288	0	0	0	0	0	0	0	-1	-1	575	r-absent-complete-repair-zero	r-absent-complete-repair-zero
0	1248	1368	288	0	0	0	0	0	0	0	-1	-1	576	r-absent-complete-repair-zero	r-absent-complete-repair-zero
0	1248	1370	288	0	0	0	0	0	0	0	-1	-1	577	r-absent-complete-repair-zero	r-absent-complete-repair-zero
0	1248	1372	288	0	0	0	0	0	0	0	-1	-1	578	r-absent-complete-repair-zero	r-absent-complete-repair-zero
0	1248	1374	288	0	0	0	0	0	0	0	-1	-1	579	r-absent-complete-repair-zero	r-absent-complete-repair-zero
0	1596	1375	288	0	0	0	0	0	0	0	-1	-1	580	r-absent-complete-repair-zero	r-absent-complete-repair-zero
0	1248	1376	288	0	0	0	0	0	0	0	-1	-1	581	r-absent-complete-repair-zero	r-absent-complete-repair-zero
0	1545	1377	288	0	0	0	0	0	0	0	-1	-1	582	r-absent-complete-repair-zero	r-absent-complete-repair-zero
0	1248	1378	288	0	0	0	0	0	0	0	-1	-1	583	r-absent-complete-repair-zero	r-absent-complete-repair-zero
0	1607	1382	288	0	0	0	0	0	0	0	-1	-1	584	r-absent-complete-repair-zero	r-absent-complete-repair-zero
0	1248	1383	288	0	0	0	0	0	0	0	-1	-1	585	r-absent-complete-repair-zero	r-absent-complete-repair-zero
0	1745	1385	288	0	0	0	0	0	0	0	-1	-1	586	r-absent-complete-repair-zero	r-absent-complete-repair-zero
0	1248	1387	288	0	0	0	0	0	0	0	-1	-1	587	r-absent-complete-repair-zero	r-absent-complete-repair-zero
0	1248	1389	288	0	0	0	0	0	0	0	-1	-1	588	r-absent-complete-repair-zero	r-absent-complete-repair-zero
0	1248	1391	288	0	0	0	0	0	0	0	-1	-1	589	r-absent-complete-repair-zero	r-absent-complete-repair-zero
0	1152	1392	288	0	0	0	0	0	0	0	-1	-1	590	r-absent-complete-repair-zero	r-absent-complete-repair-zero
0	1248	1393	288	0	0	0	0	0	0	0	-1	-1	591	r-absent-complete-repair-zero	r-absent-complete-repair-zero
0	1248	1396	288	0	0	0	0	0	0	0	-1	-1	592	r-absent-complete-repair-zero	r-absent-complete-repair-zero
0	1248	1398	288	0	0	0	0	0	0	0	-1	-1	593	r-absent-complete-repair-zero	r-absent-complete-repair-zero
0	1248	1400	288	0	0	0	0	0	0	0	-1	-1	594	r-absent-complete-repair-zero	r-absent-complete-repair-zero
0	918	1401	288	0	0	0	0	0	0	0	-1	-1	595	r-absent-complete-repair-zero	r-absent-complete-repair-zero
0	1248	1402	288	0	0	0	0	0	0	0	-1	-1	596	r-absent-complete-repair-zero	r-absent-complete-repair-zero
0	1248	1404	288	0	0	0	0	0	0	0	-1	-1	597	r-absent-complete-repair-zero	r-absent-complete-repair-zero
0	660	1406	288	0	0	0	0	0	0	0	-1	-1	598	g-omits-cell-local-dvd-type	g-omits-cell-local-dvd-type
0	665	1406	288	0	0	0	0	0	0	0	-1	-1	599	g-omits-cell-local-dvd-type	g-omits-cell-local-dvd-type
0	1248	1406	288	0	0	0	0	0	0	0	-1	-1	600	r-absent-complete-repair-zero	r-absent-complete-repair-zero
0	1248	1409	288	0	0	0	0	0	0	0	-1	-1	601	r-absent-complete-repair-zero	r-absent-complete-repair-zero
0	1248	1411	288	0	0	0	0	0	0	0	-1	-1	602	r-absent-complete-repair-zero	r-absent-complete-repair-zero
0	1248	1413	288	0	0	0	0	0	0	0	-1	-1	603	r-absent-complete-repair-zero	r-absent-complete-repair-zero
0	1248	1417	288	0	0	0	0	0	0	0	-1	-1	604	r-absent-complete-repair-zero	r-absent-complete-repair-zero
0	1696	1424	288	0	0	0	0	0	0	0	-1	-1	605	r-absent-complete-repair-zero	r-absent-complete-repair-zero
0	1677	1427	288	0	0	0	0	0	0	0	-1	-1	606	r-absent-complete-repair-zero	r-absent-complete-repair-zero
0	962	1432	288	0	0	0	0	0	0	0	-1	-1	607	r-absent-complete-repair-zero	r-absent-complete-repair-zero
0	1248	1432	288	0	0	0	0	0	0	0	-1	-1	608	r-absent-complete-repair-zero	r-absent-complete-repair-zero
0	1248	1435	288	0	0	0	0	0	0	0	-1	-1	609	r-absent-complete-repair-zero	r-absent-complete-repair-zero
0	1248	1437	288	0	0	0	0	0	0	0	-1	-1	610	r-absent-complete-repair-zero	r-absent-complete-repair-zero
0	1002	1460	288	0	0	0	0	0	0	0	-1	-1	611	r-absent-complete-repair-zero	r-absent-complete-repair-zero
0	1248	1463	288	0	0	0	0	0	0	0	-1	-1	612	r-absent-complete-repair-zero	r-absent-complete-repair-zero
0	1248	1465	288	0	0	0	0	0	0	0	-1	-1	613	r-absent-complete-repair-zero	r-absent-complete-repair-zero
0	1248	1467	288	0	0	0	0	0	0	0	-1	-1	614	r-absent-complete-repair-zero	r-absent-complete-repair-zero
0	1248	1469	288	0	0	0	0	0	0	0	-1	-1	615	r-absent-complete-repair-zero	r-absent-complete-repair-zero
0	1248	1471	288	0	0	0	0	0	0	0	-1	-1	616	r-absent-complete-repair-zero	r-absent-complete-repair-zero
0	1961	1471	288	0	0	0	0	0	0	0	-1	-1	617	g-omits-cell-local-dvd-type	g-omits-cell-local-dvd-type
0	1962	1471	288	0	0	0	0	0	0	0	-1	-1	618	g-omits-cell-local-dvd-type	g-omits-cell-local-dvd-type
0	1964	1471	288	0	0	0	0	0	0	0	-1	-1	619	g-omits-cell-local-dvd-type	g-omits-cell-local-dvd-type
0	1965	1471	288	0	0	0	0	0	0	0	-1	-1	620	g-omits-cell-local-dvd-type	g-omits-cell-local-dvd-type
0	1966	1471	288	0	0	0	0	0	0	0	-1	-1	621	g-omits-cell-local-dvd-type	g-omits-cell-local-dvd-type
0	1967	1471	288	0	0	0	0	0	0	0	-1	-1	622	g-omits-cell-local-dvd-type	g-omits-cell-local-dvd-type
0	1969	1471	288	0	0	0	0	0	0	0	-1	-1	623	g-omits-cell-local-dvd-type	g-omits-cell-local-dvd-type
0	1971	1471	288	0	0	0	0	0	0	0	-1	-1	624	g-omits-cell-local-dvd-type	g-omits-cell-local-dvd-type
0	1972	1471	288	0	0	0	0	0	0	0	-1	-1	625	g-omits-cell-local-dvd-type	g-omits-cell-local-dvd-type
0	1974	1471	288	0	0	0	0	0	0	0	-1	-1	626	g-omits-cell-local-dvd-type	g-omits-cell-local-dvd-type
0	1975	1471	288	0	0	0	0	0	0	0	-1	-1	627	g-omits-cell-local-dvd-type	g-omits-cell-local-dvd-type
0	1248	1473	288	0	0	0	0	0	0	0	-1	-1	628	r-absent-complete-repair-zero	r-absent-complete-repair-zero
0	1248	1476	288	0	0	0	0	0	0	0	-1	-1	629	r-absent-complete-repair-zero	r-absent-complete-repair-zero
0	1248	1478	288	0	0	0	0	0	0	0	-1	-1	630	r-absent-complete-repair-zero	r-absent-complete-repair-zero
0	1248	1480	288	0	0	0	0	0	0	0	-1	-1	631	r-absent-complete-repair-zero	r-absent-complete-repair-zero
0	1152	1484	288	0	0	0	0	0	0	0	-1	-1	632	r-absent-complete-repair-zero	r-absent-complete-repair-zero
0	1248	1484	288	0	0	0	0	0	0	0	-1	-1	633	r-absent-complete-repair-zero	r-absent-complete-repair-zero
0	1248	1486	288	0	0	0	0	0	0	0	-1	-1	634	r-absent-complete-repair-zero	r-absent-complete-repair-zero
0	1407	1488	288	0	0	0	0	0	0	0	-1	-1	635	r-absent-complete-repair-zero	r-absent-complete-repair-zero
0	1248	1489	288	0	0	0	0	0	0	0	-1	-1	636	r-absent-complete-repair-zero	r-absent-complete-repair-zero
0	1152	1490	288	0	0	0	0	0	0	0	-1	-1	637	r-absent-complete-repair-zero	r-absent-complete-repair-zero
0	1248	1491	288	0	0	0	0	0	0	0	-1	-1	638	r-absent-complete-repair-zero	r-absent-complete-repair-zero
0	1248	1493	288	0	0	0	0	0	0	0	-1	-1	639	r-absent-complete-repair-zero	r-absent-complete-repair-zero
0	1407	1493	288	0	0	0	0	0	0	0	-1	-1	640	r-absent-complete-repair-zero	r-absent-complete-repair-zero
0	1248	1495	288	0	0	0	0	0	0	0	-1	-1	641	r-absent-complete-repair-zero	r-absent-complete-repair-zero
0	1152	1496	288	0	0	0	0	0	0	0	-1	-1	642	r-absent-complete-repair-zero	r-absent-complete-repair-zero
0	1248	1497	288	0	0	0	0	0	0	0	-1	-1	643	r-absent-complete-repair-zero	r-absent-complete-repair-zero
0	1407	1497	288	0	0	0	0	0	0	0	-1	-1	644	r-absent-complete-repair-zero	r-absent-complete-repair-zero
0	1248	1499	288	0	0	0	0	0	0	0	-1	-1	645	r-absent-complete-repair-zero	r-absent-complete-repair-zero
0	1248	1502	288	0	0	0	0	0	0	0	-1	-1	646	r-absent-complete-repair-zero	r-absent-complete-repair-zero
0	1438	1503	288	0	0	0	0	0	0	0	-1	-1	647	r-absent-complete-repair-zero	r-absent-complete-repair-zero
0	1248	1504	288	0	0	0	0	0	0	0	-1	-1	648	r-absent-complete-repair-zero	r-absent-complete-repair-zero
0	1248	1506	288	0	0	0	0	0	0	0	-1	-1	649	r-absent-complete-repair-zero	r-absent-complete-repair-zero
0	1575	1506	288	0	0	0	0	0	0	0	-1	-1	650	r-absent-complete-repair-zero	r-absent-complete-repair-zero
0	1283	1507	288	0	0	0	0	0	0	0	-1	-1	651	r-absent-complete-repair-zero	r-absent-complete-repair-zero
0	1416	1507	288	0	0	0	0	0	0	0	-1	-1	652	r-absent-complete-repair-zero	r-absent-complete-repair-zero
0	1248	1508	288	0	0	0	0	0	0	0	-1	-1	653	r-absent-complete-repair-zero	r-absent-complete-repair-zero
0	1248	1510	288	0	0	0	0	0	0	0	-1	-1	654	r-absent-complete-repair-zero	r-absent-complete-repair-zero
0	1248	1512	288	0	0	0	0	0	0	0	-1	-1	655	r-absent-complete-repair-zero	r-absent-complete-repair-zero
0	1706	1512	288	0	0	0	0	0	0	0	-1	-1	656	r-absent-complete-repair-zero	r-absent-complete-repair-zero
0	1283	1513	288	0	0	0	0	0	0	0	-1	-1	657	r-absent-complete-repair-zero	r-absent-complete-repair-zero
0	1248	1514	288	0	0	0	0	0	0	0	-1	-1	658	r-absent-complete-repair-zero	r-absent-complete-repair-zero
0	1248	1517	288	0	0	0	0	0	0	0	-1	-1	659	r-absent-complete-repair-zero	r-absent-complete-repair-zero
0	1283	1518	288	0	0	0	0	0	0	0	-1	-1	660	r-absent-complete-repair-zero	r-absent-complete-repair-zero
0	1248	1519	288	0	0	0	0	0	0	0	-1	-1	661	r-absent-complete-repair-zero	r-absent-complete-repair-zero
0	1413	1520	288	0	0	0	0	0	0	0	-1	-1	662	r-absent-complete-repair-zero	r-absent-complete-repair-zero
0	1248	1521	288	0	0	0	0	0	0	0	-1	-1	663	r-absent-complete-repair-zero	r-absent-complete-repair-zero
0	1248	1523	288	0	0	0	0	0	0	0	-1	-1	664	r-absent-complete-repair-zero	r-absent-complete-repair-zero
0	1283	1524	288	0	0	0	0	0	0	0	-1	-1	665	r-absent-complete-repair-zero	r-absent-complete-repair-zero
0	1300	1524	288	0	0	0	0	0	0	0	-1	-1	666	r-absent-complete-repair-zero	r-absent-complete-repair-zero
0	1248	1525	288	0	0	0	0	0	0	0	-1	-1	667	r-absent-complete-repair-zero	r-absent-complete-repair-zero
0	1248	1527	288	0	0	0	0	0	0	0	-1	-1	668	r-absent-complete-repair-zero	r-absent-complete-repair-zero
0	1285	1527	288	0	0	0	0	0	0	0	-1	-1	669	r-absent-complete-repair-zero	r-absent-complete-repair-zero
0	1287	1527	288	0	0	0	0	0	0	0	-1	-1	670	r-absent-complete-repair-zero	r-absent-complete-repair-zero
0	1288	1527	288	0	0	0	0	0	0	0	-1	-1	671	r-absent-complete-repair-zero	r-absent-complete-repair-zero
0	1290	1527	288	0	0	0	0	0	0	0	-1	-1	672	r-absent-complete-repair-zero	r-absent-complete-repair-zero
0	1292	1527	288	0	0	0	0	0	0	0	-1	-1	673	r-absent-complete-repair-zero	r-absent-complete-repair-zero
0	1294	1527	288	0	0	0	0	0	0	0	-1	-1	674	r-absent-complete-repair-zero	r-absent-complete-repair-zero
0	1295	1527	288	0	0	0	0	0	0	0	-1	-1	675	r-absent-complete-repair-zero	r-absent-complete-repair-zero
0	1296	1527	288	0	0	0	0	0	0	0	-1	-1	676	r-absent-complete-repair-zero	r-absent-complete-repair-zero
0	1298	1527	288	0	0	0	0	0	0	0	-1	-1	677	r-absent-complete-repair-zero	r-absent-complete-repair-zero
0	1299	1527	288	0	0	0	0	0	0	0	-1	-1	678	r-absent-complete-repair-zero	r-absent-complete-repair-zero
0	1448	1527	288	0	0	0	0	0	0	0	-1	-1	679	r-absent-complete-repair-zero	r-absent-complete-repair-zero
0	1248	1530	288	0	0	0	0	0	0	0	-1	-1	680	r-absent-complete-repair-zero	r-absent-complete-repair-zero
0	1266	1531	288	0	0	0	0	0	0	0	-1	-1	681	r-absent-complete-repair-zero	r-absent-complete-repair-zero
0	1544	1531	288	0	0	0	0	0	0	0	-1	-1	682	r-absent-complete-repair-zero	r-absent-complete-repair-zero
0	1248	1532	288	0	0	0	0	0	0	0	-1	-1	683	r-absent-complete-repair-zero	r-absent-complete-repair-zero
0	1245	1533	288	0	0	0	0	0	0	0	-1	-1	684	r-absent-complete-repair-zero	r-absent-complete-repair-zero
0	1248	1534	288	0	0	0	0	0	0	0	-1	-1	685	r-absent-complete-repair-zero	r-absent-complete-repair-zero
0	1092	1536	288	0	0	0	0	0	0	0	-1	-1	686	r-absent-complete-repair-zero	r-absent-complete-repair-zero
0	1248	1536	288	0	0	0	0	0	0	0	-1	-1	687	r-absent-complete-repair-zero	r-absent-complete-repair-zero
0	1091	1537	288	0	0	0	0	0	0	0	-1	-1	688	r-absent-complete-repair-zero	r-absent-complete-repair-zero
0	1248	1538	288	0	0	0	0	0	0	0	-1	-1	689	r-absent-complete-repair-zero	r-absent-complete-repair-zero
0	1248	1540	288	0	0	0	0	0	0	0	-1	-1	690	r-absent-complete-repair-zero	r-absent-complete-repair-zero
0	1248	1543	288	0	0	0	0	0	0	0	-1	-1	691	r-absent-complete-repair-zero	r-absent-complete-repair-zero
0	1248	1545	288	0	0	0	0	0	0	0	-1	-1	692	r-absent-complete-repair-zero	r-absent-complete-repair-zero
0	1248	1547	288	0	0	0	0	0	0	0	-1	-1	693	r-absent-complete-repair-zero	r-absent-complete-repair-zero
0	1248	1549	288	0	0	0	0	0	0	0	-1	-1	694	r-absent-complete-repair-zero	r-absent-complete-repair-zero
0	1126	1561	288	0	0	0	0	0	0	0	-1	-1	695	r-absent-complete-repair-zero	r-absent-complete-repair-zero
0	1126	1562	288	0	0	0	0	0	0	0	-1	-1	696	r-absent-complete-repair-zero	r-absent-complete-repair-zero
0	1126	1563	288	0	0	0	0	0	0	0	-1	-1	697	r-absent-complete-repair-zero	r-absent-complete-repair-zero
0	1126	1564	288	0	0	0	0	0	0	0	-1	-1	698	r-absent-complete-repair-zero	r-absent-complete-repair-zero
0	1126	1565	288	0	0	0	0	0	0	0	-1	-1	699	r-absent-complete-repair-zero	r-absent-complete-repair-zero
0	1126	1566	288	0	0	0	0	0	0	0	-1	-1	700	r-absent-complete-repair-zero	r-absent-complete-repair-zero
0	1126	1567	288	0	0	0	0	0	0	0	-1	-1	701	r-absent-complete-repair-zero	r-absent-complete-repair-zero
0	1507	1567	290	0	0	0	0	0	0	0	-1	-1	702	r-absent-complete-repair-zero	r-absent-complete-repair-zero
0	1126	1568	288	0	0	0	0	0	0	0	-1	-1	703	r-absent-complete-repair-zero	r-absent-complete-repair-zero
0	1126	1569	288	0	0	0	0	0	0	0	-1	-1	704	r-absent-complete-repair-zero	r-absent-complete-repair-zero
0	1248	1569	288	0	0	0	0	0	0	0	-1	-1	705	r-absent-complete-repair-zero	r-absent-complete-repair-zero
0	1126	1570	288	0	0	0	0	0	0	0	-1	-1	706	r-absent-complete-repair-zero	r-absent-complete-repair-zero
0	1248	1571	288	0	0	0	0	0	0	0	-1	-1	707	r-absent-complete-repair-zero	r-absent-complete-repair-zero
0	1248	1573	288	0	0	0	0	0	0	0	-1	-1	708	r-absent-complete-repair-zero	r-absent-complete-repair-zero
0	1248	1575	288	0	0	0	0	0	0	0	-1	-1	709	r-absent-complete-repair-zero	r-absent-complete-repair-zero
0	1248	1577	288	0	0	0	0	0	0	0	-1	-1	710	r-absent-complete-repair-zero	r-absent-complete-repair-zero
0	950	1585	288	0	0	0	0	0	0	0	-1	-1	711	g-omits-cell-local-dvd-type	g-omits-cell-local-dvd-type
0	1248	1586	288	0	0	0	0	0	0	0	-1	-1	712	r-absent-complete-repair-zero	r-absent-complete-repair-zero
0	1462	1586	288	0	0	0	0	0	0	0	-1	-1	713	r-absent-complete-repair-zero	r-absent-complete-repair-zero
0	1248	1588	288	0	0	0	0	0	0	0	-1	-1	714	r-absent-complete-repair-zero	r-absent-complete-repair-zero
0	1248	1590	288	0	0	0	0	0	0	0	-1	-1	715	r-absent-complete-repair-zero	r-absent-complete-repair-zero
0	1248	1592	288	0	0	0	0	0	0	0	-1	-1	716	r-absent-complete-repair-zero	r-absent-complete-repair-zero
0	1369	1593	288	0	0	0	0	0	0	0	-1	-1	717	r-absent-complete-repair-zero	r-absent-complete-repair-zero
0	1248	1594	288	0	0	0	0	0	0	0	-1	-1	718	r-absent-complete-repair-zero	r-absent-complete-repair-zero
0	1139	1596	288	0	0	0	0	0	0	0	-1	-1	719	r-absent-complete-repair-zero	r-absent-complete-repair-zero
0	1139	1597	288	0	0	0	0	0	0	0	-1	-1	720	r-absent-complete-repair-zero	r-absent-complete-repair-zero
0	1248	1597	288	0	0	0	0	0	0	0	-1	-1	721	r-absent-complete-repair-zero	r-absent-complete-repair-zero
0	1139	1598	288	0	0	0	0	0	0	0	-1	-1	722	r-absent-complete-repair-zero	r-absent-complete-repair-zero
0	1139	1599	288	0	0	0	0	0	0	0	-1	-1	723	r-absent-complete-repair-zero	r-absent-complete-repair-zero
0	1248	1599	288	0	0	0	0	0	0	0	-1	-1	724	r-absent-complete-repair-zero	r-absent-complete-repair-zero
0	1388	1599	288	0	0	0	0	0	0	0	-1	-1	725	r-absent-complete-repair-zero	r-absent-complete-repair-zero
0	1139	1600	288	0	0	0	0	0	0	0	-1	-1	726	r-absent-complete-repair-zero	r-absent-complete-repair-zero
0	1139	1601	288	0	0	0	0	0	0	0	-1	-1	727	r-absent-complete-repair-zero	r-absent-complete-repair-zero
0	1248	1601	288	0	0	0	0	0	0	0	-1	-1	728	r-absent-complete-repair-zero	r-absent-complete-repair-zero
0	1139	1602	288	0	0	0	0	0	0	0	-1	-1	729	r-absent-complete-repair-zero	r-absent-complete-repair-zero
0	1139	1603	288	0	0	0	0	0	0	0	-1	-1	730	r-absent-complete-repair-zero	r-absent-complete-repair-zero
0	1248	1603	288	0	0	0	0	0	0	0	-1	-1	731	r-absent-complete-repair-zero	r-absent-complete-repair-zero
0	1139	1604	288	0	0	0	0	0	0	0	-1	-1	732	r-absent-complete-repair-zero	r-absent-complete-repair-zero
0	1139	1605	288	0	0	0	0	0	0	0	-1	-1	733	r-absent-complete-repair-zero	r-absent-complete-repair-zero
0	1248	1605	288	0	0	0	0	0	0	0	-1	-1	734	r-absent-complete-repair-zero	r-absent-complete-repair-zero
0	1248	1607	288	0	0	0	0	0	0	0	-1	-1	735	r-absent-complete-repair-zero	r-absent-complete-repair-zero
0	1360	1609	288	0	0	0	0	0	0	0	-1	-1	736	r-absent-complete-repair-zero	r-absent-complete-repair-zero
0	1248	1612	288	0	0	0	0	0	0	0	-1	-1	737	r-absent-complete-repair-zero	r-absent-complete-repair-zero
0	1248	1614	288	0	0	0	0	0	0	0	-1	-1	738	r-absent-complete-repair-zero	r-absent-complete-repair-zero
0	1360	1615	288	0	0	0	0	0	0	0	-1	-1	739	r-absent-complete-repair-zero	r-absent-complete-repair-zero
0	1248	1616	288	0	0	0	0	0	0	0	-1	-1	740	r-absent-complete-repair-zero	r-absent-complete-repair-zero
0	1248	1618	288	0	0	0	0	0	0	0	-1	-1	741	r-absent-complete-repair-zero	r-absent-complete-repair-zero
0	1248	1620	288	0	0	0	0	0	0	0	-1	-1	742	r-absent-complete-repair-zero	r-absent-complete-repair-zero
0	1248	1627	288	0	0	0	0	0	0	0	-1	-1	743	r-absent-complete-repair-zero	r-absent-complete-repair-zero
0	1248	1629	288	0	0	0	0	0	0	0	-1	-1	744	r-absent-complete-repair-zero	r-absent-complete-repair-zero
0	1248	1631	288	0	0	0	0	0	0	0	-1	-1	745	r-absent-complete-repair-zero	r-absent-complete-repair-zero
0	1281	1642	288	0	0	0	0	0	0	0	-1	-1	746	r-absent-complete-repair-zero	r-absent-complete-repair-zero
0	1248	1648	288	0	0	0	0	0	0	0	-1	-1	747	r-absent-complete-repair-zero	r-absent-complete-repair-zero
0	1364	1649	288	0	0	0	0	0	0	0	-1	-1	748	r-absent-complete-repair-zero	r-absent-complete-repair-zero
0	1248	1651	288	0	0	0	0	0	0	0	-1	-1	749	r-absent-complete-repair-zero	r-absent-complete-repair-zero
0	1248	1653	288	0	0	0	0	0	0	0	-1	-1	750	r-absent-complete-repair-zero	r-absent-complete-repair-zero
0	1248	1655	288	0	0	0	0	0	0	0	-1	-1	751	r-absent-complete-repair-zero	r-absent-complete-repair-zero
0	1248	1657	288	0	0	0	0	0	0	0	-1	-1	752	r-absent-complete-repair-zero	r-absent-complete-repair-zero
0	1248	1661	288	0	0	0	0	0	0	0	-1	-1	753	r-absent-complete-repair-zero	r-absent-complete-repair-zero
0	1194	1662	291	0	0	0	0	0	0	0	-1	-1	754	r-absent-complete-repair-zero	r-absent-complete-repair-zero
0	1248	1666	288	0	0	0	0	0	0	0	-1	-1	755	r-absent-complete-repair-zero	r-absent-complete-repair-zero
0	1248	1668	288	0	0	0	0	0	0	0	-1	-1	756	r-absent-complete-repair-zero	r-absent-complete-repair-zero
0	1248	1670	288	0	0	0	0	0	0	0	-1	-1	757	r-absent-complete-repair-zero	r-absent-complete-repair-zero
0	1248	1672	288	0	0	0	0	0	0	0	-1	-1	758	r-absent-complete-repair-zero	r-absent-complete-repair-zero
0	1248	1674	288	0	0	0	0	0	0	0	-1	-1	759	r-absent-complete-repair-zero	r-absent-complete-repair-zero
0	1248	1677	288	0	0	0	0	0	0	0	-1	-1	760	r-absent-complete-repair-zero	r-absent-complete-repair-zero
0	1248	1683	288	0	0	0	0	0	0	0	-1	-1	761	r-absent-complete-repair-zero	r-absent-complete-repair-zero
0	1665	1688	288	0	0	0	0	0	0	0	-1	-1	762	r-absent-complete-repair-zero	r-absent-complete-repair-zero
0	1665	1702	288	0	0	0	0	0	0	0	-1	-1	763	r-absent-complete-repair-zero	r-absent-complete-repair-zero
0	1365	1708	291	0	0	0	0	0	0	0	-1	-1	764	r-absent-complete-repair-zero	r-absent-complete-repair-zero
0	1307	1756	291	0	0	0	0	0	0	0	-1	-1	765	open-question:Q-tile-alias	r-absent-complete-repair-zero
0	1313	1801	291	0	0	0	0	0	0	0	-1	-1	766	r-absent-complete-repair-zero	r-absent-complete-repair-zero
0	1404	1814	291	0	0	0	0	0	0	0	-1	-1	767	r-absent-complete-repair-zero	r-absent-complete-repair-zero
0	1668	1817	288	0	0	0	0	0	0	0	-1	-1	768	r-absent-complete-repair-zero	r-absent-complete-repair-zero
0	1656	1838	288	0	0	0	0	0	0	0	-1	-1	769	r-absent-complete-repair-zero	r-absent-complete-repair-zero
0	1658	1838	288	0	0	0	0	0	0	0	-1	-1	770	r-absent-complete-repair-zero	r-absent-complete-repair-zero
0	1660	1838	288	0	0	0	0	0	0	0	-1	-1	771	r-absent-complete-repair-zero	r-absent-complete-repair-zero
0	1256	1856	288	0	0	0	0	0	0	0	-1	-1	772	g-omits-cell-local-dvd-type	g-omits-cell-local-dvd-type
0	1256	1857	288	0	0	0	0	0	0	0	-1	-1	773	g-omits-cell-local-dvd-type	g-omits-cell-local-dvd-type
0	1256	1878	288	0	0	0	0	0	0	0	-1	-1	774	g-omits-cell-local-dvd-type	g-omits-cell-local-dvd-type
0	1363	1958	288	0	0	0	0	0	0	0	-1	-1	775	g-omits-cell-local-dvd-type	g-omits-cell-local-dvd-type
